Date,Open,High,Low,Close,Volume
2010-01-04,11.513768150670254,11.665651639082688,11.503968974772459,11.621556282043457,4967500
2010-01-05,11.660753833029627,11.709748785504742,11.57256403997561,11.655855178833008,5501300
2010-01-06,11.660755391556366,11.75384572025104,11.646057558000075,11.699951171875,5656500
2010-01-07,11.646055221557617,11.660753052165214,11.567663676647333,11.646055221557617,3127300
2010-01-08,11.680353653588629,11.793041404271893,11.631358694965133,11.783242225646973,3014200
2010-01-11,11.935126458879457,11.940026048096698,11.807739942734475,11.900830268859863,5566400
2010-01-12,11.587260713467446,11.675451432208147,11.484372164603894,11.508869171142578,6107200
2010-01-13,11.601957260327632,11.695047549481643,11.50396738390228,11.685248374938965,4210100
2010-01-14,11.778344579277531,11.84203737679057,11.744047451153847,11.83223819732666,4347300
2010-01-15,11.704850051543904,11.729347996820898,11.538267761664578,11.58236312866211,4217500
2010-01-19,11.577462804380408,11.773442616146436,11.533368374684153,11.753844261169434,3202100
2010-01-20,11.47457535122614,11.484374529659986,11.317792234288982,11.405982971191406,4879900
2010-01-21,11.391285514831543,11.425581708796866,11.023824691772461,11.023824691772461,9086100
2010-01-22,11.023821152149297,11.077715687933425,10.798445701599121,10.798445701599121,6838800
2010-01-25,10.999326842354552,11.018924265489341,10.89643733376825,10.9650297164917,4901500
2010-01-26,10.778847867683108,10.925831782987501,10.720053740860786,10.769048690795898,6995700
2010-01-27,10.666159120375118,10.754349834952539,10.543672224462222,10.720052719116211,6399900
2010-01-28,10.896433040393955,10.901332627872415,10.577967330300082,10.622062683105469,4108800
2010-01-29,10.60246663309433,10.671059938171384,10.323196627747722,10.337895393371582,11208800
2010-02-01,10.426086813716125,10.587769508361816,10.401588869375248,10.587769508361816,6584200
2010-02-02,10.56816934759285,10.700455420932885,10.509376160220075,10.661259651184082,5981400
2010-02-03,10.60736511891598,10.651460476702537,10.50937616177986,10.528973579406738,5006300
2010-02-04,10.372195889572177,10.391793317381484,10.014534187914842,10.029232025146484,7085700
2010-02-05,10.029228102619987,10.117418829523011,9.813651808524803,10.088022232055664,11707300
2010-02-08,10.137016898849728,10.22030803474703,10.009630400742031,10.024328231811523,5037900
2010-02-09,10.279101611022105,10.445683889023499,10.17621305169824,10.318297386169434,5574900
2010-02-10,10.254603385925293,10.313396574423653,10.09292071580348,10.254603385925293,6618500
2010-02-11,10.406486609772163,10.612264633178711,10.332994658805722,10.612264633178711,5278800
2010-02-12,10.323196932379938,10.475080443637982,10.259504148465593,10.42608642578125,9460900
2010-02-16,10.710258799922908,10.857242760535259,10.671063014792866,10.847443580627441,3777700
2010-02-17,11.004225497262404,11.02382385489832,10.911136101995185,10.9650297164917,6785900
2010-02-18,10.901335886304762,11.058118994475272,10.901335886304762,11.048319816589355,3988600
2010-02-19,10.87683991063346,11.004225497262404,10.827844951044797,10.9650297164917,4593200
2010-02-22,11.146311919028175,11.151211508934926,11.053221579802322,11.112015724182129,4884000
2010-02-23,11.131610565476592,11.161008098093452,10.847440958353982,10.886636734008789,5147600
2010-02-24,10.818042367231618,10.955228024000254,10.783746186664667,10.945428848266602,4680000
2010-02-25,10.484881435104874,10.710257881144647,10.430987819237593,10.690659523010254,8232300
2010-02-26,10.813147385451307,10.901338135619211,10.70045962001509,10.847443580627441,6337000
2010-03-01,11.028724233306452,11.156110763549805,10.994428039491163,11.156110763549805,5769700
2010-03-02,11.229597825955471,11.31288894640958,11.195301647150977,11.214899063110352,5385200
2010-03-03,11.327589233276841,11.420678606984556,11.293292115357202,11.342287063598633,3270100
2010-03-04,11.342286794078536,11.35698555855196,11.229599069951616,11.278594017028809,3726100
2010-03-05,11.445181010018528,11.577466206987802,11.420683059097348,11.567667961120605,3570200
2010-03-08,11.567662902545218,11.582360732169244,11.503969192504883,11.503969192504883,4780600
2010-03-09,11.484371557477717,11.68524999087828,11.484371557477717,11.621556282043457,6434000
2010-03-10,11.650956913463578,11.739146716534286,11.582363598407118,11.660755157470703,4436700
2010-03-11,11.592160078387248,11.631355848794692,11.523567713799439,11.626456260681152,3077000
2010-03-12,11.680350402929381,11.68524999087828,11.582360512953125,11.621556282043457,2974600
2010-03-15,11.499070167541504,11.528467697230806,11.405980793694784,11.499070167541504,4209400
2010-03-16,11.577463683319914,11.704850196838379,11.53336925027609,11.704850196838379,4231800
2010-03-17,11.807741571107996,11.891032730285362,11.788143211536278,11.837138175964355,6219500
2010-03-18,11.793038688012087,11.812637040747893,11.709747557886706,11.748943328857422,6315100
2010-03-19,11.636256217956543,11.807738075437143,11.601960033360612,11.636256217956543,3420700
2010-03-22,11.499071018920374,11.739145255485708,11.494171430276063,11.714648246765137,5938200
2010-03-23,11.773441264142113,11.886128988816372,11.724446316826945,11.881229400634766,3924800
2010-03-24,11.665653205126453,11.75384393104399,11.636256607987601,11.641156196594238,6282600
2010-03-25,11.79793874809849,11.85183328577677,11.646055246324433,11.670552253723145,4700700
2010-03-26,11.704847873046585,11.748943231837123,11.592160149248942,11.675451278686523,4513800
2010-03-29,11.812639666417995,11.895930815057028,11.788141720052927,11.866533279418945,5755000
2010-03-30,11.910627342124133,11.940024874538157,11.822436613884056,11.886130332946777,3576300
2010-03-31,11.7391443697231,11.812637259341463,11.699948598027065,11.763642311096191,5340900
2010-04-01,11.900826756518713,11.98901653289795,11.891027580976303,11.98901653289795,3512600
2010-04-05,12.038015404589759,12.082110774419847,11.979222201150385,12.06251335144043,4393200
2010-04-06,12.018416556672788,12.150701715977833,12.008617379094337,12.14090347290039,4899200
2010-04-07,12.09680780398345,12.1066060468144,11.984119133668155,12.052712440490723,5255800
2010-04-08,11.935125674440512,12.077210014397597,11.89592989777983,12.047813415527344,3481600
2010-04-09,12.101708085520722,12.160501283876515,12.077210140788276,12.145803451538086,3822400
2010-04-12,12.12130429515533,12.15070089139473,12.091907698915929,12.106605529785156,3210800
2010-04-13,12.087011902310683,12.091911492304472,11.959625365975887,12.082112312316895,3379100
2010-04-14,12.224193493981932,12.317282868950265,12.19969555227901,12.30748462677002,3544500
2010-04-15,12.238893181025627,12.302586904614028,12.219295759191471,12.282988548278809,3338500
2010-04-16,12.189899233295316,12.219296770230534,11.910629173918744,11.99392032623291,4834800
2010-04-19,11.812640671117672,11.935127609857584,11.76364570872147,11.915529251098633,4721100
2010-04-20,12.087011337280273,12.116407941367568,12.033116784369238,12.087011337280273,3812400
2010-04-21,12.042915130276294,12.067412142903132,11.910629019288649,12.028216361999512,3487700
2010-04-22,11.827338908843487,11.954725441615357,11.72445032535537,11.944926261901855,4556400
2010-04-23,11.74894580662868,11.900830268859863,11.690152605023973,11.900830268859863,4887500
2010-04-26,11.935126418929013,11.964523019632967,11.842036093115226,11.87633228302002,3178400
2010-04-27,11.704849303867672,11.758743845533353,11.38638351161801,11.440278053283691,5619000
2010-04-28,11.621557452629311,11.699948998705995,11.518668898841517,11.636256217956543,4527900
2010-04-29,11.69994950419888,11.763643222201145,11.665653318121192,11.739145278930664,3594700
2010-04-30,11.719545792223409,11.734244555593758,11.454973658562036,11.484371185302734,5310100
2010-05-03,11.601959254614329,11.68525038354276,11.53336689002652,11.626456260681152,4666000
2010-05-04,11.16590863147636,11.170807286159246,10.95523096907098,11.01892375946045,8712700
2010-05-05,10.876835880456275,11.08751253997391,10.837640114208718,10.925829887390137,8141400
2010-05-06,10.710254908550283,10.798445626675724,8.951342937717893,10.195809364318848,12797400
2010-05-07,10.332996215124831,10.455483130017727,9.999831657095992,10.210509300231934,11688500
2010-05-10,10.930731666573081,11.053218577467673,10.862139295512419,10.98952579498291,15628600
2010-05-11,10.66126013692346,10.920932707403306,10.66126013692346,10.739651679992676,8974300
2010-05-12,10.808246437473322,10.867040575031691,10.749453234416064,10.818045616149902,5897300
2010-05-13,10.832744128137747,10.935632698306778,10.739653801912606,10.754352569580078,6030200
2010-05-14,10.602469026008176,10.636765219036667,10.318299367984888,10.391791343688965,10178300
2010-05-17,10.38688931379407,10.460381265620267,10.058624390102914,10.288899421691895,11222300
2010-05-18,10.337894570178515,10.367291164584461,9.95573510489767,10.01452922821045,6054700
2010-05-19,9.676465207272635,9.749957161187185,9.44619016914014,9.666666030883789,10444100
2010-05-20,9.191417883569931,9.28450819728626,8.946444062369777,9.049332618713379,10603000
2010-05-21,9.024834115854818,9.455987558586394,8.9758391728283,9.451088905334473,14377300
2010-05-24,9.524581199826075,9.627469742881658,9.426591310200985,9.431490898132324,5306000
2010-05-25,9.00033826053602,9.357999801635742,8.961142488011406,9.357999801635742,7534600
2010-05-26,9.436392794326409,9.59807549760688,9.240413901638124,9.279609680175781,8416400
2010-05-27,9.705866244288927,9.921443551008242,9.666670455294627,9.916543960571289,5902800
2010-05-28,9.936136309981823,9.970432487786619,9.749955724040422,9.852845191955566,5657600
2010-06-01,9.598074456462847,9.779354562097382,9.52458249648936,9.544179916381836,5043400
2010-06-02,9.57357891613423,9.838150199512473,9.534382201336296,9.828351020812988,3952300
2010-06-03,9.96063659897476,10.00963155536024,9.745059351579286,9.857748031616211,19465800
2010-06-04,9.578474871903252,9.617670641155252,9.274707893825456,9.348199844360352,11611200
2010-06-07,9.357998518046776,9.372696346664398,9.127722568362131,9.137521743774414,4612000
2010-06-08,9.309007112653132,9.563780163174444,9.245314317273383,9.519684791564941,7714500
2010-06-09,9.622571464953685,9.789153739294106,9.490286310801798,9.544179916381836,6151800
2010-06-10,9.970435056801737,10.078223205461393,9.936138870160073,10.053726196289062,6263200
2010-06-11,9.916539071579368,10.127216683994732,9.906739895536592,10.10761833190918,4051400
2010-06-14,10.293801950739713,10.391790936336982,10.166415428412243,10.181114196777344,6416300
2010-06-15,10.1762129683162,10.445683803433466,10.1762129683162,10.401588439941406,5916700
2010-06-16,10.225205386945518,10.401585862710471,10.225205386945518,10.332993507385254,7466000
2010-06-17,10.35259472417418,10.377092670429393,10.18601336214422,10.308500289916992,6823600
2010-06-18,10.426086383270876,10.455482980765254,10.362392665115241,10.401588439941406,2707100
2010-06-21,10.66126233259267,10.68575934440908,10.43588589897709,10.514277458190918,4570500
2010-06-22,10.50937760770103,10.538774205436278,10.264403779404978,10.318297386169434,4950100
2010-06-23,10.280204180454811,10.349464154620737,10.116947853066288,10.260415077209473,5196700
2010-06-24,10.131786842839373,10.161470492158236,9.993266920402823,10.052632331848145,6309500
2010-06-25,10.027898664723496,10.13673590057973,9.889377774327624,10.112000465393066,5201500
2010-06-28,10.052634754677987,10.052634754677987,9.914114798856131,9.973480224609375,6019700
2010-06-29,9.671703225066006,9.671703225066006,9.429292352863962,9.498553276062012,8047700
2010-06-30,9.434239737413515,9.557918813034766,9.350137928247207,9.389715194702148,9161800
2010-07-01,9.374874694813181,9.454029230976117,9.181934687269086,9.394662857055664,9332300
2010-07-02,9.498553385150585,9.538130651605526,9.30561338553584,9.389715194702148,3913700
2010-07-06,9.637073455658411,9.755805256374945,9.478764388036367,9.538130760192871,3681600
2010-07-07,9.548024557212162,9.849801813056148,9.538130947988346,9.834959983825684,7128500
2010-07-08,10.116950963332105,10.181263681458429,9.958640919489099,10.067479133605957,6486600
2010-07-09,10.072423602345047,10.171366290611509,10.042739946628345,10.141683578491211,3152100
2010-07-12,10.072423934936523,10.151578465601938,10.027899393487674,10.072423934936523,5539200
2010-07-13,10.136735214128933,10.26536154430113,10.12684066328577,10.201048851013184,4521700
2010-07-14,10.215891103447335,10.33462289869615,10.181261114449317,10.255468368530273,4546000
2010-07-15,10.265363102187106,10.285152206876653,10.057582220929099,10.245573997497559,6255800
2010-07-16,10.107054976395949,10.121895862693021,9.884432245974503,9.914115905761719,3752400
2010-07-19,9.94379711151123,9.988321650832338,9.825065321187072,9.94379711151123,2209800
2010-07-20,9.973483409020629,10.309890741021189,9.958641576045286,10.285155296325684,3632300
2010-07-21,10.285149533531557,10.299990414594786,10.003160526579576,10.052632331848145,5209300
2010-07-22,10.27030952050111,10.453354005607844,10.26536224474196,10.36925220489502,4868700
2010-07-23,10.448409701598678,10.57208878879584,10.398937878000503,10.542405128479004,3177100
2010-07-26,10.577034272082994,10.710607901986824,10.547351557747634,10.69081974029541,2663700
2010-07-27,10.730398710032464,10.760081429078038,10.586930504718378,10.651244163513184,7284800
2010-07-28,10.572084804300374,10.631450215366813,10.512718449637742,10.577031135559082,3921100
2010-07-29,10.740289633045085,10.779867839997468,10.527562432254367,10.666082382202148,4259100
2010-07-30,10.527562992337932,10.720502043513521,10.507773887808929,10.66113567352295,3763400
2010-08-02,10.918389003579865,11.047015359683414,10.859023573745299,11.012385368347168,3979100
2010-08-03,10.908493800730652,10.987648331524436,10.839233822185198,10.89365291595459,3517200
2010-08-04,10.933230449503998,11.037120419870222,10.883758630645408,11.007437705993652,3361900
2010-08-05,10.913442429252582,10.943126089675989,10.84912971886164,10.92333698272705,6518900
2010-08-06,10.809551122620107,10.938177471220751,10.735343867857239,10.918388366699219,5424300
2010-08-09,11.07174869965122,11.086590526095002,10.972806020814964,11.02227783203125,4739900
2010-08-10,10.760079997985478,10.898600907769225,10.680925461993764,10.829339981079102,4187200
2010-08-11,10.423672422902598,10.443461528081164,10.314835175209897,10.334623336791992,4491900
2010-08-12,10.191156085913569,10.349465152758627,10.176314257048169,10.309887886047363,5651100
2010-08-13,10.393988222547705,10.478090020338382,10.379146395785938,10.38904094696045,2504400
2010-08-16,10.359359456145219,10.537456680263615,10.339570351467371,10.502826690673828,1650100
2010-08-17,10.631453368028215,10.774921550575991,10.616611539062298,10.69081974029541,3355200
2010-08-18,10.730397912195432,10.730397912195432,10.54735244723168,10.616612434387207,2609300
2010-08-19,10.537457006375417,10.572087940633404,10.324729786083779,10.408831596374512,3032000
2010-08-20,10.290098304800498,10.43851375579834,10.25052103992036,10.43851375579834,1548200
2010-08-23,10.463251045421966,10.53251197892485,10.339571952819824,10.339571952819824,2714800
2010-08-24,10.097161293029785,10.1713685616979,10.003164916131976,10.097161293029785,4498800
2010-08-25,9.958638471458109,10.102106648036944,9.864643056040702,10.072423934936523,3418500
2010-08-26,10.225784403827932,10.285150765983222,10.087263521196464,10.116947174072266,3685100
2010-08-27,10.27525632067623,10.487984450491874,10.126840885560133,10.473142623901367,7941400
2010-08-30,10.487985351669392,10.542403499984468,10.39893627166748,10.39893627166748,3346000
2010-08-31,10.379147747476996,10.487985937378102,10.32967592875799,10.41872501373291,2943400
2010-09-01,10.824391499237949,11.04701419667144,10.824391499237949,10.997542381286621,7169600
2010-09-02,10.938177725749503,11.022279534730167,10.923335897012988,11.007437705993652,4895300
2010-09-03,11.121223052684279,11.150906712356203,11.032173960861568,11.091540336608887,5474700
2010-09-07,11.027227562359991,11.08659299415823,10.953019357217403,10.992596626281738,8633200
2010-09-08,11.032173396220438,11.155852474400472,11.027227063458142,11.096487045288086,4995000
2010-09-09,11.368579589411908,11.368579589411908,11.230059638550982,11.25479507446289,2975900
2010-09-10,11.230059623718262,11.274584163178007,11.175640532468263,11.230059623718262,3097500
2010-09-13,11.44773448462397,11.51204812981648,11.437840876099022,11.49225902557373,3411100
2010-09-14,11.452681454271804,11.65056777342278,11.418051466369933,11.586255073547363,4920000
2010-09-15,11.521939142870124,11.591199099253073,11.447730968349951,11.581304550170898,7392200
2010-09-16,11.408158921624782,11.47741985321045,11.3685816508315,11.47741985321045,3532800
2010-09-17,11.516994988641505,11.531835872689488,11.40320953056075,11.437840461730957,2418300
2010-09-20,11.581309575551378,11.72972410179972,11.536785028957567,11.695094108581543,4137500
2010-09-21,11.625833148324304,11.73467039555006,11.51699590109855,11.645622253417969,5602000
2010-09-22,11.704989404545222,11.77919667237725,11.596152141298019,11.655517578125,5565500
2010-09-23,11.536787417722389,11.680255640585461,11.497210139621668,11.54173469543457,6323400
2010-09-24,11.744565463642212,11.873191821607879,11.734670910661043,11.848456382751465,3784200
2010-09-27,11.878137382442773,11.947397356114157,11.84845467138309,11.863295555114746,2837200
2010-09-28,11.947401287293172,12.076027669003583,11.803934016967851,12.061185836791992,5454400
2010-09-29,11.932554622261598,11.996867310185408,11.873188265750507,11.937500953674316,3480600
2010-09-30,11.883083985823205,11.93750212908735,11.650566755489452,11.744563102722168,5408300
2010-10-01,11.848456009400284,11.878138723811963,11.719829655487704,11.868244171142578,3745600
2010-10-04,11.833611812421015,11.88803089761658,11.68519732646475,11.764351844787598,6100000
2010-10-05,11.858351794590707,12.066132720795146,11.823721797489409,12.031502723693848,5629000
2010-10-06,12.125496682842217,12.19970393946938,12.100760301568855,12.135391235351562,2675200
2010-10-07,12.303592499163075,12.31348610618268,12.06118072705526,12.105705261230469,5242600
2010-10-08,12.12549510126268,12.313486856437363,12.085917839983992,12.298645973205566,4598100
2010-10-11,12.254121186690154,12.303592998179814,12.184860273166102,12.234332084655762,3550400
2010-10-12,12.066130491970732,12.155179578694668,11.932557805481306,12.125496864318848,5713700
2010-10-13,12.140336664078689,12.298645705750744,12.11560028656973,12.209596633911133,4078200
2010-10-14,12.298648074498669,12.367908057670745,12.214546261962647,12.313488960266113,2461700
2010-10-15,12.367906125890844,12.397588836386003,12.17496709227778,12.288751602172852,2474100
2010-10-18,12.194757878437079,12.343173350077645,12.14528605455689,12.249176979064941,2517000
2010-10-19,11.952344798674345,12.01665844106353,11.77919391848335,11.828665733337402,6438600
2010-10-20,11.922660792817975,12.194754329580885,11.897924416278258,12.105705261230469,3360500
2010-10-21,12.066129044656172,12.17496722363999,11.853400906020195,11.97213363647461,4067300
2010-10-22,12.071076946057545,12.095813326016163,12.001816969366233,12.041394233703613,2391600
2010-10-25,12.397588462963586,12.447060274696302,12.298645783094482,12.308539390563965,2989600
2010-10-26,12.140341588341828,12.224442475195621,12.115605200799505,12.19970703125,2304500
2010-10-27,11.912764800105515,11.986972033548964,11.78908576316771,11.97707748413086,2799100
2010-10-28,12.170018507376552,12.18485938922941,12.03644490912331,12.100757598876953,4193700
2010-10-29,12.036445294111825,12.105705261230469,12.006762585860448,12.105705261230469,2473100
2010-11-01,12.288753440440932,12.33327798464225,12.125497092901597,12.189809799194336,3815600
2010-11-02,12.486639577859757,12.51137595957052,12.442115034376863,12.45695686340332,3582400
2010-11-03,12.476745468795729,12.575689111963838,12.30854184156785,12.560847282409668,4182400
2010-11-04,12.882414865562206,12.99125212843194,12.842836649686008,12.98135757446289,5239200
2010-11-05,12.966513090991315,13.040721286982048,12.936830378752866,12.996196746826172,4686900
2010-11-08,12.798312230246779,12.907149486196174,12.768628570227046,12.872519493103027,2889900
2010-11-09,12.872516974572932,12.892305133784625,12.570739761924674,12.595475196838379,6792400
2010-11-10,12.570741135342264,12.659790220514841,12.432220231340871,12.649895668029785,4129300
2010-11-11,12.536108565293912,12.536108565293912,12.437164947999003,12.506425857543945,5600600
2010-11-12,12.417379854183134,12.456957122145932,12.170021693516523,12.264018058776855,3297700
2010-11-15,12.372853193568918,12.432218613561226,12.259068685586714,12.273909568786621,3676500
2010-11-16,12.229389095413158,12.229389095413158,11.952348175006124,12.031502723693848,5765500
2010-11-17,12.021608169208719,12.100762717896442,11.982030894864858,12.031502723693848,3704000
2010-11-18,12.23433269294532,12.338223596598683,12.21949180927796,12.278857231140137,3594100
2010-11-19,12.105708177933627,12.179916381835938,12.046342747127591,12.179916381835938,2756300
2010-11-22,12.130444357127166,12.184862510521235,11.97708161898949,12.165074348449707,2429800
2010-11-23,11.818773983159344,11.868245809740158,11.68520127806674,11.729724884033203,8565900
2010-11-24,11.957295452248687,12.071079998037709,11.94740089776356,12.031502723693848,3301800
2010-11-26,11.719831833625964,11.789091827990724,11.695095447355227,11.700042724609375,3722200
2010-11-29,11.704988936924314,11.843509856647623,11.606045288036727,11.83361530303955,7119900
2010-11-30,11.601097891527589,11.739617854958247,11.586256062475814,11.635727882385254,7780000
2010-12-01,11.843508983126096,11.977081672597107,11.818772600930354,11.957293510437012,4684000
2010-12-02,12.05129268485312,12.288756347708176,12.036450852075909,12.23928451538086,3499800
2010-12-03,12.273910231190476,12.427272952239417,12.273910231190476,12.3926420211792,3089500
2010-12-06,12.308542069400367,12.367908445119413,12.273912076729477,12.318436622619629,2360600
2010-12-07,12.560846173083105,12.575688001326501,12.338224411010742,12.338224411010742,3018700
2010-12-08,12.313488548411321,12.318435824700497,12.135391319983382,12.25907039642334,4501800
2010-12-09,12.432221574266771,12.442116127820634,12.308542485633174,12.372856140136719,2539300
2010-12-10,12.466851234436035,12.486639395919836,12.407484862791698,12.466851234436035,1506200
2010-12-13,12.610320476544539,12.69442229931241,12.575690480745406,12.615267753601074,2024300
2010-12-14,12.669686702801284,12.783471242921292,12.640003040824809,12.674633979797363,5172200
2010-12-15,12.57568903217507,12.635055406418578,12.417379958987727,12.43716812133789,5240500
2010-12-16,12.526219009613985,12.580638115185165,12.452011738851148,12.570743560791016,2250300
2010-12-17,12.471795316877849,12.511373519897461,12.41242989954102,12.511373519897461,1658200
2010-12-20,12.526214402433519,12.555897111101933,12.447059883586885,12.511373519897461,1242700
2010-12-21,12.651892662048342,12.687403031187378,12.631600469634611,12.65189266204834,1895000
2010-12-22,12.677263471867166,12.74321216363249,12.672190421147873,12.72799301147461,2079100
2010-12-23,12.768572394728485,12.824374967334002,12.75335324740375,12.783791542053223,1829300
2010-12-27,12.753353659495508,12.76857280731201,12.65189557680779,12.768572807312012,1769500
2010-12-28,12.930908122661096,12.930908122661096,12.783793545803755,12.804084777832031,1382700
2010-12-29,12.900471687316895,12.935982071523098,12.870034353366634,12.900471687316895,1211900
2010-12-30,12.895398139953612,12.915689372609775,12.814231274158237,12.895398139953613,981700
2010-12-31,12.799014056174634,12.925837424073912,12.758430617150285,12.905546188354492,1096200
2011-01-03,12.961343850261251,13.057729851325467,12.920760423642404,12.981636047363281,2191400
2011-01-04,12.717843686278899,12.72291673571226,12.530145695170742,12.646822929382324,4275000
2011-01-05,12.448978929042232,12.580874344918325,12.428686731162678,12.560583114624023,2853400
2011-01-06,12.53014857658215,12.545366760796538,12.377959961340006,12.433762550354004,4409300
2011-01-07,12.428688827475007,12.459126161842866,12.266355087399203,12.388105392456055,4693500
2011-01-10,12.32722460333564,12.42868363226569,12.261276911840614,12.403319358825684,3859700
2011-01-11,12.357668513789442,12.408397083744736,12.312012026761318,12.38303279876709,4154900
2011-01-12,12.504779005976982,12.565654624572018,12.438831306118733,12.535216331481934,5263900
2011-01-13,12.682332722721098,12.743208345527648,12.585946723104563,12.62145709991455,3870100
2011-01-14,12.550437789383356,12.651896849865286,12.535218640035472,12.626531600952148,2690800
2011-01-18,12.692478365912505,12.738134839483678,12.656967990376074,12.733061790466309,2470000
2011-01-19,12.849740898025315,12.870033097068282,12.672188026740585,12.722917556762695,1851100
2011-01-20,12.494634214900532,12.54029069172503,12.372883932563619,12.50985336303711,3500500
2011-01-21,12.555511713241891,12.565657813513486,12.46419874596829,12.499709129333496,2170400
2011-01-24,12.56058324659886,12.748281241030627,12.550437147552477,12.697552680969238,1437800
2011-01-25,12.565656979985066,12.636677742004396,12.494635250380421,12.636677742004395,4466100
2011-01-26,12.682332267877763,12.76857216600274,12.641748843323962,12.733061790466309,5997800
2011-01-27,12.677260482876473,12.717843911476741,12.6163858237687,12.697552680969238,5493300
2011-01-28,12.687404556933345,12.717841881629242,12.428684878055446,12.464195251464844,3778000
2011-01-31,12.550438682964197,12.646824700526103,12.520001349686629,12.616387367248535,3533400
2011-02-01,12.768575148954854,12.935981935296452,12.753355998347294,12.870034217834473,4097800
2011-02-02,12.804081549480982,12.85481106813901,12.778717273944512,12.829446792602539,2644200
2011-02-03,12.920759574217444,13.01714556894514,12.834519677373748,13.00192642211914,2432300
2011-02-04,13.179483144786637,13.189629245657647,13.042513685784304,13.118608474731445,3328500
2011-02-07,13.143969621035126,13.220063424228478,13.138896571810875,13.164261817932129,2173000
2011-02-08,13.17947891983815,13.280937960852635,13.143968545758618,13.240354537963867,3326200
2011-02-09,13.164260921463315,13.20991739378722,13.093239204745494,13.174406051635742,2101800
2011-02-10,13.047586736219808,13.123681525166951,13.007003300321202,13.118608474731445,7575300
2011-02-11,12.976563447234572,13.118605929109538,12.961344298881281,13.08309555053711,3467400
2011-02-14,13.143967905955662,13.214988650657682,13.128748760268767,13.204843521118164,2471400
2011-02-15,13.128751018096517,13.154116265270218,13.042511112876424,13.072949409484863,3041700
2011-02-16,13.108460826562338,13.245430269397055,13.093241677052262,13.199773788452148,4499200
2011-02-17,13.194701858177115,13.367181696918156,13.164264524159698,13.34688949584961,6705500
2011-02-18,13.291085881121612,13.36717968852491,13.265720633597008,13.3265962600708,3100800
2011-02-22,13.001928101870673,13.057730679856794,12.804084005498462,12.844667434692383,3804000
2011-02-23,12.900471190013993,12.956273773092825,12.77364784126055,12.895398139953613,3130400
2011-02-24,12.956271627100975,13.012073233351831,12.819302200913485,12.95119857788086,3258100
2011-02-25,13.103384485042353,13.214988650657682,13.103384485042353,13.204843521118164,2411100
2011-02-28,13.21498979132604,13.270792362742913,13.184552464910093,13.245428085327148,2147100
2011-03-01,13.189626085715036,13.209918282595495,12.935979430220517,12.95119857788086,5554300
2011-03-02,13.032365668135856,13.159188998198253,13.032365668135856,13.10845947265625,4476800
2011-03-03,13.179479415909908,13.250501134327335,13.133822942493405,13.245428085327148,3202200
2011-03-04,13.189626096468178,13.19977219491668,13.04758362094477,13.164261817932129,5095500
2011-03-07,13.13889513203019,13.15918732670354,12.880175455455534,12.956270217895508,3327000
2011-03-08,12.956270198234868,13.10845778771368,12.910613727874205,13.052655220031738,5150700
2011-03-09,12.966418266296387,13.012074747003282,12.900470553933822,12.966418266296387,3834900
2011-03-10,12.616385507442816,12.621457589253575,12.49970730650537,12.519999504089355,4542200
2011-03-11,12.403323392141806,12.697553510614771,12.393177292432487,12.667115211486816,4449700
2011-03-14,12.464195582775336,12.54028938033028,12.383028736372044,12.535216331481934,3623100
2011-03-15,11.921395440896353,12.220698637883137,11.875738955418,12.175042152404785,8315600
2011-03-16,12.114163829427845,12.159820304781265,11.753986043401097,11.896028518676758,8030200
2011-03-17,12.104018896394399,12.139529273897347,11.997486796300333,12.043143272399902,4044600
2011-03-18,12.398253363115264,12.418544599892526,12.317086480835096,12.377961158752441,7022900
2011-03-21,12.646821065714368,12.692477536301324,12.621455822285448,12.656967163085938,3813500
2011-03-22,12.68740448761554,12.717841812145142,12.6366749683428,12.656967163085938,3228900
2011-03-23,12.631605226022659,12.814231156173438,12.591021793498637,12.758428573608398,3387500
2011-03-24,12.941055152707406,13.057732406116756,12.890325617612133,13.017148971557617,4404600
2011-03-25,13.052657211745904,13.154116265270218,13.022219882722707,13.072949409484863,4292400
2011-03-28,13.078022416687691,13.138897074537507,13.057730219014259,13.062803268432617,3866500
2011-03-29,13.067877708073828,13.286014018343396,13.04251245828356,13.270794868469238,5391600
2011-03-30,13.41283344821007,13.488927240192034,13.382395157349235,13.463562965393066,3680800
2011-03-31,13.468639991922034,13.559952962864216,13.448348758149002,13.504151344299316,4715400
2011-04-01,13.605605852973286,13.707064897783537,13.539658151156234,13.661408424377441,5886600
2011-04-04,13.615749507666157,13.646186828613283,13.559946946275602,13.646186828613281,2723600
2011-04-05,13.565023235245315,13.681700466406005,13.549804087343182,13.630971908569336,2746800
2011-04-06,13.813598314687235,13.894765176961101,13.79330708291143,13.849108695983887,5599800
2011-04-07,13.894762248896306,13.940418720252262,13.732428558557405,13.838960647583008,3902800
2011-04-08,14.062169656646025,14.07738880368337,13.925201203650587,13.981002807617188,3293500
2011-04-11,14.158555783149572,14.183920060860318,13.986075985478008,14.011441230773926,2904000
2011-04-12,13.874473945893506,13.879546995734048,13.701994121656407,13.74257755279541,3192600
2011-04-13,13.874473945185295,13.935348608098034,13.76794183371002,13.849108695983887,3046100
2011-04-14,13.73242874451518,13.899835485892252,13.691845321380896,13.879544258117676,3697800
2011-04-15,13.803450626950589,13.859253201188405,13.742575971041342,13.813596725463867,3976900
2011-04-18,13.641117039585538,13.641117039585538,13.453419053385334,13.630971908569336,3727100
2011-04-19,13.600536561601514,13.671558299625012,13.56502617638248,13.651266098022461,2823100
2011-04-20,14.021589911201108,14.107829831870546,14.016516860857562,14.057100296020508,3066600
2011-04-21,14.143341394525933,14.229581322377303,14.117977108281325,14.224509239196777,2712100
2011-04-25,14.24987025844662,14.26001635765252,14.153484251161135,14.239724159240723,3034400
2011-04-26,14.239723076186367,14.366546403858258,14.204212699251869,14.315816879272461,5200000
2011-04-27,14.239722256498544,14.3766916747202,14.128118082902276,14.346254348754883,5320900
2011-04-28,14.275229482148886,14.38683459870924,14.229573019480547,14.38176155090332,4093600
2011-04-29,14.229575664089106,14.346253850140362,14.199138339181658,14.341180801391602,6585600
2011-05-02,14.239723836886629,14.31581764403773,14.138265749880244,14.168703079223633,2773600
2011-05-03,14.016513039450297,14.077388659390536,13.859252392016986,13.950565338134766,4210900
2011-05-04,13.828816370162812,13.838962469040682,13.56502360484964,13.605607032775879,4920500
2011-05-05,13.544729019926516,13.61067671112829,13.316446689641516,13.397613525390625,8228100
2011-05-06,13.793310957093368,13.85925868836939,13.554882385558352,13.636049270629883,5949700
2011-05-09,13.691847294458862,13.813597581406674,13.636044716763307,13.793306350708008,2335300
2011-05-10,13.747652081942284,13.88462153961942,13.717214747209173,13.86432933807373,6046200
2011-05-11,13.849108007606349,13.864327156370718,13.514294475472413,13.590389251708984,6795700
2011-05-12,13.4026908872759,13.549805461576124,13.296158776326834,13.509222030639648,4843000
2011-05-13,13.473713596789178,13.488932748434378,13.194702589725386,13.296160697937012,4565200
2011-05-16,13.301233237369551,13.458494895570606,13.230212467591926,13.291088104248047,7103600
2011-05-17,13.260644127219626,13.422977798717845,13.169331195105627,13.397613525390625,4997100
2011-05-18,13.377327590426214,13.554879509101212,13.341816239105826,13.519369125366211,5014600
2011-05-19,13.676632713165649,13.707071020756668,13.539664199348437,13.636049270629883,4512200
2011-05-20,13.554879912524605,13.615755549014532,13.40269227267791,13.504151344299316,3452800
2011-05-23,13.057730261180645,13.128751018096517,13.001927684983746,13.072949409484863,7716400
2011-05-24,13.189626096468178,13.245428670349732,13.113532293274826,13.164261817932129,3095600
2011-05-25,13.012076350756708,13.154118860194547,12.991785116600122,13.118608474731445,4756300
2011-05-26,13.286011483740879,13.402688707761293,13.199771586076842,13.341813087463379,5328900
2011-05-27,13.468635046284811,13.544729805851837,13.42297857757862,13.463562965393066,4812800
2011-05-31,13.559952238606252,13.580244438880863,13.438201939714684,13.554879188537598,6323100
2011-06-01,13.544730693422197,13.56502192107402,13.204844163884333,13.240354537963867,8041300
2011-06-02,13.194699428484332,13.255574085309613,13.04251085125068,13.225136756896973,4997300
2011-06-03,12.9765636829501,13.270793783361587,12.9765636829501,13.133824348449707,5173700
2011-06-06,13.214994317447,13.225140418922399,13.052660564182599,13.078025817871094,5246100
2011-06-07,13.230208164775313,13.29108378163306,13.169332547917564,13.179478645324707,3371800
2011-06-08,12.97148880854652,13.032364426916093,12.910614157762076,12.941051483154297,4613700
2011-06-09,13.00700564521087,13.169339418070662,12.986714407396201,13.113537788391113,3399500
2011-06-10,13.012072773675138,13.032364969838737,12.804082600924104,12.849739074707031,6711800
2011-06-13,12.925830648280076,12.981633210531102,12.78886125052847,12.885247230529785,3413800
2011-06-14,13.154114556942883,13.275864824809183,13.143968459391079,13.220062255859375,4968400
2011-06-15,13.032366441890659,13.083095970444566,12.799010997576804,12.854813575744629,5897900
2011-06-16,12.702624960903908,12.799009993249271,12.621457141035663,12.73813533782959,5614100
2011-06-17,12.925835930359172,12.951201181559114,12.788866476635674,12.890325546264648,7774900
2011-06-20,12.727988572987252,12.82437456787125,12.712769426136573,12.799009323120117,7124900
2011-06-21,12.900466091929323,13.047580615201316,12.895393043873739,13.027289390563965,3811300
2011-06-22,12.94730726248258,13.08147636695354,12.911185000559211,12.92150592803955,2700600
2011-06-23,12.65316763073228,12.849260330200195,12.555120788869418,12.849260330200195,7347500
2011-06-24,12.869901704214916,12.880221646979829,12.68928941834901,12.71509075164795,2593300
2011-06-27,12.601565893488388,12.730574552928582,12.555122697349283,12.694452285766602,3354800
2011-06-28,12.777019039404594,12.952470912702584,12.751216714356032,12.947310447692871,5467300
2011-06-29,13.096955920531064,13.210484146901772,13.029871864795629,13.1485595703125,5102200
2011-06-30,13.406583829677244,13.489149318701935,13.380782483453878,13.442706108093262,3148000
2011-07-01,13.313694020694602,13.56655187378177,13.267250821903735,13.540749549865723,3528600
2011-07-05,13.339496190865143,13.370457994949529,13.267250668990902,13.318854331970215,4278000
2011-07-06,13.220808747209396,13.272411427071265,13.16404461825171,13.231128692626953,3073100
2011-07-07,13.411741042904145,13.51494837128235,13.40142011321472,13.458184242248535,4191300
2011-07-08,13.329173438503046,13.396257502221047,13.272409318563133,13.391098022460938,3165700
2011-07-11,13.096957354093501,13.14340054555458,12.967948707647807,13.014391899108887,3183900
2011-07-12,12.849261783537866,12.96794950938382,12.802818589205463,12.828620910644531,3632600
2011-07-13,13.009230966956885,13.215645581247726,12.967948240950282,13.071155548095703,5303900
2011-07-14,13.065995510548527,13.122759629756038,12.869902801684729,12.900864601135254,4409000
2011-07-15,12.854422380707483,12.875064238072124,12.735734653634603,12.823460578918457,3810700
2011-07-18,12.746055946394272,12.766696820090562,12.606726357976951,12.694452285766602,3491500
2011-07-19,12.906023578347178,13.045353136210931,12.8905421882764,12.998909950256348,4973200
2011-07-20,13.174361887332093,13.195002756690014,13.102116383934984,13.1485595703125,2434800
2011-07-21,13.220808244572089,13.432382373587672,13.200166386005694,13.365297317504883,4818400
2011-07-22,13.453023777403821,13.468505171937961,13.365297843559757,13.458184242248535,2113300
2011-07-25,13.256930670630526,13.33949613736307,13.220808401967288,13.282732009887695,3140500
2011-07-26,13.422062319922551,13.46850552046877,13.344657313764868,13.406580924987793,2650400
2011-07-27,13.44785694748062,13.44785694748062,13.20016065772105,13.251764297485352,4681600
2011-07-28,13.225964817969928,13.293049859307835,13.112437573581323,13.138238906860352,2534000
2011-07-29,12.931826575580123,13.102117951249188,12.895704311689393,13.009231567382812,4162500
2011-08-01,13.29821318920494,13.308534118444305,12.911187201050602,13.024714469909668,8076700
2011-08-02,12.833779586173218,12.900863644048846,12.622204516893653,12.632525444030762,5960600
2011-08-03,12.457076126783504,12.508679788596766,12.209379731189424,12.49319839477539,7117700
2011-08-04,12.039087498607115,12.064888835589713,11.590136951601341,11.61077880859375,7390200
2011-08-05,11.703665158585183,11.70882562281655,11.156668745413283,11.497251510620117,12368800
2011-08-08,11.022498829995238,11.182469272551925,10.55290744578269,10.573548316955566,11161900
2011-08-09,11.172148399601882,11.610777987076334,10.790282930582313,11.60561752319336,15588500
2011-08-10,11.35792044950363,11.409524100836753,11.037978598644496,11.05862045288086,10105000
2011-08-11,11.295995704465428,11.879115282691968,11.259873444342286,11.719143867492676,12662100
2011-08-12,11.822350437821834,11.884275011531955,11.677860422003354,11.78622817993164,8018400
2011-08-15,12.142294164213347,12.307425074269775,12.131973236270353,12.286783218383789,5127700
2011-08-16,11.9720033617078,12.13197381542944,11.853314653213122,12.033926963806152,9251700
2011-08-17,12.286783292337784,12.405471995880857,12.142294237297662,12.245500564575195,6234400
2011-08-18,11.80171060517178,11.812030548147748,11.486929214346583,11.66754150390625,9687100
2011-08-19,11.564332071632263,11.837830687441917,11.492087562808345,11.523049354553223,5291400
2011-08-22,11.812030900810143,11.812030900810143,11.51273089189963,11.538533210754395,9037800
2011-08-23,11.79138924330442,12.116490565122268,11.73462512986886,12.070047378540039,7092200
2011-08-24,11.920398306708448,12.075208278068406,11.832672393802392,12.013284683227539,4295100
2011-08-25,12.044246603971974,12.101010720038817,11.770747935227313,11.817191123962402,6497000
2011-08-26,11.848150438739976,12.162931766586642,11.667539169573132,12.111328125,5077000
2011-08-29,12.307426536767995,12.467397001862304,12.307426536767995,12.457076072692871,2681600
2011-08-30,12.307424883271839,12.498357125964825,12.235179373049927,12.446754455566406,8742400
2011-08-31,12.565442217449995,12.668648542875559,12.467395371676536,12.560281753540039,3885400
2011-09-01,12.49319706054448,12.62220570917096,12.420952532276173,12.431273460388184,5940900
2011-09-02,12.126810336270118,12.23001762645208,12.054565823697345,12.11648941040039,3702700
2011-09-06,11.683021500565646,11.858473320352184,11.641738777336917,11.8378324508667,7237300
2011-09-07,12.131975797935086,12.31258813804227,12.111333937690576,12.297106742858887,3483600
2011-09-08,12.101012014380263,12.240340611230513,11.992644234321281,12.033926963806152,5886400
2011-09-09,11.848155150986752,11.873957474170966,11.569496950403147,11.65206241607666,10190400
2011-09-12,11.311481137622364,11.486933021719112,11.203113334264668,11.476612091064453,5551400
2011-09-13,11.435326792369157,11.533373643119802,11.352761334134266,11.502411842346191,7419400
2011-09-14,11.35276201176322,11.512732473609473,11.141187889375542,11.399205207824707,5847400
2011-09-15,11.559174464191019,11.621099047234347,11.44564721024575,11.600457191467285,4361400
2011-09-16,11.693342208862303,11.744945857998067,11.58497543150917,11.693342208862305,2810000
2011-09-19,11.31663874012896,11.425005531814504,11.208270964185546,11.363081932067871,3189400
2011-09-20,11.41468729503969,11.523054102930962,11.285678627974068,11.295998573303223,4877000
2011-09-21,11.301155910543844,11.332117706478787,10.872847293789123,10.88316822052002,4542400
2011-09-22,10.372294699897767,10.423898351988361,10.134918293984146,10.284568786621094,8443200
2011-09-23,10.289728423762835,10.475500178406476,10.274247034101816,10.356812477111816,7576800
2011-09-26,10.490981459533474,10.650951880678168,10.300048259387069,10.630311012268066,8038000
2011-09-27,11.05862195619546,11.177309681415663,10.90381098115101,10.960575103759766,5291900
2011-09-28,10.976056199140896,11.058621656557623,10.6406339053532,10.666435241699219,4417700
2011-09-29,10.836727510015647,10.929613903297057,10.490984259611496,10.707718849182129,4859600
2011-09-30,10.444539478248059,10.599350438314003,10.336172692033939,10.351653099060059,4121100
2011-10-03,10.227804805695614,10.367134372899212,9.995589844614095,10.011070251464844,6360400
2011-10-04,9.876902133577032,10.243287218978557,9.758214409341035,10.238126754760742,8500000
2011-10-05,10.372295219484629,10.568387926142547,10.2690879101334,10.532265663146973,6150700
2011-10-06,10.733517919620379,11.017337504036956,10.666433863235524,10.991535186767578,4630400
2011-10-07,11.275355001073748,11.295995871052327,10.986375931569157,11.05862045288086,7450400
2011-10-10,11.419845643381928,11.600457956219024,11.404365234793953,11.569496154785156,4478400
2011-10-11,11.388883524780898,11.554014440173395,11.357921724209278,11.543694496154785,4737900
2011-10-12,11.744946347968805,11.92555863534981,11.713984550898793,11.750106811523438,4598400
2011-10-13,11.693345464127916,11.822354130752679,11.569497262279105,11.79139232635498,3266000
2011-10-14,11.966842897489952,12.054568820677543,11.910078775351538,12.033926963806152,2916000
2011-10-17,11.904916986807489,11.925558841382639,11.652060173808694,11.70366382598877,6862900
2011-10-18,11.636581048507539,11.992645235191812,11.481771046083765,11.879117965698242,5188400
2011-10-19,11.83267253643192,11.92039845039541,11.610777519685568,11.662381172180176,3286300
2011-10-20,11.631420135498047,11.667542399330621,11.404364640218892,11.631420135498047,3865100
2011-10-21,11.775910641243732,11.904919304682876,11.719146514367951,11.879117965698242,8927800
2011-10-24,12.033928880319936,12.307427621875593,12.028768415280236,12.260984420776367,4297000
2011-10-25,12.08553031485761,12.121652579207439,11.899757544763771,11.930720329284668,7267800
2011-10-26,12.101008415222168,12.137130669745483,11.853311127726712,12.101008415222168,4166500
2011-10-27,12.864738412163197,13.065991523567645,12.725408880764322,12.983426094055176,5289200
2011-10-28,12.720253942965261,12.859583534876855,12.699613068751312,12.833782196044922,5198900
2011-10-31,12.451912130256169,12.467393519686327,12.250658988952637,12.250658988952637,4277300
2011-11-01,11.698503905464097,11.972002585735593,11.657221178654988,11.796550750732422,6185300
2011-11-02,11.95136096703376,12.023605494316858,11.786230056525046,11.9410400390625,3926500
2011-11-03,12.095849589564436,12.235178163831128,11.868794122071762,12.188735961914062,4024200
2011-11-04,12.095851002968644,12.168095530234483,11.904917772577381,12.131973266601562,6823600
2011-11-07,12.13713453153475,12.235180400934919,12.008125876184911,12.214539527893066,3289000
2011-11-08,12.255822217675991,12.405472729830366,12.147455419984555,12.369349479675293,2602100
2011-11-09,11.946201579429658,11.95652250833086,11.729466993794194,11.744948387145996,2327200
2011-11-10,12.008128098018082,12.018449028577628,11.770751616439094,11.935882568359375,3557900
2011-11-11,12.131972424850431,12.338386048615453,12.126811961224082,12.281621932983398,2412200
2011-11-14,12.070047385578528,12.090689239297225,11.904916492859977,11.992642402648926,1973900
2011-11-15,11.951360921329146,12.080369567702956,11.868795466390537,12.01844596862793,1979900
2011-11-16,11.84815349462776,12.00296445931668,11.744947169092995,11.755268096923828,3545000
2011-11-17,11.744946675568917,11.79138986459826,11.440486207157809,11.507570266723633,4261800
2011-11-18,11.595298608424205,11.605619537981916,11.461129476948006,11.486931800842285,2349800
2011-11-21,11.203111538883192,11.223753396884504,11.022500202661536,11.130867004394531,3112900
2011-11-22,11.10506363170018,11.218590877135277,11.043139053298809,11.136025428771973,2031400
2011-11-23,10.878011262907245,10.898653123021472,10.723201249082802,10.743842124938965,2629000
2011-11-25,10.681916236877441,10.857368073428663,10.67159530901964,10.681916236877441,1901300
2011-11-28,11.244395443886066,11.280517711737556,11.063783120370644,11.161828994750977,2782100
2011-11-29,11.306319502890398,11.399205900658927,11.254715839212546,11.295998573303223,3889200
2011-11-30,11.90491717748861,12.013284947228277,11.879115843114212,12.00296401977539,7341000
2011-12-01,11.889440536499023,12.008128287027622,11.83267640178616,11.889440536499023,4830700
2011-12-02,12.209377008674945,12.224858399044193,12.01844478207638,12.028764724731445,3835800
2011-12-05,12.276461933817338,12.322904135972488,12.142292837986478,12.224858283996582,3767100
2011-12-06,12.080369127718374,12.173255507205718,12.028765474196758,12.07520866394043,2961700
2011-12-07,12.044248976948941,12.193898515712348,11.966843975225936,12.142295837402344,2508600
2011-12-08,12.002965704128313,12.013286633029514,11.713986584700345,11.744948387145996,3531100
2011-12-09,11.755269065155483,11.961682717484276,11.713986334689723,11.94620132446289,2168100
2011-12-12,11.652059428766727,11.677860761078108,11.50756940875288,11.579814910888672,2468600
2011-12-13,11.662380967129613,11.781068676799952,11.37856137552835,11.440485954284668,3115000
2011-12-14,11.352761020039893,11.404364676073467,11.21859190805575,11.285676956176758,3547200
2011-12-15,11.430167705162432,11.430167705162432,11.270197233593306,11.295998573303223,11313700
2011-12-16,11.37856404148458,11.445649099543193,11.239235429089803,11.295998573303223,7286000
2011-12-19,11.223749345018641,11.244391195568074,10.996693910262914,11.022496223449707,3479700
2011-12-20,11.305673552669575,11.433421155975436,11.289704721538454,11.422775268554688,3213200
2011-12-21,11.438745521006735,11.449391409750287,11.3109979018276,11.428099632263184,2839700
2011-12-22,11.465360143119543,11.577138928210902,11.438745421492206,11.53455638885498,1853500
2011-12-23,11.561169072887266,11.614397496187165,11.52923242500642,11.598429679870605,1324300
2011-12-27,11.571812143500651,11.635686438960217,11.54519844595353,11.57713508605957,1930700
2011-12-28,11.486647202001947,11.486647202001947,11.225829105625909,11.236474990844727,2277100
2011-12-29,11.2737335593927,11.433417762315736,11.247118848740591,11.417449951171875,2127200
2011-12-30,11.374869814681775,11.470679747378464,11.34293215520193,11.412129402160645,1498900
2012-01-03,11.688912349008039,11.811337981814386,11.683590422372738,11.752786636352539,2787500
2012-01-04,11.821985653838272,11.912473656807325,11.747466480304086,11.891182899475098,2432800
2012-01-05,11.704887382657498,11.76343875917364,11.609076408448498,11.736824035644531,1865800
2012-01-06,11.646331778883798,11.646331778883798,11.491970499434911,11.58245849609375,3673200
2012-01-09,11.593107706404936,11.619721412658691,11.491973795194593,11.619721412658691,1627700
2012-01-10,11.859247716289081,11.8965073076446,11.806019293532177,11.843278884887695,1645300
2012-01-11,11.837954504918423,11.93376545120762,11.800694918083202,11.912473678588867,1164400
2012-01-12,11.971022137726873,11.986990963322041,11.821982811247349,11.965699195861816,2735200
2012-01-13,11.806017879228614,11.880537053012613,11.672947345901415,11.869891166687012,4374200
2012-01-17,12.024250541130085,12.066833060803184,11.939085501783886,11.965699195861816,2381800
2012-01-18,12.013612145094624,12.183942329948302,11.981675489246557,12.178619384765625,2133500
2012-01-19,12.146677951102411,12.183937537477345,12.098772478549618,12.157323837280273,2679100
2012-01-20,12.15732664864838,12.215878020918977,12.130712942296922,12.210555076599121,2817000
2012-01-23,12.247813690933002,12.332978762736065,12.189262323350494,12.25313663482666,2865800
2012-01-24,12.088126592371756,12.194583423655207,12.050867005996823,12.157323837280273,4090700
2012-01-25,12.205226827173119,12.508627414794512,12.146675480352366,12.471367835998535,4276300
2012-01-26,12.625730537000099,12.66831306267178,12.444754549083573,12.508628845214844,3090900
2012-01-27,12.476693119597165,12.588471876963435,12.450078404571217,12.561858177185059,2510400
2012-01-30,12.348943206943604,12.476690769260587,12.290391860163886,12.439431190490723,2136100
2012-01-31,12.56186111400806,12.57250700250733,12.380885070511715,12.466050148010254,2357800
2012-02-01,12.561858179902396,12.678959880299187,12.561858179902396,12.593794822692871,3266700
2012-02-02,12.609761255693927,12.668311587143217,12.540564025007436,12.599115371704102,2592900
2012-02-03,12.705578280030931,12.806711180737897,12.668317668180727,12.785420417785645,5972100
2012-02-06,12.652343723815392,12.710894055021313,12.620406071978666,12.705572128295898,4365600
2012-02-07,12.689606646208118,12.753479936218039,12.631055284325992,12.700252532958984,3427000
2012-02-08,12.758803856981734,12.806709335782793,12.652348027060937,12.72154426574707,1714400
2012-02-09,12.774769834210025,12.780092776803977,12.668313012825944,12.710895538330078,1731900
2012-02-10,12.412821285633836,12.434113061885997,12.354269916188166,12.386207580566406,2534100
2012-02-13,12.609767005043471,12.641703656326902,12.551215631650647,12.588475227355957,3310500
2012-02-14,12.482015663825308,12.508629362753428,12.317007481678845,12.41814136505127,4796200
2012-02-15,12.492664870474629,12.51395664920557,12.354271354467183,12.38088607788086,2544100
2012-02-16,12.301037744168813,12.466044885255661,12.263778165398948,12.439431190490723,3130500
2012-02-17,12.41814425520464,12.423467199278614,12.290396643172585,12.34362506866455,3334400
2012-02-21,12.551215176431274,12.599120659242859,12.492663805162048,12.519278526306152,3876000
2012-02-22,12.49798583984375,12.556537206851871,12.471372135884275,12.49798583984375,3041700
2012-02-23,12.567182074865237,12.636378308694102,12.513953656017375,12.625732421875,2838900
2012-02-24,12.673636900696053,12.74815708732207,12.631054372015859,12.64702320098877,3524600
2012-02-27,12.545889336836478,12.737511223859924,12.497983865080615,12.668313980102539,2794900
2012-02-28,12.647024641073317,12.700253061796438,12.604442107544356,12.673638343811035,2764500
2012-02-29,12.828000663222491,12.870583196754238,12.599119164771478,12.641701698303223,7614500
2012-03-01,12.700253505861998,12.774772688331327,12.67363878694601,12.72154426574707,4322000
2012-03-02,12.657670082332304,12.66831495390376,12.588472833255793,12.625732421875,2770900
2012-03-05,12.577827455602641,12.583150399227671,12.466048685220075,12.513954162597656,1657600
2012-03-06,12.167973595828775,12.178618470146708,12.034903021999494,12.10409927368164,3297700
2012-03-07,12.0774802727468,12.194581960914174,12.056188502945027,12.173291206359863,2551300
2012-03-08,12.295720051198309,12.386208073374684,12.237168679423062,12.34894847869873,2345100
2012-03-09,12.338300258334353,12.418142376871725,12.301040670700088,12.322331428527832,1859300
2012-03-12,12.21055416304905,12.237167867409369,12.152002795159058,12.221199035644531,1876800
2012-03-13,12.33297814132019,12.49798533271852,12.306364438440607,12.482017517089844,2709400
2012-03-14,12.407498857506024,12.42346769035917,12.274428296139922,12.338302612304688,2260200
2012-03-15,12.412820768876154,12.508631727526632,12.370238233392355,12.49798583984375,2069400
2012-03-16,12.572505950927734,12.599119654702097,12.54589123190565,12.572505950927734,11836600
2012-03-19,12.535245823933415,12.684285210416627,12.51395506314882,12.631056785583496,2096000
2012-03-20,12.343622716464184,12.380882302634044,12.28507135805579,12.359590530395508,1694300
2012-03-21,12.295717706154432,12.322331407204963,12.231843402286495,12.301040649414062,2313000
2012-03-22,12.152005674100232,12.205234110679003,12.104100182704139,12.178619384765625,2756800
2012-03-23,12.242491623697886,12.370239240550214,12.178617307647816,12.34894847869873,2505100
2012-03-26,12.476696005080818,12.551215193892373,12.471373060844591,12.540569305419922,1713600
2012-03-27,12.519278110859807,12.535245927768582,12.42879009246826,12.428790092468262,1489000
2012-03-28,12.466047326378463,12.492661026354941,12.332976796000917,12.444755554199219,2480600
2012-03-29,12.348946088331331,12.471370737211275,12.26910295491191,12.450078964233398,4290300
2012-03-30,12.519277106222686,12.53524492185009,12.434112038717581,12.513954162597656,2442700
2012-04-02,12.455399018432614,12.636374985776502,12.423462381621157,12.577823638916016,1962000
2012-04-03,12.482019996357048,12.487341925791894,12.295720993452875,12.38088607788086,3390000
2012-04-04,12.25846057734934,12.295720172392546,12.183940372015106,12.23184585571289,3739000
2012-04-05,12.247812696619107,12.348946591892796,12.247812696619107,12.306364059448242,2165600
2012-04-09,12.189261881788127,12.279749894206875,12.162648178531668,12.205230712890625,946600
2012-04-10,12.21587765948679,12.237168420888462,12.002963953983325,12.03490161895752,2414600
2012-04-11,12.199906366744138,12.242488896208002,12.14135500801348,12.157323837280273,2209600
2012-04-12,12.322332254069282,12.492662389093065,12.322332254069282,12.482017517089844,2173800
2012-04-13,12.471370794312511,12.476693737581352,12.31168554199015,12.322331428527832,1684500
2012-04-16,12.42346672760928,12.444757487849078,12.301042064299175,12.370238304138184,2264700
2012-04-17,12.455401868725737,12.561858702788673,12.407496394922177,12.503307342529297,2130700
2012-04-18,12.492659100976876,12.561856334647114,12.471368347326557,12.487336158752441,1395800
2012-04-19,12.535243986649132,12.5884724036806,12.412819338150085,12.503307342529297,3553000
2012-04-20,12.577829321823982,12.631057750724302,12.55121561499774,12.567184448242188,1169000
2012-04-23,12.343621260132839,12.402171596385738,12.28506990863248,12.375557899475098,1598800
2012-04-24,12.455403285396635,12.529923483815622,12.434112525311015,12.47669506072998,1259300
2012-04-25,12.59911960834601,12.662993918516278,12.572505904669566,12.657670974731445,1445600
2012-04-26,12.577824068006228,12.716217519240315,12.567179198870846,12.67895793914795,1781000
2012-04-27,12.732185814290204,12.790737160703847,12.66831152590738,12.748154640197754,1532300
2012-04-30,12.689605712890627,12.70025159885849,12.641700241282802,12.689605712890625,1777600
2012-05-01,12.647023189922693,12.806707418521812,12.647023189922693,12.75347900390625,2229800
2012-05-02,12.641702139494543,12.732190153313464,12.593796660693481,12.72154426574707,1863700
2012-05-03,12.673638345473387,12.678961289071166,12.561859575663087,12.60976505279541,1461100
2012-05-04,12.407500809566093,12.43411553517527,12.27975317238596,12.295722007751465,2803300
2012-05-07,12.247816053601355,12.32765819691273,12.215879399326392,12.290398597717285,1555900
2012-05-08,12.06151292513507,12.082804697548978,11.917796507083954,12.04022216796875,3264300
2012-05-09,11.880536026907414,12.029575376850692,11.811339802262596,11.94441032409668,3814600
2012-05-10,12.199907386446055,12.221198145333735,12.072159787376968,12.093450546264648,6595900
2012-05-11,11.965703455707159,12.109419891485336,11.95505756818706,11.981672286987305,2190200
2012-05-14,11.875216444520882,11.96038152137396,11.837956850303636,11.864571571350098,2569300
2012-05-15,11.832634026080937,11.891185397729082,11.715532298032457,11.747468948364258,3271400
2012-05-16,11.63036691247984,11.699563155575206,11.486650466918945,11.486650466918945,3308200
2012-05-17,11.45471491763616,11.470682736289195,11.273738861083984,11.273738861083984,3280200
2012-05-18,11.273736572352169,11.284382459458175,11.076791721881735,11.09808349609375,3062000
2012-05-21,11.140663995603276,11.390836205440838,11.135341053021946,11.374868392944336,4338300
2012-05-22,11.396162103701544,11.454713472034413,11.21518606998881,11.3003511428833,2018400
2012-05-23,11.092763880469201,11.161960136922396,10.927756641813142,11.156637191772461,2957600
2012-05-24,11.145988972823107,11.161956788234443,10.986303711976024,11.09808349609375,2555100
2012-05-25,10.991624358447996,11.050175710047025,10.943718891730146,10.954364776611328,2108800
2012-05-29,11.268415467724731,11.326966841115265,11.167281554208675,11.289706230163574,2138200
2012-05-30,11.066145014285711,11.071466941708199,10.970334076720855,10.99162483215332,2428100
2012-05-31,11.076793187545174,11.11937572635598,10.911785976559273,11.050179481506348,2518100
2012-06-01,10.91178370143038,10.98097993185246,10.831941584713336,10.8425874710083,2894400
2012-06-04,10.949043273925781,10.986302860661937,10.837264513717319,10.949043273925781,2220300
2012-06-05,10.959688121015954,11.071466870625624,10.954365178380137,11.066144943237305,2643200
2012-06-06,11.241800675218416,11.449390411376953,11.241800675218416,11.449390411376953,4765400
2012-06-07,11.63036497992253,11.641010866398318,11.41745232664486,11.4547119140625,2295700
2012-06-08,11.215185041647125,11.444066534782397,11.193894282999567,11.438743591308594,1271700
2012-06-11,11.50262045085456,11.513265324917233,11.241802254233225,11.252447128295898,1692900
2012-06-12,11.374870300118266,11.444066534782397,11.284382291558916,11.438743591308594,1959900
2012-06-13,11.332289251824458,11.433422145329656,11.279060825362473,11.316320419311523,1439700
2012-06-14,11.28438039955671,11.406805033184826,11.231151988990902,11.374868392944336,1611100
2012-06-15,11.412131715112688,11.53987933318045,11.396162882136284,11.53455638885498,1479900
2012-06-18,11.571813506741012,11.720852870206222,11.545199806058612,11.67827033996582,1623300
2012-06-19,11.864567314081945,11.939086475777323,11.843275544884733,11.880535125732422,3483800
2012-06-20,11.869893549101482,11.95505862630462,11.742145933296772,11.8113431930542,3450500
2012-06-21,11.74395353334448,11.754821744366,11.37984203213683,11.39614486694336,2001700
2012-06-22,11.455924179606177,11.504834754934992,11.38527614665814,11.472228050231934,1298100
2012-06-25,11.287457547680566,11.292892172451054,11.195070999679643,11.260284423828125,1700600
2012-06-26,11.374406602132131,11.472227750231728,11.282020077432337,11.412447929382324,1592100
2012-06-27,11.510270632720434,11.575484049232687,11.47766392446431,11.559181213378906,1053300
2012-06-28,11.390707544726949,11.472225845642104,11.309190280360047,11.439618110656738,1622400
2012-06-29,11.852646378544906,11.890687719657873,11.81460503743194,11.874384880065918,1491700
2012-07-02,11.950465710222021,11.977638832912024,11.879817664325296,11.972204208374023,945000
2012-07-03,11.9287243988315,12.053717613220215,11.923289776047428,12.053717613220215,1204400
2012-07-05,12.026549704087591,12.080894918899237,11.972205525824704,12.031984329223633,1162600
2012-07-06,11.890684493830925,11.928726861172171,11.809167208339586,11.896119117736816,1005200
2012-07-09,11.830905698339128,11.86894702911377,11.776560495854563,11.86894702911377,911900
2012-07-10,11.890684622077432,11.901553870006447,11.662435598310797,11.705912590026855,2323000
2012-07-11,11.814600357546382,11.868945553273413,11.72221383577495,11.820034980773926,1182800
2012-07-12,11.608091138933869,11.689608423248032,11.537442065726022,11.646132469177246,1466200
2012-07-13,11.689607503525188,11.86894592952564,11.689607503525188,11.852642059326172,780400
2012-07-16,11.863515629305413,11.896122345038126,11.792867572459732,11.874384880065918,952900
2012-07-17,11.98850660680613,12.070023898796316,11.85264410797295,12.048286437988281,1326900
2012-07-18,11.98850900264096,12.167847495478583,11.98850900264096,12.124371528625488,1745800
2012-07-19,12.320009964045777,12.374355164397308,12.265664763694247,12.330879211425781,1968700
2012-07-20,12.271099743242466,12.281968990937674,12.173278587082624,12.184147834777832,2969300
2012-07-23,11.874379109571569,11.977634868520413,11.825468541466762,11.955896377563477,2276800
2012-07-24,12.01024428687623,12.021113534814907,11.78199526290669,11.88525104522705,1415700
2012-07-25,12.037418954359673,12.097198794307358,11.92872956128514,12.031984329223633,3683800
2012-07-26,12.265666596242683,12.320011804713644,12.222190636775641,12.260231971740723,1725200
2012-07-27,12.423268521294109,12.624344460081048,12.40696464657542,12.591737747192383,2865000
2012-07-30,12.597171195303607,12.656951027138946,12.575432697709441,12.602605819702148,1159000
2012-07-31,12.646080454014859,12.67868716044284,12.575431380780973,12.597169876098633,3700200
2012-08-01,12.689559884921653,12.700429135558554,12.55369736160675,12.564566612243652,2522600
2012-08-02,12.515654201033474,12.6515167045927,12.434135869659023,12.537391662597656,3052300
2012-08-03,12.716727921070438,12.825418319693073,12.700425086860967,12.781942367553711,1831800
2012-08-06,12.765638496795777,12.847155777488522,12.749334626037845,12.781942367553711,1536200
2012-08-07,12.874328826824824,12.917804778732547,12.836287498474123,12.836287498474121,2532600
2012-08-08,12.87433388164994,12.97215507098678,12.863464630268322,12.92324447631836,1061900
2012-08-09,12.89063160036018,12.95584604618948,12.874328766314195,12.917804718017578,1380200
2012-08-10,12.78193998859671,12.912367820739746,12.760201498298736,12.912367820739746,1325500
2012-08-13,12.79824387949982,12.83628624067128,12.727595853278102,12.776506423950195,2177100
2012-08-14,12.765639526979765,12.798246234578524,12.711294323282804,12.754770278930664,2650500
2012-08-15,12.694987311046686,12.743897874627288,12.684118066573618,12.722159385681152,3172000
2012-08-16,12.809115122853239,12.934108362261536,12.776508416170316,12.901501655578613,2262500
2012-08-17,12.88519608950339,12.901499958975078,12.836286554185083,12.863458633422852,1608400
2012-08-20,12.928675655511631,12.961282364415398,12.890633285817216,12.95584774017334,844500
2012-08-21,13.118882621016633,13.173227828130464,13.031930704253945,13.069972038269043,4894400
2012-08-22,12.961285996620358,13.108017782629567,12.939547493560234,13.091713905334473,1468100
2012-08-23,13.004761195678132,13.015630446564208,12.896070759915018,12.928678512573242,2341000
2012-08-24,12.836285177793377,12.944974519638437,12.803677442346416,12.912367820739746,1351900
2012-08-27,12.85802613374429,12.890632841524225,12.809115553800112,12.825419425964355,1380100
2012-08-28,12.84171955513085,12.906933993495038,12.819982100041676,12.868892669677734,1286600
2012-08-29,12.885197037390412,12.90150090806148,12.819983627803055,12.836287498474121,1068900
2012-08-30,12.733032362188482,12.733032362188482,12.569996756951557,12.597169876098633,2404700
2012-08-31,12.743902067430108,12.825419354701278,12.629777036011633,12.754770278930664,2780800
2012-09-04,12.586301512513305,12.613473597020464,12.483045725598656,12.526521682739258,7548500
2012-09-05,12.49391460418701,12.5319559359904,12.434134776182514,12.493914604187012,2768800
2012-09-06,12.618906994651134,12.825418548407141,12.61347237096824,12.798245429992676,5736100
2012-09-07,12.830857049541597,12.912374356322347,12.830857049541597,12.89607048034668,2071100
2012-09-10,12.803680998245838,12.85259157845169,12.73303295825325,12.743902206420898,1790000
2012-09-11,12.879765880425488,12.972152425228659,12.874331255843108,12.939544677734375,2546100
2012-09-12,13.026496152954062,13.037365401747516,12.955848108893838,12.988454818725586,1664500
2012-09-13,12.955848030313364,13.287352860662761,12.917806696315619,13.222138404846191,3272900
2012-09-14,13.281915673269118,13.428646356581508,13.265611803324003,13.309087753295898,1930400
2012-09-17,13.249308870184175,13.271047364981369,13.11888101104646,13.156922340393066,1643200
2012-09-18,13.102578169835825,13.135184875466555,13.053667593115486,13.12975025177002,1901000
2012-09-19,13.162358573393385,13.254745114480171,13.135186488123171,13.222138404846191,1428100
2012-09-20,13.026496729400783,13.140621773685071,12.977586144214468,13.135187149047852,4116800
2012-09-21,13.211267534121088,13.222136781514159,13.12975025177002,13.12975025177002,1273700
2012-09-24,13.026496219213053,13.086276051332508,12.993889509215451,13.059103965759277,3496900
2012-09-25,13.080838525901068,13.108011641996594,12.858024156659713,12.879762649536133,4376900
2012-09-26,12.847155709039711,12.885197037390412,12.787376923009376,12.836287498474121,1452700
2012-09-27,13.004758982559105,13.124317612313275,12.950413773925886,13.075407028198242,1398400
2012-09-28,12.98845731934902,12.993891944792058,12.896070759915018,12.928678512573242,3303800
2012-10-01,13.059104554173638,13.184097811920214,13.026496806158182,13.053669929504395,2305500
2012-10-02,13.124316874019106,13.140620746656507,12.993889002565643,13.037364959716797,3128800
2012-10-03,13.004759136174291,13.031931222537544,12.923241840535884,12.939544677734375,4976500
2012-10-04,13.010193382488564,13.124317385754479,12.97758563594234,13.059103965759277,3949300
2012-10-05,13.205833939183812,13.227572435663424,12.993888781250412,13.048233985900879,2811900
2012-10-08,13.031930113541168,13.07540606995183,12.999323405370315,13.048233985900879,1226000
2012-10-09,13.118879592309765,13.14605270786763,12.999320993500271,13.026493072509766,3796500
2012-10-10,13.113447402242588,13.1351858987222,13.004758029490217,13.048233985900879,2397800
2012-10-11,13.216702749394477,13.233006621213843,13.124316215515137,13.124316215515137,2934000
2012-10-12,13.124318935782764,13.17322952482999,13.053670883019407,13.080842971801758,2622200
2012-10-15,13.156921321403635,13.249307844039507,13.091707915159729,13.21126651763916,3939000
2012-10-16,13.243875515934443,13.309088928375873,13.227571644549833,13.298219680786133,1951800
2012-10-17,13.434080801272794,13.55364043951711,13.401474098364524,13.526467323303223,6167900
2012-10-18,13.504729123652835,13.613418472881522,13.444949307820636,13.488425254821777,2781000
2012-10-19,13.493862513951933,13.504731761962741,13.325393315978587,13.34713077545166,2256700
2012-10-22,13.363434569801386,13.428647984390135,13.276482659317365,13.374303817749023,2481200
2012-10-23,13.22213862466926,13.22213862466926,13.10801462077867,13.184097290039062,3108100
2012-10-24,13.298216807695432,13.325389920799006,13.24387265458484,13.271044731140137,2217200
2012-10-25,13.417781320023538,13.450388031077376,13.287353439259537,13.368870735168457,1177100
2012-10-26,13.287350296584156,13.347129079952754,13.24387434661226,13.309087753295898,1402400
2012-10-31,13.352561364575308,13.390602684569252,13.303650799855028,13.357995986938477,1908500
2012-11-01,13.24930561277158,13.357995986938475,13.243872026956643,13.357995986938477,3061400
2012-11-02,13.33626135741067,13.341694944375936,13.124315186569612,13.151488304138184,2097100
2012-11-05,13.22757412500583,13.260180837341009,13.178663538228715,13.238443374633789,3226500
2012-11-06,13.379740716392865,13.455823391863955,13.374306091495114,13.43408489227295,5300900
2012-11-07,13.379736229907412,13.39060443950988,13.243873762667098,13.314521789550781,3271100
2012-11-08,13.352565098894184,13.417779548942526,13.260178565979002,13.260178565979004,3497700
2012-11-09,13.265611218420398,13.396039062585297,13.254741972269565,13.314521789550781,2959600
2012-11-12,13.357999796028539,13.379738291680033,13.314523841274074,13.330827713012695,1423300
2012-11-13,13.12431577922272,13.249309016037104,13.10801294449384,13.173226356506348,4079800
2012-11-14,13.140624458785865,13.167796550975533,12.939547452316143,12.966720581054688,4339000
2012-11-15,12.91780985062755,12.944981942532735,12.841726127505085,12.92324447631836,3497200
2012-11-16,12.879767920134721,12.955850603239613,12.749338982599458,12.928678512573242,2162900
2012-11-19,13.059102223451143,13.162356964092364,13.053667599751844,13.156922340393066,2767600
2012-11-20,13.097145080566408,13.129751790017254,13.015627788664988,13.097145080566406,1828400
2012-11-21,13.07541002803938,13.108017782629567,13.031934058468007,13.091713905334473,1568100
2012-11-23,13.205833660956788,13.34713077545166,13.205833660956788,13.34713077545166,853700
2012-11-26,13.276481049954079,13.314522376610936,13.227570476667147,13.309087753295898,1388300
2012-11-27,13.374301165643597,13.423211735160528,13.325390596126665,13.336259841918945,1737100
2012-11-28,13.314521891781371,13.455818983181999,13.271045943392592,13.439515113830566,3822700
2012-11-29,13.526470772699954,13.569946733180622,13.482994812219287,13.521036148071289,2324000
2012-11-30,13.559075217977977,13.602551167869496,13.537336724758015,13.56994342803955,1771700
2012-12-03,13.667768191716455,13.67863744120307,13.569947019434283,13.580816268920898,2919800
2012-12-04,13.613420991270152,13.651463358913523,13.59168353202247,13.607987403869629,3670800
2012-12-05,13.640595293243122,13.705808713186732,13.56451158791075,13.62429141998291,3348000
2012-12-06,13.662333994852796,13.727548457266204,13.64603115666098,13.684072494506836,2239900
2012-12-07,13.776453030655,13.809059729352482,13.754714540491172,13.803625106811523,1771700
2012-12-10,13.814500444207692,13.852541782222689,13.809065819270018,13.836237907409668,1400200
2012-12-11,13.890577611815564,13.972094880456893,13.890577611815564,13.923185348510742,2160900
2012-12-12,13.982964285231976,14.059047968505373,13.955792207558254,13.96666145324707,1603800
2012-12-13,13.923182553648502,13.972092075776828,13.84166426482239,13.89600944519043,2032900
2012-12-14,13.874274998797393,13.955792268724155,13.868840375929166,13.91231632232666,1632100
2012-12-17,13.879711902553751,13.98296664437321,13.863408031269811,13.972097396850586,2092100
2012-12-18,13.980543227391866,14.059369950098368,13.941129866038615,14.019956588745117,3909400
2012-12-19,14.01995554133109,14.053738266548073,13.963650283347134,13.980542182922363,2066600
2012-12-20,14.014325254579823,14.053738613962866,13.97491189519678,14.04810905456543,1722300
2012-12-21,13.929871417555358,13.991807325891084,13.901719317730265,13.935502052307129,2546300
2012-12-24,13.91297698808884,13.92423825554846,13.8623034323877,13.879194259643555,544500
2012-12-26,13.851043560038995,13.946762195219632,13.811630193894091,13.856674194335938,1175900
2012-12-27,13.991802118086563,13.997432750742592,13.867930347520677,13.952388763427734,3889700
2012-12-28,13.946761183147268,14.014326641940187,13.890455918197434,13.901717185974121,2644000
2012-12-31,13.89045977051149,14.166354463954034,13.89045977051149,14.1550931930542,3194000
2013-01-02,14.312741375127754,14.357785364687082,14.250805486758644,14.352154731750488,3725200
2013-01-03,14.357790643045616,14.385942744144728,14.267702630807879,14.284594535827637,2103900
2013-01-04,14.278957841372927,14.369045815380746,14.239544486986176,14.34652328491211,1239800
2013-01-07,14.267697569153098,14.312741559292014,14.23391484503227,14.301480293273926,1548300
2013-01-08,14.20576286315918,14.228285397071218,14.155088235790622,14.20576286315918,1067700
2013-01-09,14.29021821374704,14.34652346669872,14.26206612423789,14.295848846435547,1814400
2013-01-10,14.419721697703904,14.470396321762435,14.369047073645376,14.459135055541992,1539000
2013-01-11,14.363421195501006,14.36905183047523,14.312746554666795,14.335268020629883,2267200
2013-01-14,14.33526512856178,14.385939759172638,14.30148239946574,14.374679565429688,1621100
2013-01-15,14.312741096568937,14.374676983732632,14.2902185652609,14.363415718078613,2309600
2013-01-16,14.397201873629362,14.47602860413423,14.380311045054695,14.464768409729004,2670800
2013-01-17,14.526702599343496,14.5942691324739,14.509811771511105,14.5379638671875,2504500
2013-01-18,14.481659184299284,14.532333817701627,14.442245819193829,14.509812355041504,1590900
2013-01-22,14.515439644817258,14.588635724015269,14.498547746263837,14.577374458312988,1957600
2013-01-23,14.588641024953983,14.61116356454235,14.554858289505228,14.594271659851074,2055500
2013-01-24,14.57174463882051,14.639311162872184,14.543592546926835,14.583005905151367,1069300
2013-01-25,14.65620287600325,14.66746306825746,14.59426698590457,14.63368034362793,1080700
2013-01-28,14.6055269241333,14.628048380527481,14.560482937411585,14.6055269241333,1296500
2013-01-29,14.723770371261995,14.780075636090967,14.701248909690568,14.757553100585938,1713100
2013-01-30,14.746295033541161,14.796969671802389,14.695620395279931,14.701251029968262,2546900
2013-01-31,14.689987714071973,14.751923613081335,14.673095812360256,14.706879615783691,1142800
2013-02-01,14.80822535209898,14.85889997490911,14.780073261174875,14.819486618041992,2426300
2013-02-04,14.70124805758601,14.729400151401961,14.644942796020569,14.667464256286621,1606400
2013-02-05,14.673092938576017,14.751920723858357,14.661832746907166,14.712506294250488,1480000
2013-02-06,14.63368244896652,14.718139809657897,14.616790547254801,14.706879615783691,1283900
2013-02-07,14.735030693051952,14.763182786692324,14.58863744346825,14.628050804138184,2710700
2013-02-08,14.78570512555991,14.836379752590428,14.78007449211946,14.808226585388184,1202200
2013-02-11,14.763183734462196,14.79696753771974,14.73503163901451,14.757553100585938,931700
2013-02-12,14.757551726348026,14.836379519341506,14.746291533577676,14.774443626403809,1979500
2013-02-13,14.932100014230135,14.988405280888983,14.909577477993142,14.943361282348633,1497600
2013-02-14,15.01092876506385,15.067234039306639,15.005298130246192,15.06723403930664,1289300
2013-02-15,15.106645779588899,15.112276413799197,15.005296511670869,15.055971145629883,1427400
2013-02-19,15.269930872142375,15.354388236999512,15.269930872142375,15.354388236999512,2671500
2013-02-20,15.309343831802531,15.314974465834958,15.112275936402146,15.11790657043457,1803200
2013-02-21,14.915210255014767,14.954623625158636,14.81386097525408,14.85327434539795,2233000
2013-02-22,15.044709909179684,15.140428543090822,14.988405714824388,15.14042854309082,3663500
2013-02-25,15.224881926805494,15.241772749929725,14.960247575903884,14.977139472961426,2122200
2013-02-26,14.948986311198855,15.005291560790686,14.853267709072737,14.977139472961426,3500700
2013-02-27,14.960249440286388,15.179838759733638,14.937727982002965,15.151686668395996,1860600
2013-02-28,15.191103318740494,15.264300490378453,15.134798049926758,15.134798049926758,1657500
2013-03-01,15.117904476224009,15.196731193891225,15.078491117390401,15.1685791015625,2095800
2013-03-04,14.988403086972356,15.09538189663822,14.97714182050222,15.084121704101562,2646200
2013-03-05,15.26430189001968,15.348759264017659,15.25304062043761,15.326236724853516,1714100
2013-03-06,15.461367825871447,15.472629094789141,15.343127724036776,15.40506362915039,1619400
2013-03-07,15.42194855176764,15.483884433158932,15.416317919465405,15.455732345581055,1558900
2013-03-08,15.461366956117176,15.461366956117176,15.382540225995,15.444476127624512,2075800
2013-03-11,15.450108551550086,15.545827195186893,15.427586012372588,15.534565925598145,727000
2013-03-12,15.528933666126669,15.557085763219419,15.472628398007508,15.523303031921387,1445800
2013-03-13,15.450107630887464,15.450107630887464,15.365650261872169,15.40506362915039,774000
2013-03-14,15.348756790161133,15.393800787295612,15.331864888510601,15.348756790161133,1522200
2013-03-15,15.517670832862256,15.590867996215819,15.489518738608458,15.59086799621582,1475800
2013-03-18,15.34313128369594,15.455741851131513,15.32060874063524,15.376914024353027,1937300
2013-03-19,15.174211303181792,15.179840863082607,15.0052955099503,15.101014137268066,2986600
2013-03-20,15.123535668996748,15.174210296210031,15.123535668996748,15.14605712890625,1290000
2013-03-21,15.055972769671325,15.129169948367087,15.022190034699165,15.06723403930664,11754500
2013-03-22,15.157319776686128,15.269930308293223,15.157319776686128,15.25303840637207,1116500
2013-03-25,15.269931069375314,15.303713800967788,15.101015263545591,15.179841995239258,2396700
2013-03-26,15.196731519643714,15.247406146068451,15.157318159965254,15.241775512695312,1633200
2013-03-27,15.168582800742797,15.264301441510357,15.140429627614843,15.258670806884766,1106400
2013-03-28,15.1967346751888,15.26430121576289,15.174213210953257,15.22488784790039,2185000
2013-04-01,15.1967322900908,15.24740691908465,15.14042702743835,15.162949562072754,1652000
2013-04-02,15.269932359476922,15.320605924180025,15.23051791636643,15.24740982055664,1799900
2013-04-03,15.236145356516158,15.258667890714111,15.027817284852771,15.050338745117188,2075900
2013-04-04,14.99966587746057,15.072863048260777,14.932100414804326,15.055971145629883,1444500
2013-04-05,14.78570641566493,14.887055678569048,14.723770516349386,14.875794410705566,2066500
2013-04-08,14.954615557556918,14.999659538269043,14.881419491624671,14.999659538269043,1959200
2013-04-09,15.219258106964686,15.33749821749471,15.162952832169237,15.269932746887207,2791800
2013-04-10,15.348754418402788,15.455734297791269,15.348754418402788,15.410690307617188,988000
2013-04-11,15.523297448891624,15.596494593300923,15.483884097563513,15.517666816711426,1272500
2013-04-12,15.427585093052071,15.45573826534631,15.314975625676249,15.40506362915039,1544400
2013-04-15,15.10101265202964,15.117904551871488,14.813856798319138,14.825118064880371,2674700
2013-04-16,15.101015263545591,15.213625800765406,15.039079360681324,15.179841995239258,2873300
2013-04-17,15.106644591616682,15.117905859151701,14.9377298743257,15.022187232971191,2023200
2013-04-18,14.988402596848308,14.999662789016755,14.819486827120274,14.892683982849121,1539100
2013-04-19,14.903945922851564,14.948989918608138,14.858901927094989,14.903945922851562,2077200
2013-04-22,14.94335617947254,15.016552249380409,14.847637581018699,15.005290985107422,834600
2013-04-23,15.16858104463356,15.269930308293223,15.123537046777447,15.25303840637207,1733900
2013-04-24,15.438842055351772,15.523299400807947,15.405059331955984,15.472624778747559,1519400
2013-04-25,15.53455871325202,15.613385415908239,15.48951472974371,15.517666816711426,1595500
2013-04-26,15.438845352607117,15.472628083217842,15.393801353814938,15.450106620788574,1685800
2013-04-29,15.59650123564393,15.720371974563362,15.59650123564393,15.686589241027832,1604800
2013-04-30,15.7597813714484,15.849869354131481,15.703476113788108,15.821717262268066,2576400
2013-05-01,15.658438161928604,15.675330067921964,15.534567406445605,15.551459312438965,1123200
2013-05-02,15.512041039624876,15.596499474829109,15.483888943845875,15.557085037231445,1471200
2013-05-03,15.65843367265489,15.765413565407268,15.65843367265489,15.754152297973633,1226600
2013-05-06,15.557080764913687,15.630277912131321,15.545820574054552,15.619016647338867,772600
2013-05-07,15.427582971594179,15.472626967137218,15.382538976051139,15.461365699768066,2083400
2013-05-08,15.54582400104961,15.613389456832145,15.534562733774669,15.59086799621582,1497200
2013-05-09,15.590872488530813,15.590872488530813,15.309347169140612,15.393804550170898,1759700
2013-05-10,15.298082580371288,15.343126578746041,15.236146679880889,15.331865310668945,1848200
2013-05-13,15.314968803062932,15.326228993030652,15.25303292554092,15.286815643310547,1333600
2013-05-14,15.23614726141512,15.331865895856568,15.23614726141512,15.30371379852295,2214200
2013-05-15,15.151687201805174,15.191100560638782,15.106643209719126,15.1685791015625,1573400
2013-05-16,15.039079210679988,15.129168283917489,14.94336165111162,14.971513748168945,2905700
2013-05-17,14.875795837602409,14.948991937868843,14.8589039341869,14.937731742858887,4996300
2013-05-20,15.010928284592765,15.140429659452444,15.005297649955335,15.129169464111328,2097400
2013-05-21,14.909577845922433,15.067232381670978,14.864533846270515,14.971513748168945,2043700
2013-05-22,14.864533781965434,15.044709779793651,14.628052516332485,14.678727149963379,4884000
2013-05-23,14.492922379571016,14.656207569785288,14.442247739430986,14.594271659851074,3319900
2013-05-24,14.081892525624312,14.11004461983488,14.02558726326962,14.104413986206055,2292200
2013-05-28,14.211395514734498,14.256439515021546,14.081894148150946,14.115676879882812,2542700
2013-05-29,14.065000674542317,14.115675303447626,13.991804584975515,14.059370040893555,1598700
2013-05-30,14.059368900899411,14.177610050068814,14.048108708448469,14.1100435256958,1012800
2013-05-31,13.873565704441397,13.924240341668149,13.744064331054688,13.744064331054688,2946400
2013-06-03,13.879193276437892,14.0593692472938,13.834149283723914,14.04810905456543,3770300
2013-06-04,13.9467607904677,13.974912885183175,13.794736901563553,13.879194259643555,1984100
2013-06-05,13.586410334199197,13.614563508204576,13.411864951100974,13.423126220703125,2320000
2013-06-06,13.310515138130073,13.535736225395317,13.282363039188786,13.530105590820312,4175500
2013-06-07,13.316143976382017,13.485059769044522,13.282361247422951,13.445645332336426,2730400
2013-06-10,13.338664614272385,13.389339237469517,13.293620624089762,13.316142082214355,3580100
2013-06-11,13.023361100294288,13.181015669374434,12.98957836189636,13.107819557189941,2188500
2013-06-12,13.293624438364926,13.310515268321415,13.096556522047168,13.102187156677246,2831000
2013-06-13,13.32177400501117,13.5526246112892,13.276730010467494,13.513211250305176,3160700
2013-06-14,13.563887564697033,13.642714296464971,13.451277027371116,13.479430198669434,2461000
2013-06-17,13.70464829851253,13.760953559365785,13.60329904376338,13.693387031555176,1951700
2013-06-18,13.541367709690345,13.682130372260655,13.535738148249354,13.614564895629883,1254100
2013-06-19,13.653978478843724,13.710283759522644,13.25984258802519,13.271103858947754,3927400
2013-06-20,12.888226501268866,12.888226501268866,12.640485037202373,12.674267768859863,4031900
2013-06-21,12.860074663920093,12.8825961275026,12.67426802514619,12.792508125305176,2721400
2013-06-24,12.702420622608875,12.837552631218852,12.578549883199832,12.724943161010742,3384700
2013-06-25,12.90511494516904,12.99520292139895,12.792504437914953,12.955789566040039,2791300
2013-06-26,13.15849420175378,13.220429043160998,13.062775548014743,13.107819557189941,1354500
2013-06-27,13.310733460633978,13.397204007548613,13.287674061705992,13.293438911437988,1781700
2013-06-28,13.097438869516324,13.10896856937719,12.970615469644901,13.016733169555664,2652800
2013-07-01,12.930264949640332,13.0282652170515,12.901440694794168,12.947558403015137,1684100
2013-07-02,12.982145899259441,13.103204456005388,12.953321647987007,13.005204200744629,1988100
2013-07-03,12.693908134999862,12.84379092118942,12.693908134999862,12.797673225402832,952000
2013-07-05,12.987909404730583,13.016732553485875,12.791908914503185,12.901437759399414,1964200
2013-07-08,12.993672350104173,13.068613185604589,12.98790750129145,13.034025192260742,1582200
2013-07-09,13.258852085195677,13.322264338323183,13.143557279424352,13.304969787597656,1965100
2013-07-10,13.345321063312332,13.41449815850998,13.14932057637372,13.18967342376709,2931200
2013-07-11,13.506735769031133,13.575911776048745,13.443323512987648,13.547088623046875,2846800
2013-07-12,13.3510898075395,13.397207517946791,13.322266650859799,13.36838436126709,1483900
2013-07-15,13.391436893879861,13.466378828193587,13.391436893879861,13.449084281921387,1291300
2013-07-16,13.57591087161936,13.633558273315428,13.535558020291932,13.63355827331543,993200
2013-07-17,13.73732371193284,13.760383112987482,13.593205753939616,13.650853157043457,3439900
2013-07-18,13.570150226354139,13.633561393151046,13.54132596914374,13.604738235473633,2252700
2013-07-19,13.575905799865723,13.598965191742602,13.552847507521165,13.575905799865723,857000
2013-07-22,13.639325106063676,13.720030820449994,13.627795404141947,13.679677963256836,956700
2013-07-23,13.720029099268327,13.777676502112195,13.65085309548189,13.731558799743652,1992800
2013-07-24,13.777676227789234,13.789205928034994,13.57591087161936,13.63355827331543,1600400
2013-07-25,13.656615657110875,13.78343904248781,13.59320341465612,13.760380744934082,1203200
2013-07-26,13.777676630971138,13.869912036570877,13.702735776246136,13.864147186279297,1422400
2013-07-29,13.743088943866836,13.80650119899541,13.725794392595555,13.754618644714355,1323400
2013-07-30,13.616262966441806,13.616262966441806,13.500968178765543,13.552850723266602,1533400
2013-07-31,13.43179453267503,13.512501344569754,13.362618521945684,13.408736228942871,2148500
2013-08-01,13.408737292586313,13.466384705788872,13.374149284477959,13.414502143859863,4731200
2013-08-02,13.426027026804192,13.541320712288853,13.402967629987725,13.495203018188477,1065000
2013-08-05,13.4260281132643,13.47214581109661,13.408733564252442,13.460616111755371,1364400
2013-08-06,13.500967979431152,13.524026276906412,13.426027138220851,13.500967979431152,1634300
2013-08-07,13.230024321027058,13.310729997210249,13.212729776331072,13.270377159118652,2048700
2013-08-08,13.535558350835775,13.702735709883639,13.535558350835775,13.650853157043457,1526800
2013-08-09,13.64508930277507,13.783442420603434,13.64508930277507,13.737324714660645,1117400
2013-08-12,13.777676662025382,13.881441768442162,13.777676662025382,13.8237943649292,1876100
2013-08-13,13.898736810326287,13.967912817359258,13.823794853252293,13.933324813842773,1708500
2013-08-14,13.944854514859204,13.996737069900336,13.91026541180991,13.933324813842773,2322900
2013-08-15,13.80650219682202,13.86991335700067,13.69120737907978,13.841090202331543,2300300
2013-08-16,13.916029117002836,13.939088517137865,13.841088265629422,13.881441116333008,1458200
2013-08-19,13.875674431767866,13.90449867812574,13.754615895662505,13.760380744934082,1729100
2013-08-20,13.656615962332754,13.74308650427383,13.645086263531917,13.685439109802246,4110000
2013-08-21,13.610498513771171,13.696969057282187,13.477909174219489,13.524026870727539,3058200
2013-08-22,13.587440350189823,13.679675751585645,13.587440350189823,13.622028350830078,1636900
2013-08-23,13.714266707480057,13.818030723441462,13.69697215505339,13.79497241973877,1466800
2013-08-26,13.794971418915758,13.829559421726872,13.696971161340281,13.708500862121582,966000
2013-08-27,13.6047355165503,13.673911520964376,13.535558412603457,13.570147514343262,1735000
2013-08-28,13.454850875731772,13.581674266245754,13.431791477711439,13.524026870727539,991900
2013-08-29,13.524026276906412,13.570145070922067,13.500967979431152,13.500967979431152,991200
2013-08-30,13.63932092596705,13.63932092596705,13.518262391488864,13.535555839538574,1098600
2013-09-03,14.042854774433252,14.048619624941468,13.916030262318126,13.933324813842773,2454400
2013-09-04,14.01979400940851,14.181206509347744,14.002500559097925,14.129323959350586,1994400
2013-09-05,14.037087663816038,14.08897021050357,14.025557964656002,14.048617362976074,1030400
2013-09-06,14.152383325881091,14.192737278555782,14.065912769215178,14.135089874267578,1764200
2013-09-09,14.250382698483971,14.359912649877403,14.238854097968385,14.348382949829102,2078800
2013-09-10,14.532853064782087,14.596265312514385,14.504029915557949,14.578971862792969,2156100
2013-09-11,14.532852200706404,14.648146989813233,14.515558752013199,14.625088691711426,1172300
2013-09-12,14.498271469444601,14.550154040589822,14.46368345519217,14.480978012084961,1516600
2013-09-13,14.452146976739842,14.498264673971667,14.446382127144284,14.47520637512207,1054400
2013-09-16,14.72308814232774,14.72308814232774,14.57320536434689,14.584733963012695,1355600
2013-09-17,14.688501072451043,14.734618772068917,14.688501072451043,14.723090171813965,1067700
2013-09-18,14.6596818080627,15.120858926476402,14.6596818080627,15.109329223632812,2491500
2013-09-19,15.103561437670145,15.103561437670145,14.924854389925095,14.930619239807129,2056000
2013-09-20,14.872967885608727,14.878732733957817,14.751909368875031,14.757674217224121,1418100
2013-09-23,14.821089264596639,14.832618964340083,14.757678115073071,14.80379581451416,999200
2013-09-24,14.746148471856557,14.80379587126207,14.676971372663402,14.723090171813965,1068400
2013-09-25,14.757674217224121,14.826850198348406,14.728849975478672,14.757674217224121,1164800
2013-09-26,14.832617734830261,14.936382824854554,14.826852885436402,14.872970581054688,815400
2013-09-27,14.73461695196782,14.780734645888979,14.711558654773516,14.769206047058105,706600
2013-09-30,14.573206789970737,14.636617937199743,14.52132424253532,14.567441940307617,1793100
2013-10-01,14.590498265062807,14.700028194775332,14.567439969063196,14.688498497009277,1643900
2013-10-02,14.578969555263658,14.700028082283337,14.538615613391276,14.682733535766602,1581300
2013-10-03,14.705797963043945,14.711562813855432,14.60203284750293,14.653915405273438,1596600
2013-10-04,14.711564718288006,14.82109359928631,14.7000350151725,14.780740737915039,1209100
2013-10-07,14.475209312148664,14.596267879620308,14.463679610618167,14.521327018737793,1193600
2013-10-08,14.55014617304639,14.578970418948549,14.411793091313685,14.42908763885498,1196000
2013-10-09,14.49250400989085,14.532856869181245,14.394503737528623,14.486739158630371,1283300
2013-10-10,14.55591528985995,14.76344552307085,14.55591528985995,14.746150970458984,1573900
2013-10-11,14.798030267215417,14.942148208618164,14.798030267215417,14.942148208618164,1277000
2013-10-14,14.809556889327366,14.970968246459961,14.798027192522923,14.970968246459961,985600
2013-10-15,14.930618062502395,14.988265457244472,14.861442068437984,14.919088363647461,1115200
2013-10-16,14.994035493795879,15.109329223632814,14.988270642374085,15.109329223632812,856500
2013-10-17,15.18426929153447,15.334152111137055,15.18426929153447,15.328387260437012,1266900
2013-10-18,15.432151619519976,15.512857326309323,15.40909221784714,15.507092475891113,1711800
2013-10-21,15.489799499511719,15.512857802359365,15.466740097131249,15.489799499511719,1883400
2013-10-22,15.645443382834772,15.749208476676108,15.633914783155562,15.708855628967285,1819700
2013-10-23,15.466739765312251,15.478269466255131,15.39179890824913,15.472504615783691,1056900
2013-10-24,15.46097320363587,15.5301503021039,15.432150054001587,15.524385452270508,1461600
2013-10-25,15.541677673943578,15.605089917566602,15.541677673943578,15.593560218811035,880100
2013-10-28,15.599330020886287,15.691565441149848,15.564742013170687,15.645447731018066,3469300
2013-10-29,15.512857469550973,15.530152020965293,15.460974914840811,15.472504615783691,5904200
2013-10-30,15.478268460651528,15.50132676150642,15.29379765568148,15.386033058166504,1217000
2013-10-31,15.455208836805488,15.484033086873259,15.374503135681152,15.374503135681152,1794100
2013-11-01,15.368735201029352,15.38026489874235,15.27073496953385,15.362970352172852,1375500
2013-11-04,15.380266276716613,15.44944227012735,15.357206879224641,15.426383972167969,660100
2013-11-05,15.46673715435646,15.48403170285127,15.397560059909836,15.443678855895996,1017400
2013-11-06,15.56473838499899,15.593561534787765,15.512855835753045,15.570503234863281,833200
2013-11-07,15.524382821557355,15.564735664020356,15.33991205627935,15.362970352172852,989600
2013-11-08,15.328387412572118,15.437917377894339,15.299564258318677,15.420622825622559,1917900
2013-11-11,15.293799068489912,15.299563919119363,15.253445114083766,15.276504516601562,638700
2013-11-12,15.132387196503533,15.16121035135039,15.045916632430089,15.092034339904785,3862300
2013-11-13,14.890267025121497,15.011326678741144,14.878737324865773,15.005561828613281,1738400
2013-11-14,14.93061843116071,15.074736371808076,14.91908873202109,15.063206672668457,1487600
2013-11-15,15.236150489045912,15.282268190999133,15.195797637278435,15.264973640441895,1122400
2013-11-18,15.282271021015442,15.322623880255579,15.149682740788432,15.178505897521973,3323100
2013-11-19,15.16120910644531,15.207326810133226,15.120856253159983,15.161209106445312,1212000
2013-11-20,15.063206751620807,15.115089298488407,14.872971112950486,14.942148208618164,2346900
2013-11-21,14.84991528308724,14.878738436346985,14.792267877034934,14.838385581970215,1746100
2013-11-22,14.77497036520191,14.849912307915174,14.74038236831334,14.83261775970459,840700
2013-11-25,14.815329807255955,14.855682668518261,14.792270401087205,14.821093559265137,856800
2013-11-26,14.682738710415013,14.786503827020464,14.682738710415013,14.746150970458984,1044500
2013-11-27,14.665440201009666,14.688498497009277,14.630851107711502,14.688498497009277,882200
2013-11-29,14.68274253690003,14.751919665842946,14.60780165511727,14.619331359863281,1466300
2013-12-02,14.480971732814833,14.515559732069141,14.434854033964864,14.452147483825684,1912400
2013-12-03,14.388737277986296,14.429091232299134,14.331090970890756,14.417561531066895,1693000
2013-12-04,14.29073884267027,14.42909196589271,14.284973991761058,14.40603256225586,1150800
2013-12-05,14.135088025505594,14.238853119746118,14.112028626993192,14.221558570861816,2939300
2013-12-06,14.256148748567787,14.331090705657523,14.227325595553463,14.319561004638672,1376800
2013-12-09,14.094734896400858,14.135087743459735,14.083205197374717,14.123558044433594,1105800
2013-12-10,14.123555070467148,14.146614463663864,14.077437383606103,14.117790222167969,961800
2013-12-11,14.077440138646523,14.083204988073918,13.881439656245497,13.904499053955078,2332600
2013-12-12,13.6047355165503,13.616265217130234,13.51826496126632,13.570147514343262,1779100
2013-12-13,13.691207739429737,13.737325447833868,13.650854882017734,13.72579574584961,1586700
2013-12-16,13.82379352254428,13.916028922731337,13.818028672591002,13.829558372497559,1580400
2013-12-17,13.702737367100292,13.720030820449994,13.633560255102813,13.679677963256836,1283800
2013-12-18,13.706851843930874,13.860462117884797,13.517790878130802,13.7363920211792,2759500
2013-12-19,13.8840914492078,13.966804824897679,13.860458412219133,13.954989433288574,3210700
2013-12-20,14.114515588089489,14.179505348205566,14.096791927611168,14.179505348205566,2131800
2013-12-23,14.333113877433156,14.409919019958265,14.3094808324189,14.350838661193848,1379500
2013-12-24,14.33311681478994,14.409921973055113,14.33311681478994,14.398106575012207,337900
2013-12-26,14.303575548860753,14.374473571777346,14.244495177797079,14.374473571777344,355400
2013-12-27,14.418234532824474,14.430062723994578,14.3176971638754,14.32361125946045,849500
2013-12-30,14.400498488020139,14.400498488020139,14.329530443795516,14.365015029907227,1385600
2013-12-31,14.394581662028159,14.453721499673021,14.370925275770782,14.412323951721191,994100
2014-01-02,14.388665501459283,14.394579597175271,14.288128130284333,14.299956321716309,2460600
2014-01-03,14.501029586011898,14.560169409145377,14.441889762878418,14.441889762878418,1702500
2014-01-06,14.40641094243447,14.424152105467877,14.365013391358293,14.394582748413086,1851100
2014-01-07,14.34135654720594,14.40049638743332,14.335442450383338,14.370925903320312,911100
2014-01-08,14.32361170712467,14.353182185974108,14.228988430803328,14.282214164733887,3192900
2014-01-09,14.294042674400357,14.294042674400357,14.211247587776112,14.258559226989746,1595400
2014-01-10,14.311784442520969,14.43597706794857,14.311784442520969,14.400493621826172,1517200
2014-01-13,14.430062360311705,14.471459900365318,14.29404154927887,14.329524993896484,1344800
2014-01-14,14.146192911811502,14.175762261754894,14.09296717951468,14.140278816223145,1862100
2014-01-15,14.087055344833976,14.163937471823456,14.081141248296433,14.134366989135742,1575900
2014-01-16,14.09296726468442,14.116623647180816,14.045655627690032,14.104795455932617,1571400
2014-01-17,14.075227964064867,14.087056157822579,13.986518766879316,14.022002220153809,1374600
2014-01-21,14.158021420527584,14.181676675413165,14.063398144988424,14.116623878479004,1054300
2014-01-22,14.193504316084962,14.211246602559484,14.104795139709106,14.128450393676758,1471000
2014-01-23,13.974687965728156,13.974687965728156,13.767700253581129,13.850495338439941,2400500
2014-01-24,13.690817391325128,13.714473773139161,13.542968388982528,13.548882484436035,2554600
2014-01-27,13.613939647703852,13.690820650906952,13.489745869608214,13.608025550842285,1644300
2014-01-28,13.67898856037096,13.726300193786921,13.637591022131785,13.708559036254883,1594500
2014-01-29,13.554799309152779,13.690820147976202,13.554799309152779,13.566627502441406,2074400
2014-01-30,13.767699834153301,13.803183279726312,13.702645910604119,13.773613929748535,1517200
2014-01-31,13.52522842488581,13.69081860021203,13.495657945007222,13.625765800476074,1227000
2014-02-03,13.732215692564699,13.755872075689812,13.412862416364717,13.418776512145996,3398900
2014-02-04,13.64350882193502,13.749960308025319,13.619853562803078,13.744046211242676,2315100
2014-02-05,13.62576715789127,13.673078802411784,13.542970933981431,13.637594223022461,1216900
2014-02-06,13.862323731174905,13.992430456126769,13.862323731174905,13.980602264404297,3548900
2014-02-07,13.992430383055762,14.087053660344512,13.962861031902444,14.08113956451416,1447600
2014-02-10,14.075227737426758,14.098884124561268,14.045658381507245,14.075227737426758,1320700
2014-02-11,14.264472447333317,14.453718992571838,14.258558351794816,14.406407356262207,1488300
2014-02-12,14.548342196949013,14.571997450993676,14.471460083307505,14.50694465637207,1626100
2014-02-13,14.311786159054556,14.51877389292635,14.305872062658427,14.47146224975586,1156700
2014-02-14,14.642965334569594,14.725760414962673,14.631137143656762,14.708019256591797,2135300
2014-02-18,14.755332989193294,14.796730535273031,14.719848411411922,14.77307415008545,2493800
2014-02-19,14.767157955159215,14.861781226465126,14.678448779309718,14.708019256591797,2071700
2014-02-20,14.731676295834516,14.903181700861177,14.71393400731498,14.861783027648926,1207100
2014-02-21,14.79672944925638,14.844041088160541,14.778987161667901,14.790815353393555,992500
2014-02-24,14.909096130014918,15.080601551847817,14.897269064508103,14.968235969543457,1572600
2014-02-25,14.909094031275878,14.938664510876848,14.814470752549692,14.838127136230469,2660200
2014-02-26,14.832209305399305,14.867692743986897,14.743500144931241,14.802639961242676,2506000
2014-02-27,14.696195731721998,14.820388391742798,14.690281634387857,14.808561325073242,1203200
2014-02-28,14.74350189548806,14.814468781089435,14.684362072154713,14.755330085754395,1839100
2014-03-03,14.607481872075464,14.666620570571004,14.571997299380097,14.642965316772461,2120200
2014-03-04,14.844041101476627,14.879524548686966,14.814470622135971,14.85586929321289,1115300
2014-03-05,14.879526409120798,14.932752150590513,14.879526409120798,14.909095764160156,1534900
2014-03-06,15.116081553661042,15.181135475091764,15.086512204646183,15.092426300048828,1708700
2014-03-07,15.204795668571297,15.204795668571297,15.033291358168242,15.074688911437988,1378300
2014-03-10,14.94457779337762,14.950491888975916,14.820384041810216,14.885437965393066,1451500
2014-03-11,14.938664586430315,14.974148034132481,14.708020484368546,14.737589836120605,2818200
2014-03-12,14.62522426906554,14.737589836120605,14.595654917313482,14.737589836120605,1503500
2014-03-13,14.909092542228239,14.950491209534897,14.6843625596981,14.731674194335938,3014200
2014-03-14,14.619310740772029,14.708021055469692,14.607483676411048,14.613396644592285,1757100
2014-03-17,14.767158293245783,14.844040407940996,14.767158293245783,14.82038402557373,1452900
2014-03-18,14.879523424746761,14.968232600071095,14.867695233903953,14.926835060119629,2620200
2014-03-19,14.897267864637074,14.897267864637074,14.61339688336364,14.690279006958008,1807500
2014-03-20,14.518772384664011,14.684363682557775,14.495117129535435,14.6607084274292,1347800
2014-03-21,14.737588967767206,14.808556986988496,14.6784491397492,14.702105522155762,2121600
2014-03-24,14.903177310572662,14.903177310572662,14.737586050500282,14.802639961242676,1361900
2014-03-25,14.956404012060947,15.027370893884285,14.90909125351439,14.985973358154297,1660400
2014-03-26,15.133824099639668,15.181135735674559,15.039200827569887,15.056941986083984,2086100
2014-03-27,15.068772455627078,15.139740484409613,15.02146081243824,15.116084098815918,1702300
2014-03-28,15.157480339952034,15.222534266732445,15.151567372061498,15.187050819396973,840800
2014-03-31,15.228452315659037,15.317161521024293,15.216624120810671,15.299420356750488,1177300
2014-04-01,15.252098298360183,15.317151069641113,15.246184204971374,15.317151069641113,1833900
2014-04-02,15.293505212230517,15.346730957405228,15.269848824153458,15.3349027633667,1180500
2014-04-03,15.287587657140017,15.287587657140017,15.228447828323544,15.263931274414062,1785200
2014-04-04,15.423607659596263,15.476833389921424,15.287586850097895,15.31124210357666,2121700
2014-04-07,15.334893349807537,15.411774307866082,15.293495824083859,15.317151069641113,1742100
2014-04-08,15.47683729647723,15.60694404344696,15.447267940165494,15.589202880859375,2366400
2014-04-09,15.772532880696945,15.873070255477478,15.707478953486463,15.849413871765137,4341000
2014-04-10,15.725221479594547,15.748876735666936,15.606941815237168,15.612855911254883,2454400
2014-04-11,15.589202381167436,15.666083381912808,15.547804832458496,15.547804832458496,1244200
2014-04-14,15.488662994034742,15.541888729216872,15.447265450670523,15.518232345581055,1316800
2014-04-15,15.399950435111407,15.459089125238462,15.299413082697919,15.41177749633789,3089700
2014-04-16,15.541889922352876,15.606942726348496,15.500491247812063,15.595115661621094,983000
2014-04-17,15.648342320944959,15.689741000904029,15.577375411298219,15.64242935180664,1623900
2014-04-21,15.636513710021973,15.660168968234546,15.61877142036361,15.636513710021973,779300
2014-04-22,15.725219745359812,15.819843015210925,15.725219745359812,15.790273666381836,1330600
2014-04-23,15.648338563913114,15.73704887167099,15.636511500477361,15.725220680236816,549400
2014-04-24,15.713391258471745,15.725219448979791,15.654251433929845,15.695650100708008,705800
2014-04-25,15.677912254719656,15.707481611365084,15.61877241343015,15.654255867004395,3121600
2014-04-28,15.754789223157712,15.80210085847056,15.660165952532012,15.772531509399414,2541900
2014-04-29,15.654251691391872,15.689736263499618,15.624682342633768,15.660165786743164,2379100
2014-04-30,15.612858866121588,15.660170515218978,15.55963311988719,15.64242935180664,1093800
2014-05-01,15.476831123886077,15.524142751914843,15.44726177936742,15.500486373901367,2294000
2014-05-02,15.465004581615823,15.559627847748978,15.441349329081687,15.535972595214844,1030000
2014-05-05,15.441352802383964,15.577373637046447,15.41178232006697,15.55963134765625,1344100
2014-05-06,15.666081516047582,15.695651995888202,15.618769876301057,15.630598068237305,1067400
2014-05-07,15.583288101419983,15.63651384284863,15.530062359991337,15.61877155303955,1123100
2014-05-08,15.689737594534169,15.784360872185465,15.689737594534169,15.719306945800781,1283200
2014-05-09,15.660165529183868,15.701563067963699,15.62468208565806,15.695650100708008,1149700
2014-05-12,15.677910812334583,15.742964744567873,15.660168523180445,15.742964744567871,773100
2014-05-13,15.790278704302935,15.790278704302935,15.725224762525318,15.754794120788574,1308700
2014-05-14,15.861240962430427,15.873069153465408,15.778445881182325,15.802101135253906,766000
2014-05-15,15.83758543095397,15.843499526367872,15.707477587844862,15.772531509399414,1230600
2014-05-16,15.819845923618429,15.837588212976735,15.754791990636534,15.80801773071289,2201100
2014-05-19,15.58328823409559,15.618771686017263,15.553717750828698,15.601029396057129,983700
2014-05-20,15.453180995435849,15.476837383016424,15.33490244152891,15.35855770111084,2206100
2014-05-21,15.429522889682863,15.488662719726562,15.405866506466007,15.488662719726562,1775900
2014-05-22,15.559628949518535,15.601026490383342,15.55371485396665,15.583285331726074,719800
2014-05-23,15.630601157532618,15.666084612355988,15.624687060395608,15.64242935180664,513000
2014-05-27,15.748875573418248,15.748875573418248,15.68382277802114,15.731134414672852,832200
2014-05-28,15.648339732003976,15.683824308955288,15.624684475368273,15.671996116638184,791700
2014-05-29,15.748877533656263,15.819845561466307,15.737050469020033,15.813931465148926,630100
2014-05-30,15.695651459720631,15.719306714786589,15.666080980890145,15.707478523254395,1782300
2014-06-02,15.713391258471745,15.719305353725769,15.671993719691915,15.695650100708008,1198400
2014-06-03,15.612855318937882,15.618769414731231,15.577371872176222,15.606941223144531,1130600
2014-06-04,15.50640284011897,15.53597331715864,15.494575777301463,15.524145126342773,751300
2014-06-05,15.553715043882333,15.666080604743387,15.48866224801406,15.648338317871094,2440000
2014-06-06,15.683823268188437,15.731134906318783,15.654252789357951,15.707478523254395,1425400
2014-06-09,15.73113673282402,15.819845923618429,15.719308539918481,15.80801773071289,1053400
2014-06-10,15.77253427999484,15.80801773071289,15.719308539918481,15.80801773071289,726000
2014-06-11,15.7252242665194,15.7370524606511,15.695654909188821,15.713396072387695,812400
2014-06-12,15.695651082863877,15.719306337361866,15.624683063373105,15.648338317871094,473100
2014-06-13,15.6365112546213,15.654252413495191,15.595113713251017,15.648338317871094,852700
2014-06-16,15.671998709492998,15.719310358590388,15.636515254669629,15.64242935180664,648100
2014-06-17,15.45317814490128,15.506403879140766,15.429522889682863,15.488662719726562,1766900
2014-06-18,15.423609350681858,15.612855911254885,15.405867062628706,15.612855911254883,1709600
2014-06-19,15.778445243835447,15.813928687508708,15.737047704883588,15.77844524383545,2919100
2014-06-20,15.707478393085557,15.725220680236816,15.67199494678146,15.725220680236816,1666500
2014-06-23,15.802103634260122,15.819845923618429,15.748877894183765,15.80801773071289,3130900
2014-06-24,15.671997980931144,15.725223724691178,15.583288783997299,15.589202880859375,1284000
2014-06-25,15.56098354998054,15.663042515370934,15.530966678718169,15.65103530883789,1573500
2014-06-26,15.813128561168721,15.879167049521781,15.771104484969571,15.867159843444824,1509900
2014-06-27,15.777108088008049,15.885169507490062,15.753093675854139,15.867159843444824,1680700
2014-06-30,15.609009138557969,15.693057282881623,15.609009138557969,15.687053680419922,1716200
2014-07-01,15.69305956138165,15.789114924575136,15.69305956138165,15.759098052978516,1808400
2014-07-02,15.843144065861365,15.93919941605816,15.843144065861365,15.90918254852295,876700
2014-07-03,15.831140911060633,15.939202341059797,15.813130100192286,15.933199882507324,487400
2014-07-07,15.897178260770627,15.933199882507322,15.897178260770627,15.933199882507324,1143500
2014-07-08,15.89717649001263,15.909183695920733,15.831139147658416,15.873163223266602,992300
2014-07-09,15.783114760110228,15.873166533057782,15.777111155904334,15.861159324645996,1869100
2014-07-10,15.645032382385885,15.78311297334887,15.639028778859643,15.771105766296387,1117800
2014-07-11,15.94520305016479,15.94520305016479,15.879165712442493,15.939199447631836,855300
2014-07-14,16.035257088682485,16.04726429546364,16.00524021679985,16.01124382019043,766600
2014-07-15,15.957213151928146,15.975223962796493,15.843146973235891,15.933199882507324,1247700
2014-07-16,15.975221411069084,15.999234676654261,15.951207000413785,15.98122501373291,1060600
2014-07-17,15.981226011035512,16.017246484196182,15.855152637367869,15.867159843444824,959600
2014-07-18,15.999234516014205,16.077280204790192,15.987227310807114,16.04726219177246,1236600
2014-07-21,15.96921780840526,16.023249087309562,15.945203397749959,15.98122501373291,1350200
2014-07-22,16.101298556892797,16.119309370393452,16.07128167946218,16.095294952392578,795400
2014-07-23,16.269397735595703,16.281404945841857,16.239379709980316,16.269397735595703,1132500
2014-07-24,16.269392655894194,16.269392655894194,16.197350561981164,16.221364974975586,698400
2014-07-25,16.18534008187141,16.18534008187141,16.11329914759946,16.11930274963379,647200
2014-07-28,16.16733315644848,16.19134642357898,16.083285003886417,16.179340362548828,3137200
2014-07-29,16.20335452524744,16.221365335393433,16.15532684326172,16.15532684326172,796400
2014-07-30,16.215359370548033,16.25137984052405,16.12530762307294,16.16733169555664,1439400
2014-07-31,16.047266859722832,16.089290945101823,15.951211480265004,15.963218688964844,1835500
2014-08-01,15.86716292885189,15.957214701799444,15.813131636069274,15.861159324645996,2883000
2014-08-04,15.891170122855462,15.945201394973235,15.82513279198817,15.927191734313965,1840500
2014-08-05,15.81312573303699,15.837138995826004,15.705063187811454,15.753090858459473,1544100
2014-08-06,15.777109199860822,15.903181437342898,15.765101992937687,15.837142944335938,1306800
2014-08-07,15.729080781759565,15.753094049412717,15.609011008283144,15.657038688659668,1268500
2014-08-08,15.5489772650055,15.633026570648008,15.512956788341741,15.62101936340332,1154200
2014-08-11,15.597004948913943,15.633026570648008,15.554980868627842,15.62101936340332,1031200
2014-08-12,15.73508005256522,15.789111325177988,15.729077595670459,15.753090858459473,889300
2014-08-13,15.861159324645996,15.897179804810936,15.849152116234212,15.861159324645996,818600
2014-08-14,15.95120792056401,16.00523920258512,15.933198256603765,15.987228393554688,727300
2014-08-15,16.00524021679985,16.035257088682485,15.90318124930053,16.01124382019043,850500
2014-08-18,16.065271476394827,16.137312410666773,16.065271476394827,16.11930274963379,994500
2014-08-19,16.173339281388564,16.18534534429081,16.137317657470703,16.137317657470703,1707400
2014-08-20,16.203357045651078,16.305416028879613,16.19134983701938,16.251384735107422,1329800
2014-08-21,16.203353687407418,16.251381366909733,16.19134648126429,16.2393741607666,791300
2014-08-22,16.221365619227456,16.239375284618312,16.143319918966135,16.173337936401367,1781800
2014-08-25,16.197350278692333,16.221364691266746,16.185343072405125,16.203353881835938,595500
2014-08-26,16.251381846148377,16.269392655894194,16.209357768478373,16.221364974975586,381900
2014-08-27,16.323424760323732,16.329428363874023,16.281400680541992,16.281400680541992,608100
2014-08-28,16.281399471698037,16.299409135941453,16.251381456175334,16.293405532836914,862300
2014-08-29,16.28740338890191,16.32942861439869,16.26939372304503,16.3054141998291,1071700
2014-09-02,16.293406992544305,16.317421407113894,16.251382912117837,16.3054141998291,1951500
2014-09-03,16.43749021371584,16.43749021371584,16.377456466815392,16.413476943969727,897100
2014-09-04,16.46751006782683,16.515537757742905,16.335433061754784,16.359447479248047,740400
2014-09-05,16.281401939419315,16.329429626464844,16.209359836315834,16.329429626464844,865100
2014-09-08,16.221368356756216,16.221368356756216,16.0772852839624,16.095294952392578,805300
2014-09-09,16.09529146794018,16.09529146794018,15.969219235940262,15.999236106872559,842300
2014-09-10,15.897175721509482,15.98122501373291,15.86715885326048,15.98122501373291,825600
2014-09-11,15.705064106077568,15.759095381849514,15.681050841884513,15.723074913024902,2140600
2014-09-12,15.591002665076676,15.597006269207228,15.506954497389762,15.55498218536377,1534300
2014-09-15,15.422902776015109,15.422902776015109,15.35086068811856,15.404891967773438,1620500
2014-09-16,15.2788225245389,15.536970619206315,15.266815316860317,15.518960952758789,2122200
2014-09-17,15.254804612035839,15.266811816961782,15.050686708575132,15.110721588134766,2695000
2014-09-18,15.14674604353005,15.242801418073268,15.1407424394873,15.218788146972656,1093100
2014-09-19,15.18876654672566,15.194770149353344,15.056690724126957,15.068697929382324,867800
2014-09-22,14.85857961103062,14.864583214948572,14.756520634566181,14.82856273651123,2431600
2014-09-23,14.882590900054199,14.906604165610748,14.834562078800852,14.84056568145752,1696900
2014-09-24,14.882589978289843,14.984647781921808,14.834561160011196,14.978645324707031,1526700
2014-09-25,14.70849185680777,14.70849185680777,14.564408808680128,14.576416015625,2118200
2014-09-26,14.492369257238659,14.546400552909313,14.462352379675174,14.528390884399414,1550700
2014-09-29,14.26423479451121,14.360290155141975,14.246223984991609,14.288248062133789,2493700
2014-09-30,14.330275111834576,14.408319672898482,14.288249884262846,14.372299194335938,1808000
2014-10-01,14.420325219262743,14.468352900169162,14.354286728615078,14.396310806274414,1935300
2014-10-02,14.456348419189453,14.498372504771764,14.30626174492666,14.456348419189453,2164300
2014-10-03,14.408319978452202,14.444340457778623,14.330275415733226,14.420327186584473,1366400
2014-10-06,14.420323940984353,14.540392560071894,14.378299867050208,14.492364883422852,1540100
2014-10-07,14.438336691202515,14.438336691202515,14.312264442443848,14.312264442443848,1722000
2014-10-08,14.318268192437234,14.606434316884203,14.240222484730518,14.594427108764648,1628000
2014-10-09,14.57041203557446,14.606432510407839,14.31826642160032,14.330273628234863,1955300
2014-10-10,14.04811054136717,14.108145431793114,13.910031094936704,13.916034698486328,2376400
2014-10-13,14.168181684439507,14.198198560003348,14.006087808225793,14.018095016479492,2038000
2014-10-14,14.180188546012657,14.258233107612835,14.090135631381958,14.114150047302246,2094900
2014-10-15,14.27024013609946,14.354288300622656,14.018094497459511,14.318267822265625,3604000
2014-10-16,14.192192155959052,14.522383447371286,14.180186095144382,14.39030647277832,3269700
2014-10-17,14.576415759930251,14.636449503460968,14.528388078063523,14.588421821594238,1421300
2014-10-20,14.522383233600397,14.702486738941255,14.516379630746348,14.678473472595215,1577600
2014-10-21,14.72050007454916,14.810551842678636,14.72050007454916,14.774531364440918,1356400
2014-10-22,14.756517602383479,14.83456214713945,14.69047911792603,14.720497131347656,2147400
2014-10-23,14.792536513305299,14.864578592849062,14.792536513305299,14.798540115356445,1184500
2014-10-24,14.93062352510041,14.972647612556152,14.900605501867377,14.948633193969727,1606600
2014-10-27,14.948631567780232,15.026677274625397,14.9306219008701,14.966642379760742,2256200
2014-10-28,15.14074221650415,15.3688745864873,15.122732549711522,15.224791526794434,2154200
2014-10-29,15.194774802441376,15.218789220306038,14.912612262954429,14.960639953613281,3419300
2014-10-30,15.074703358306225,15.224790006970938,15.056692548241166,15.18876838684082,2242400
2014-10-31,15.23079375646708,15.272817835285183,15.182766074236351,15.266814231872559,1797800
2014-11-03,15.038683337542025,15.050690545529033,14.924618296876597,14.966642379760742,2753500
2014-11-04,15.026675475562653,15.074703156690207,15.002661062463757,15.050688743591309,2676700
2014-11-05,14.858575884235714,14.894596353638482,14.786533800360102,14.882590293884277,1622000
2014-11-06,14.870585130160032,14.918612810979244,14.810550242868459,14.82255744934082,3279400
2014-11-07,14.942626087434576,15.038681449128159,14.942626087434576,14.996657371520996,3430400
2014-11-10,15.056692258847043,15.062695862086672,14.966640500393089,14.996657371520996,1967400
2014-11-11,14.984646675725902,15.092709218735362,14.960633413429337,15.044681549072266,1373100
2014-11-12,14.942627740064435,14.996659030126626,14.918614469520328,14.97264575958252,1599400
2014-11-13,14.9306172343721,14.966637702004705,14.846567949802662,14.876585960388184,1033900
2014-11-14,14.816553854613087,15.01466818123988,14.810550251373458,14.996657371520996,788400
2014-11-17,14.792541113003523,14.846572403194719,14.774531446320035,14.82856273651123,981600
2014-11-18,14.774528342374415,14.846569284114189,14.768524739717746,14.84056568145752,2645700
2014-11-19,14.552398775094092,14.570409582013005,14.444336223720736,14.462347030639648,4131700
2014-11-20,14.282244612504142,14.4203240406911,14.25823020147851,14.402313232421875,1146400
2014-11-21,14.612437164831453,14.642454038506743,14.534391461163171,14.558405876159668,1740700
2014-11-24,14.456343428333344,14.474354235252255,14.420322959565578,14.462347030639648,1475200
2014-11-25,14.300253455042427,14.354284731679218,14.300253455042427,14.342277526855469,1432600
2014-11-26,14.414320116668465,14.498368263244627,14.402312911423264,14.498368263244629,1302000
2014-11-28,14.210202154541054,14.25222622767169,14.150167273610098,14.186187744140625,1988900
2014-12-01,13.916033610969793,13.982072099784554,13.807971045662073,13.976068496704102,3805800
2014-12-02,14.006082569562224,14.060113841424267,13.964058501462853,14.036099433898926,1535700
2014-12-03,14.120150503706792,14.162174577129175,14.084128887856076,14.096136093139648,2286600
2014-12-04,14.138161691312272,14.216207389002319,14.120152026514756,14.132159233093262,1449900
2014-12-05,14.0000817927202,14.030099808184133,13.952054113048115,14.006085395812988,1603000
2014-12-08,13.988075650941225,14.042106937817547,13.910031094936704,13.916034698486328,2384900
2014-12-09,13.67589580547073,13.77195116877816,13.657884995449244,13.759943962097168,2220000
2014-12-10,13.699912634078471,13.705916238979176,13.513805462438812,13.56783676147461,2780800
2014-12-11,13.56182715077313,13.669889700989657,13.513799477906902,13.549819946289062,2213100
2014-12-12,13.447763042160144,13.495790722325815,13.333696872365344,13.345704078674316,2876800
2014-12-15,13.369721178993792,13.399738055730268,13.201623692086368,13.207627296447754,8203400
2014-12-16,13.213632878856446,13.399740061637347,13.195622063076119,13.2616605758667,3428800
2014-12-17,13.210207352634287,13.489165754147832,13.204008145669782,13.303193092346191,4657000
2014-12-18,13.489161362225413,13.56354945682386,13.38997644784252,13.551152229309082,4432700
2014-12-19,13.650341420061162,13.730928744852061,13.594549740445228,13.724729537963867,2031900
2014-12-22,13.86730035356617,13.910693592563415,13.842503541352269,13.861101150512695,3191800
2014-12-23,13.7247280482292,13.743325666875126,13.675135580884415,13.71233081817627,3045400
2014-12-24,13.699929454273764,13.749521910934499,13.662735407372573,13.718525886535645,1978900
2014-12-26,13.749522840599512,13.805314505912333,13.73712443000166,13.755722045898438,630800
2014-12-29,14.003683839942147,14.040877888014176,13.9602905867952,13.966489791870117,1389600
2014-12-30,13.93548912444137,13.960285936480965,13.885896682739258,13.885896682739258,1515100
2014-12-31,13.867306989100333,13.898301836821723,13.724727615400049,13.743325233459473,1863400
2015-01-02,13.780517494056086,13.805314314908713,13.675133370187412,13.699930191040039,2210300
2015-01-05,13.712326302372245,13.730922732516225,13.54495133681263,13.569746971130371,2444900
2015-01-06,13.619341143136674,13.675132805373266,13.47676297625536,13.513957023620605,2265900
2015-01-07,13.526358014707512,13.644140566613714,13.501562372524859,13.637941360473633,1655400
2015-01-08,13.718526682360695,13.848707627632939,13.706129454259411,13.817712783813477,879900
2015-01-09,14.022282426374053,14.040878860509354,13.929295526187344,13.947893142700195,1932700
2015-01-12,13.873504887267368,13.873504887267368,13.755723521089207,13.786718368530273,1508300
2015-01-13,13.811515192385237,13.88590329919485,13.675135025938213,13.786718368530273,1870100
2015-01-14,13.575949332323741,13.631741000484356,13.48916281846393,13.600746154785156,2055800
2015-01-15,13.768120056230048,13.792916878834358,13.631741079039076,13.681333541870117,3659900
2015-01-16,13.56975232132365,13.842511500624289,13.56975232132365,13.836312294006348,1953200
2015-01-20,13.681335560878109,13.706132387141784,13.557354976692993,13.656539916992188,1283700
2015-01-21,13.830107166436282,13.910695635590193,13.724723063803884,13.78051471710205,2670400
2015-01-22,13.799115516652282,13.86730559363054,13.74952305586197,13.77431869506836,2110700
2015-01-23,13.675135414936449,13.718528675539346,13.613144535913307,13.637941360473633,1943600
2015-01-26,13.668934808411842,13.718527270074066,13.613143141244647,13.687532424926758,1135200
2015-01-27,13.730927254444508,13.768121309358675,13.681334787099724,13.71233081817627,1300900
2015-01-28,13.89210290032861,13.898302106468691,13.613144535913307,13.637941360473633,2074500
2015-01-29,13.619340459942142,13.681331324026168,13.513956345712515,13.668932914733887,1584800
2015-01-30,13.557352590002177,13.699930768785013,13.55115338452759,13.588347434997559,1610900
2015-02-02,13.805312984486608,13.885900279736433,13.768117756792183,13.867303848266602,1886300
2015-02-03,13.916900288985856,14.270246776649065,13.904501876203145,14.164862632751465,2460900
2015-02-04,14.140064686196064,14.20205556281741,14.06567658015255,14.090472221374512,3222600
2015-02-05,14.202056808693191,14.35083421620935,14.202056808693191,14.344635009765625,1437000
2015-02-06,14.251649856567383,14.31983994783953,14.208256592077028,14.251649856567383,2338600
2015-02-09,14.270241756941566,14.350829046926318,14.22064930563311,14.233046531677246,2138900
2015-02-10,14.22065035130268,14.264043601591199,14.152460282347928,14.226849555969238,1193600
2015-02-11,14.053276813106775,14.053276813106775,13.93549427712249,14.016082763671875,1672900
2015-02-12,13.972688326940572,14.152460535983014,13.966489122162914,14.10286808013916,1859300
2015-02-13,14.350832494054625,14.45001742049616,14.338434082655036,14.40042495727539,1803000
2015-02-17,14.406617911047837,14.499603591437308,14.381822281386613,14.493404388427734,1798700
2015-02-18,14.481012427786222,14.611192191168792,14.462414811998352,14.561599731445312,1554200
2015-02-19,14.487207953833705,14.58639284809137,14.487207953833705,14.499605178833008,1434900
2015-02-20,14.48721256777999,14.592596699289075,14.412823282206336,14.580198287963867,1195600
2015-02-23,14.50580617689919,14.567797039072843,14.48720974591124,14.543000221252441,1150300
2015-02-24,14.549203268382128,14.710379079651764,14.493411595928112,14.679384231567383,1499100
2015-02-25,14.778568267822266,14.834359936891957,14.772369062105902,14.778568267822266,1556300
2015-02-26,14.691781625135556,14.691781625135556,14.54300305398825,14.580198287963867,1675400
2015-02-27,14.654587407197749,14.735175904021398,14.635990971298186,14.679384231567383,1490100
2015-03-02,14.685579932045126,14.722773977343275,14.654583908982186,14.691779136657715,1122200
2015-03-03,14.710378338623242,14.741374367523875,14.673184286320087,14.697979927062988,1448000
2015-03-04,14.685582620824016,14.685582620824016,14.549202459132037,14.617392539978027,964700
2015-03-05,14.573996243527944,14.598791878970994,14.50580617689919,14.543000221252441,1426600
2015-03-06,14.456214320273528,14.468612729695437,14.282641317876406,14.288839340209961,1727700
2015-03-09,14.301237749631868,14.319835363764732,14.257844499032588,14.288839340209961,1556600
2015-03-10,14.065674071889525,14.10286811827865,13.929293931167043,13.96028995513916,3214000
2015-03-11,13.985085615120255,14.003683229534351,13.88590070299991,13.923094749450684,2739200
2015-03-12,14.295042328836242,14.350834003625558,14.264047479454495,14.326038360595703,2502600
2015-03-13,14.121469334105432,14.12766854048086,13.923098277224927,14.047080039978027,3172700
2015-03-16,14.152460087367386,14.220650155382675,14.133862473623932,14.17105770111084,2973600
2015-03-17,14.102869651515116,14.16486052382146,14.084272035109949,14.127666473388672,1800600
2015-03-18,14.14626028264747,14.580195125899866,14.133861874011155,14.549199104309082,3881200
2015-03-19,14.43762177958915,14.493412272268987,14.363232485386504,14.406625747680664,2043200
2015-03-20,14.722773943641316,14.883949716067518,14.679380693829913,14.834357261657715,3339200
2015-03-23,14.859151710008739,14.989332631415204,14.834356075974398,14.939740180969238,1827300
2015-03-24,14.989337091652649,15.0141327330652,14.921147008607276,14.945943832397461,2407600
2015-03-25,14.976938121235571,14.995535738384666,14.766169856389537,14.778568267822266,2076700
2015-03-26,14.67938340063517,14.685582606376672,14.55540165056036,14.635990142822266,2856200
2015-03-27,14.555395236146406,14.573992845175132,14.474807961776085,14.493404388427734,3337800
2015-03-30,14.332237149241129,14.388027640026742,14.31983873689869,14.338435173034668,2285600
2015-03-31,14.140061678205084,14.264043405073357,14.133862473623932,14.17105770111084,2011500
2015-04-01,14.214454666639774,14.257847927674005,14.152463787000437,14.195857048034668,2148700
2015-04-02,14.164861752835982,14.307439943847093,14.146264134817192,14.24544906616211,3291500
2015-04-06,14.270244345431177,14.512007441616316,14.25784593476078,14.375628471374512,2471200
2015-04-07,14.431418636359876,14.530603546654248,14.425219431669303,14.4500150680542,2396700
2015-04-08,14.592593732740108,14.679380229618435,14.530602871093869,14.60499095916748,3928000
2015-04-09,14.617390116207698,14.617390116207698,14.487210364226561,14.567797660827637,1960400
2015-04-10,14.54920057261236,14.623589849560277,14.54920057261236,14.598793029785156,1109200
2015-04-13,14.400420619057096,14.43141663821832,14.326032537824622,14.350828170776367,1876000
2015-04-14,14.375627709874703,14.450015805201588,14.350830889847435,14.431419372558594,1611500
2015-04-15,14.38182585048957,14.549199643776536,14.332233396482806,14.474811553955078,3915300
2015-04-16,14.654585396886784,14.772367931729855,14.611192142570257,14.704177856445312,3928100
2015-04-17,14.443816600194772,14.481011830235671,14.34463168484062,14.431419372558594,2755500
2015-04-20,14.39422733491727,14.450019009974826,14.357033279004806,14.406625747680664,2237300
2015-04-21,14.419022373404177,14.462415630320338,14.338433882807669,14.36323070526123,2097700
2015-04-22,14.369430111154008,14.412823368674982,14.307439236533652,14.40042495727539,1292300
2015-04-23,14.313634422350441,14.518203423481548,14.30743521839165,14.505805015563965,1360700
2015-04-24,14.759967988854324,14.85295369307553,14.74137155743651,14.834357261657715,1615500
2015-04-27,14.890151238721815,15.014131802858566,14.890151238721815,14.908747673034668,1221500
2015-04-28,15.001737849415306,15.144316061371354,14.983140228664501,15.119519233703613,1957600
2015-04-29,14.716579309040176,14.828162661706992,14.710380102516714,14.75997257232666,2810900
2015-04-30,14.419023711054848,14.487213796750558,14.344634419170648,14.456217765808105,3375100
2015-05-01,14.493408811235167,14.549200472969643,14.431419126976802,14.536803245544434,1113600
2015-05-04,14.505807554599679,14.549200807529338,14.487211121845519,14.512006759643555,1317500
2015-05-05,14.512001997456458,14.567793642165556,14.45621035274736,14.493404388427734,2045100
2015-05-06,14.394226463179482,14.400425669185745,14.177260164848509,14.24544906616211,2706700
2015-05-07,14.133864631522336,14.140063837049956,14.022282479157852,14.065675735473633,4956800
2015-05-08,14.189656552070089,14.226851785899457,14.084272420975369,14.22065258026123,1341400
2015-05-11,13.954090750344736,14.047076457506256,13.954090750344736,13.96028995513916,2028800
2015-05-12,14.208257411327663,14.33223918762987,14.189659790168978,14.2950439453125,2740300
2015-05-13,14.604992327992111,14.67318240043169,14.573997485452733,14.592595100402832,1742700
2015-05-14,14.75997080248665,14.75997080248665,14.642189439797058,14.697979927062988,3301200
2015-05-15,14.592594227611066,14.691779136657715,14.561598204548126,14.691779136657715,2108300
2015-05-18,14.338434082655036,14.43762019147416,14.270245184712474,14.40042495727539,1544600
2015-05-19,14.152462112884683,14.16486052382146,14.084272035109949,14.127666473388672,2114200
2015-05-20,14.071874941001251,14.152462248105195,14.028480502307914,14.065675735473633,2003300
2015-05-21,14.158660127709686,14.245446632213909,14.140062512868447,14.214451789855957,1237300
2015-05-22,14.109069839074204,14.121468250873999,14.06567658015255,14.090472221374512,832400
2015-05-26,14.239250563320205,14.239250563320205,14.084273952643494,14.109070777893066,1216100
2015-05-27,14.053274983679113,14.12146505074751,14.02228014358113,14.115265846252441,2611900
2015-05-28,13.892099907804608,13.935493159060082,13.823909837330339,13.923094749450684,1287500
2015-05-29,14.016080970437626,14.05947421962281,13.972687721252441,13.972687721252441,1551200
2015-06-01,13.94169193890069,13.978885984217733,13.836307825187914,13.867303848266602,1325700
2015-06-02,13.799114200488962,13.954090773474178,13.774317381270167,13.923094749450684,1365400
2015-06-03,13.792915962855906,13.910698497649365,13.792915962855906,13.817712783813477,1788900
2015-06-04,13.433370387398035,13.47056443660027,13.37137951714264,13.3961763381958,3418300
2015-06-05,13.290795842787732,13.389980789329758,13.253600601051101,13.32179069519043,2323000
2015-06-08,13.340386588158914,13.383779848853356,13.296993327464474,13.377580642700195,2298500
2015-06-09,13.327989902146534,13.352786729970957,13.265999014963311,13.32179069519043,1608000
2015-06-10,13.532557236324346,13.64414058221808,13.520158824030002,13.619343757629395,1839400
2015-06-11,13.693733199530342,13.7247280482292,13.644140732185559,13.71233081817627,1336400
2015-06-12,13.532555139152365,13.64413846775377,13.513957523592968,13.582147598266602,818800
2015-06-15,13.675131901375858,13.693729515017806,13.631738651922017,13.650336265563965,1179800
2015-06-16,13.668934674444548,13.75572236828601,13.668934674444548,13.749523162841797,896400
2015-06-17,13.675130614469653,13.836306370400218,13.582144919765128,13.78051471710205,1998300
2015-06-18,13.848711031238635,13.91690112325357,13.823914204186734,13.830113410949707,2095100
2015-06-19,13.86730576919439,13.885902203240237,13.830110536347604,13.848708152770996,1124600
2015-06-22,13.960293297871647,13.97888973433034,13.867307568445094,13.873505592346191,2559800
2015-06-23,13.941694752134042,14.034680475378522,13.929296340400747,14.00988483428955,1185900
2015-06-24,13.985087193348349,14.022282426374053,13.935494731691627,13.947893142700195,1461500
2015-06-25,13.93519710886843,13.93519710886843,13.865362023034036,13.871710777282715,1457100
2015-06-26,13.624115976981804,13.64316224220477,13.541584582818047,13.611419677734375,2304800
2015-06-29,13.306685106597975,13.395566464185219,13.249548734372063,13.268593788146973,2392600
2015-06-30,13.420959595649338,13.459052123079426,13.300336891490758,13.351125717163086,2770200
2015-07-01,13.56697596056597,13.573323503034846,13.446352068342161,13.497140884399414,1640000
2015-07-02,13.60506973885177,13.617767247895575,13.55428091357766,13.57967472076416,1514800
2015-07-06,13.179709958602624,13.268590080452565,13.135269897677654,13.198756217956543,1928000
2015-07-07,13.141618195135614,13.281287126185749,12.951159240902738,13.230498313903809,3541900
2015-07-08,12.982905853400833,13.008299659661942,12.85593318939209,12.85593318939209,2970900
2015-07-09,13.084483176420148,13.109876982052787,12.957510515553846,12.976556777954102,2091500
2015-07-10,13.122573421463107,13.173362239492583,13.071784603433631,13.141619682312012,1245500
2015-07-13,13.109876027436215,13.173362353246509,13.078133469981541,13.147967338562012,2388400
2015-07-14,13.30668533554293,13.33208035554798,13.281291526439084,13.300337791442871,1581700
2015-07-15,13.395566464185219,13.420960272852158,13.230502469695972,13.268593788146973,1269300
2015-07-16,13.452705011317098,13.5098425985386,13.41461247923525,13.4273099899292,1852000
2015-07-17,13.382869089685359,13.389217844641568,13.332080260936884,13.357475280761719,2243300
2015-07-20,13.446354866027832,13.484446183270933,13.382868530021902,13.446354866027832,1660500
2015-07-21,13.440008498987929,13.535237414463905,13.40191717497781,13.478099822998047,1006300
2015-07-22,13.205105637458956,13.236849407561632,13.147968062175158,13.211454391479492,2029900
2015-07-23,13.1289239397807,13.147968992288574,13.046391342576241,13.052740097045898,2472800
2015-07-24,12.944810879320478,12.944810879320478,12.79244443786869,12.836884498596191,2098100
2015-07-27,12.963858338928521,12.963858338928521,12.849583194533603,12.868629455566406,1712300
2015-07-28,13.052739116014612,13.186060528054929,13.020996556953161,13.160665512084961,2939300
2015-07-29,13.211452513291649,13.262241327334591,13.160663699248705,13.198756217956543,1776300
2015-07-30,13.179713157496414,13.243199493184292,13.147969384201907,13.23685073852539,1036100
2015-07-31,13.420960943571071,13.427309698780382,13.236851886105978,13.281291961669922,1249200
2015-08-03,13.173364784200606,13.236851121726385,13.122575956360217,13.16701602935791,2201600
2015-08-04,13.42730773782636,13.509840332592935,13.37017016018829,13.389216423034668,1948300
2015-08-05,13.401915354553983,13.440006673390041,13.338429015893093,13.357475280761719,1322400
2015-08-06,13.078132564953377,13.090830071416937,12.957508675351285,13.02734375,1931300
2015-08-07,12.881326215716534,12.925766277980964,12.779747373668137,12.913068771362305,3558700
2015-08-10,12.93211542455275,13.109875679016113,12.93211542455275,13.109875679016113,1467100
2015-08-11,12.722609736524687,12.722609736524687,12.582939599563955,12.659123420715332,1912400
2015-08-12,12.51310815886001,12.665475845336914,12.462319333668079,12.665475845336914,3817600
2015-08-13,12.557549354767428,12.659127004458277,12.513108073489219,12.6273832321167,1571600
2015-08-14,12.601988648266817,12.633731207750454,12.525804810244653,12.60833740234375,1788900
2015-08-17,12.582942586754747,12.671822723447535,12.538502518408354,12.652777671813965,1657700
2015-08-18,12.46231741514053,12.538501246650764,12.45596987250719,12.506758689880371,2287600
2015-08-19,12.621029068389165,12.703561630203454,12.481360162650356,12.601984024047852,2417100
2015-08-20,12.379786017848945,12.398832278416121,12.233768319536692,12.240117073059082,5773400
2015-08-21,12.208372894007438,12.227419153932727,11.929035013841801,11.948080062866211,4015000
2015-08-24,11.07197403128102,11.383055715628405,10.919607566145627,11.008487701416016,12390600
2015-08-25,12.138539175709077,12.157584224963017,11.662393569946289,11.662393569946289,8749600
2015-08-26,11.88459408830784,12.005217982894502,11.617952496058901,11.98617172241211,6303500
2015-08-27,11.998871578442994,12.233770660108846,11.97347777039599,12.221073150634766,7512700
2015-08-28,11.97347612556502,12.16393389790786,11.97347612556502,12.157585144042969,2836200
2015-08-31,11.878244046410721,11.897290304827216,11.763970128614105,11.840152740478516,3774400
2015-09-01,11.395751825293917,11.459236936466995,11.243384167956073,11.294174194335938,3554500
2015-09-02,11.529075187193344,11.55447020737761,11.364011188699239,11.548121452331543,2111900
2015-09-03,11.389405250549316,11.529074217107043,11.344965179867362,11.389405250549316,1623800
2015-09-04,11.192596262423063,11.256082589658389,11.084669869393302,11.135459899902344,1359700
2015-09-08,11.592557972602988,11.668740587996622,11.522722899408123,11.643346786499023,2054300
2015-09-09,11.827457368066302,11.840154875967418,11.579862018499524,11.605257034301758,2612800
2015-09-10,11.560814868976623,11.725878826314077,11.510026052172861,11.656044960021973,2171000
2015-09-11,11.573511855698351,11.643346929752427,11.529071794355158,11.636998176574707,1599000
2015-09-14,11.69413537978251,11.76397045165992,11.675089120842994,11.706832885742188,1331700
2015-09-15,11.529073597507917,11.700486327412856,11.516376089166577,11.694137573242188,2071800
2015-09-16,11.84650249475055,12.017915202287348,11.833804988066147,11.998868942260742,2935200
2015-09-17,11.878247261047363,12.202026476348161,11.846504699330096,11.878247261047363,5531500
2015-09-18,11.954431082034388,11.99887115271575,11.783018342919608,11.814762115478516,2328400
2015-09-21,11.738577207858606,11.79571478238266,11.668742125462318,11.713183403015137,1210300
2015-09-22,11.497330580543432,11.567164451842851,11.433844252261327,11.554468154907227,2257200
2015-09-23,11.421149157407763,11.459240478064304,11.287828929659243,11.319571495056152,1303300
2015-09-24,11.325918083200923,11.53542212307702,11.300523067021508,11.490982055664062,3407500
2015-09-25,11.471937127534648,11.516377200115283,11.364010718024035,11.421148300170898,1763500
2015-09-28,11.408451220162604,11.427497485229086,11.237039678169085,11.243387222290039,1492200
2015-09-29,11.084669635567327,11.179899729861967,11.014835766892459,11.103715896606445,4991300
2015-09-30,11.300524185522947,11.376708030700684,11.237039060592828,11.376708030700684,2565100
2015-10-01,11.554468820683732,11.586211381203317,11.395753596283688,11.471936225891113,1834300
2015-10-02,11.256083252194477,11.592559958716128,11.230689446346245,11.586211204528809,2414900
2015-10-05,11.77666969554002,11.935384927075066,11.77666969554002,11.916339874267578,2323100
2015-10-06,11.935382905359974,12.005217982894502,11.903640348790232,11.98617172241211,1353900
2015-10-07,12.214722284753453,12.278208610249969,12.113144648319402,12.176630973815918,2942500
2015-10-08,12.144886136286665,12.379785156671153,12.132189841025998,12.354390144348145,2041500
2015-10-09,12.449619122663549,12.500407931892692,12.41787536008238,12.468664169311523,1088900
2015-10-12,12.455967661878885,12.48136146060824,12.40517885351947,12.424223899841309,1344700
2015-10-13,12.144887636313182,12.290906553403746,12.12584258561949,12.157585144042969,1201700
2015-10-14,12.208370735629492,12.265508294402851,12.163930681228138,12.2274169921875,2511600
2015-10-15,12.316299655229352,12.494061120600831,12.309950901726701,12.45596981048584,3960400
2015-10-16,12.398830101111955,12.430572652248824,12.360737586666861,12.424223899841309,1304600
2015-10-19,12.335345698649324,12.360739501312109,12.290905635813777,12.316299438476562,3006500
2015-10-20,12.233768319536692,12.290905890337298,12.19567579840234,12.240117073059082,1635100
2015-10-21,12.259163891443109,12.265512645881481,12.144888733354595,12.151237487792969,2242600
2015-10-22,12.348043503713658,12.436923631531762,12.297254686260326,12.398832321166992,1780000
2015-10-23,12.519457755650853,12.589292849076013,12.506761456674525,12.563899040222168,2286400
2015-10-26,12.582942094119128,12.595639601978418,12.51310701179403,12.52580451965332,1211600
2015-10-27,12.494062132332411,12.519455937498414,12.392484489866376,12.411529541015625,2296400
2015-10-28,12.284555122179484,12.392481492558659,12.176628751800308,12.309948921203613,3924100
2015-10-29,11.973475887681118,12.030613460428983,11.941732118987327,11.954429626464844,3459300
2015-10-30,11.941731087913698,12.094097531785383,11.890942273289802,12.011566162109375,5071800
2015-11-02,11.865550815308243,11.992522271499055,11.846504551974126,11.979825973510742,2384800
2015-11-03,12.024265287959963,12.214723065725865,12.017916533914297,12.195676803588867,1892800
2015-11-04,12.11314304218593,12.132189300579743,11.998867913624617,12.056005477905273,2088600
2015-11-05,12.005219693376342,12.005219693376342,11.884595781603403,11.941733360290527,2346700
2015-11-06,11.846503545713695,11.871898561335422,11.732228397217906,11.833806037902832,2176700
2015-11-09,11.55446777637693,11.573512826606938,11.459237681623062,11.529072761535645,5356000
2015-11-10,11.478286130414798,11.52907495887632,11.446543566714292,11.516377449035645,1480600
2015-11-11,11.68143809419584,11.706833106594278,11.630649280299805,11.643346786499023,2016700
2015-11-12,11.66239481189404,11.725879930702334,11.649697303771973,11.649697303771973,2174500
2015-11-13,11.573514251363097,11.573514251363097,11.478285355787042,11.497331619262695,2124500
2015-11-16,11.45289085677334,11.60525732266975,11.446542102665028,11.592559814453125,2319600
2015-11-17,11.744920340809948,11.795709137090947,11.687782793631271,11.719525337219238,2515000
2015-11-18,11.795714641122341,11.903641034941852,11.783017133402167,11.89094352722168,1856900
2015-11-19,12.189329147338867,12.246466722318658,12.176631639365356,12.189329147338867,2191900
2015-11-20,12.360741883448943,12.3861369019067,12.28455924987793,12.28455924987793,1525000
2015-11-23,12.25281600409853,12.303604832298582,12.208375930786133,12.208375930786133,2000800
2015-11-24,12.170284088620281,12.290908004492369,12.151237824776965,12.28455924987793,3008700
2015-11-25,12.182979060169004,12.227419122312211,12.151235293708947,12.163932800292969,1043700
2015-11-27,12.05600885864074,12.094100175209118,12.02426629665061,12.075055122375488,767500
2015-11-30,12.106795977131103,12.163933549377,12.106795977131103,12.11949348449707,1558200
2015-12-01,12.36074077747006,12.481364682549307,12.36074077747006,12.462318420410156,3322800
2015-12-02,12.455969156666445,12.487711711612603,12.322647761910707,12.335345268249512,1535600
2015-12-03,12.367087517986398,12.37343627099912,12.221069831396303,12.252812385559082,1670800
2015-12-04,12.163931246837883,12.335343931128465,12.163931246837883,12.309948921203613,1936100
2015-12-07,12.132190930711422,12.151235980763424,12.036960836847628,12.068704605102539,2278400
2015-12-08,11.79571486896593,11.909990018852845,11.763972309953347,11.827457427978516,2248300
2015-12-09,11.865551085958742,11.954431228409758,11.69413834474511,11.8084135055542,3470400
2015-12-10,11.814762115478517,11.903642256841243,11.795715851943172,11.814762115478516,2036000
2015-12-11,11.617954614396764,11.643349633003641,11.459239380807185,11.484634399414062,3064500
2015-12-14,11.478284547574356,11.522724614987313,11.37035815061388,11.490982055664062,5552000
2015-12-15,11.516376639911297,11.541771657808432,11.433845253547805,11.510027885437012,2765800
2015-12-16,11.649694999916706,11.871896504506006,11.649694999916706,11.840152740478516,4249100
2015-12-17,11.833804002288817,11.833804002288817,11.624300003051758,11.624300003051758,6050200
2015-12-18,11.783014467757477,11.859198285942645,11.751271916539071,11.763969421386719,4286500
2015-12-21,11.926515139910759,11.965682327706002,11.82859654787143,11.906930923461914,3265200
2015-12-22,11.939576118644627,12.004854376367597,11.893879595094413,11.998326301574707,2988500
2015-12-23,12.096243361015187,12.2202730178833,12.083187214470334,12.2202730178833,2285200
2015-12-24,12.252914167011284,12.298609437734806,12.226801872253418,12.226801872253418,1324300
2015-12-28,12.200689315795898,12.207217388679139,12.135409832066085,12.200689315795898,2283800
2015-12-29,12.500973792660995,12.57278135269097,12.494445719467121,12.533614158630371,2721300
2015-12-30,12.546668795407731,12.585837233745236,12.500973529116601,12.507501602172852,2121500
2015-12-31,12.468336333724553,12.50750353300583,12.370417712969953,12.376944541931152,2550800
2016-01-04,12.207218170166016,12.22027307166566,12.063603047745897,12.207218170166016,3513900
2016-01-05,12.04402021714723,12.057075118803178,11.900405093007617,12.024435997009277,4774000
2016-01-06,11.639291009794718,11.724153492669988,11.626234860089918,11.678458213806152,3491200
2016-01-07,11.195388184273448,11.378170484482514,11.136636775102767,11.182332038879395,5513800
2016-01-08,11.19538875802932,11.221501050155663,11.006079620523822,11.019134521484375,3975500
2016-01-11,11.201914692339527,11.214970835909957,10.960382261798454,11.11052417755127,3813800
2016-01-12,11.201916137264432,11.254139473180015,11.038718056890412,11.17580509185791,2410500
2016-01-13,11.267197078286136,11.29983620054886,10.927744728301906,10.979968070983887,4065000
2016-01-14,11.058303595953662,11.299836086506675,10.960384985051016,11.20844554901123,5283300
2016-01-15,10.627460998398488,10.738435759107233,10.50343009052337,10.607876777648926,6538600
2016-01-19,10.973438696793693,10.986494842192277,10.771073423525863,10.86246395111084,7601200
2016-01-20,10.744962814733146,10.908160922454629,10.4969022388417,10.823298454284668,7062200
2016-01-21,10.836354055202536,11.103998838759058,10.74496227281792,11.032191276550293,5235100
2016-01-22,11.254139462308679,11.306362798173817,11.175805081062244,11.2345552444458,2605800
2016-01-25,11.182332530724663,11.234555869495317,11.051774806349338,11.058302879333496,3878600
2016-01-26,11.15622250252081,11.293308312397052,11.13663828178018,11.280253410339355,3135500
2016-01-27,11.273725176007693,11.378171861596309,11.064831804830462,11.156222343444824,3646100
2016-01-28,11.443451933234,11.469562983407478,11.267197675427637,11.358588218688965,3410500
2016-01-29,11.443451516200875,11.521785908969344,11.410811148295078,11.515257835388184,3159200
2016-02-01,11.410811578635688,11.593593910493333,11.378172454601682,11.534842491149902,3180100
2016-02-02,11.228027641918604,11.241082541156876,11.110524833056981,11.169276237487793,3166000
2016-02-03,11.208445880609428,11.345531690908233,10.986496358609026,11.325948715209961,5390800
2016-02-04,11.489145662797931,11.63928760517608,11.476089516912197,11.521784782409668,4369400
2016-02-05,11.410811462736573,11.417339536497623,11.169278959091505,11.221502304077148,2110500
2016-02-08,11.188861328789626,11.267196964573357,11.110526938108585,11.20844554901123,4626700
2016-02-09,10.836353849254309,11.038719140148,10.81024155618278,10.993023872375488,4465900
2016-02-10,10.953858375549316,11.064833148097357,10.921218004151152,10.953858375549316,4231300
2016-02-11,10.862464769923188,10.960384622691208,10.797186528214706,10.914688110351562,4289500
2016-02-12,10.89510479003738,11.064830952317653,10.842881451266727,11.058302879333496,4423000
2016-02-16,11.293308865322903,11.33247730872187,11.169279196534529,11.306365013122559,2489400
2016-02-17,11.332477150183555,11.521786310219039,11.31289292875805,11.489147186279297,4309600
2016-02-18,11.606648312146847,11.606648312146847,11.502201636826731,11.528312683105469,1953800
2016-02-19,11.33900582282223,11.515258844548901,11.299837377902675,11.502203941345215,1397800
2016-02-22,11.724153108315173,11.83512788696194,11.724153108315173,11.822072982788086,2155300
2016-02-23,11.698041072932941,11.717625295204213,11.574010155420531,11.600122451782227,1511500
2016-02-24,11.247612840420592,11.4891465781393,11.201917571282573,11.476090431213379,3343400
2016-02-25,11.339005223992057,11.489147186279297,11.280253804818308,11.489147186279297,2583400
2016-02-26,11.482618655663652,11.48914672921245,11.260669135415364,11.29330825805664,2089800
2016-02-29,11.306364459557473,11.391228170997481,11.273725336759146,11.280253410339355,3429200
2016-03-01,11.54136917088823,11.658871995381851,11.469561612563767,11.6458158493042,3210800
2016-03-02,11.828597628562955,11.991795711906192,11.795957264832769,11.985267639160156,2802500
2016-03-03,12.154994775364363,12.246385310973007,12.14193862881951,12.2202730178833,2857600
2016-03-04,12.363890273682518,12.50097610075654,12.337777976085821,12.435696601867676,5211100
2016-03-07,12.435695660527086,12.657645192886658,12.435695660527086,12.611949920654297,3660300
2016-03-08,12.474864407788568,12.474864407788568,12.350833490777907,12.376944541931152,3111200
2016-03-09,12.651114901285853,12.735978602072034,12.60541963706371,12.670699119567871,6699300
2016-03-10,12.66417000485384,12.683754221524554,12.461804746332993,12.579307556152344,6644700
2016-03-11,12.78820357115631,12.918762552827292,12.775147423968665,12.905706405639648,5598900
2016-03-14,12.76861915624466,12.781675303233802,12.696812838009794,12.735980033874512,2037700
2016-03-15,12.409586153733942,12.448753356933594,12.38347385486555,12.448753356933594,2436200
2016-03-16,12.403055756267635,12.742508107369083,12.403055756267635,12.735980033874512,3267500
2016-03-17,12.846952662713967,13.055845999489398,12.807785473344198,13.016678810119629,4149700
2016-03-18,12.93834382972912,13.003623311993557,12.918760856621585,12.94487190246582,2895900
2016-03-21,12.89264825888177,12.925287376686027,12.827368778170722,12.873064041137695,3089800
2016-03-22,12.762092360774096,12.892651353534566,12.755565531728621,12.853484153747559,8734500
2016-03-23,12.735977554210658,12.735977554210658,12.55972333948163,12.579307556152344,5583500
2016-03-24,12.429168198153093,12.559725934290029,12.429168198153093,12.553197860717773,2786800
2016-03-28,12.566252972754482,12.611948238893532,12.527085779649953,12.592365264892578,1333800
2016-03-29,12.23985670200582,12.559724807739258,12.194161436201416,12.559724807739258,2869100
2016-03-30,12.625004940997819,12.696812502437544,12.566253526202166,12.618476867675781,1809800
2016-03-31,12.70334046511902,12.768619959066443,12.611949920654297,12.611949920654297,3800600
2016-04-01,12.331247624928197,12.54666905991547,12.311664650449222,12.533614158630371,2504200
2016-04-04,12.455280185596521,12.455280185596521,12.344305416713892,12.376944541931152,2048000
2016-04-05,12.00485402836266,12.037494401380897,11.9526306766364,12.011382102966309,2463100
2016-04-06,12.083188020013734,12.292081398246914,12.083188020013734,12.272497177124023,2251500
2016-04-07,12.083186627087422,12.122353819715338,11.978739950011242,12.01790714263916,3521700
2016-04-08,12.194161548807061,12.233328741986435,12.096242943307319,12.141938209533691,1915900
2016-04-11,12.181106186135352,12.265969896101689,12.148467063903809,12.148467063903809,2192000
2016-04-12,12.370416234432176,12.55319730596697,12.29860867341341,12.52708625793457,4439700
2016-04-13,12.703339059260886,12.749035571538872,12.651115718902977,12.722923278808594,5737900
2016-04-14,12.938346627469882,12.938346627469882,12.853484153747559,12.853484153747559,2605400
2016-04-15,12.951401311081666,13.036263775206823,12.9252890174415,12.97751235961914,4282800
2016-04-18,12.984042684339085,13.1668250362049,12.96445970581615,13.14071273803711,3485900
2016-04-19,13.264742019916449,13.349605733339704,13.25168587245091,13.343077659606934,4497300
2016-04-20,13.356130599975586,13.447522373706306,13.343075699530544,13.356130599975586,2839600
2016-04-21,13.401828779822926,13.401828779822926,13.232102601856662,13.271269798278809,3529200
2016-04-22,13.219050232652283,13.29738589298743,13.160298798676694,13.225578308105469,2449400
2016-04-25,13.17987892577126,13.192933827514155,13.127655583491594,13.153766632080078,2133700
2016-04-26,13.277799347116884,13.284327421429674,13.199463700466264,13.251687049865723,1682800
2016-04-27,12.873066588666488,12.970986451662279,12.814315168910127,12.931818008422852,5864000
2016-04-28,12.944870263933144,13.108068326385705,12.918759221393984,12.970982551574707,3195600
2016-04-29,13.055846171808756,13.101541434193685,12.951399502042488,13.010150909423828,5432800
2016-05-02,13.049317063468811,13.108068466186523,13.003621804711127,13.108068466186523,2552500
2016-05-03,13.08848576736553,13.08848576736553,12.94487190246582,12.94487190246582,3007900
2016-05-04,12.820843284774488,12.846955580352963,12.709868518771534,12.742508888244629,2341600
2016-05-05,12.820842499098521,12.846954793076804,12.690284764515223,12.735980033874512,1861200
2016-05-06,12.559726467859194,12.709868431091309,12.540142246310442,12.709868431091309,4258400
2016-05-09,12.716394782874785,12.729450928805877,12.644588470458984,12.644588470458984,3604100
2016-05-10,12.820840576657798,12.93181531921981,12.8077856767289,12.925287246704102,1865600
2016-05-11,12.886122876800803,12.957930445085948,12.860011826126163,12.879594802856445,2460500
2016-05-12,12.957928139128548,12.964456211911187,12.742506717711711,12.846953392028809,2579900
2016-05-13,12.71639359895744,12.742505888388528,12.631531148511383,12.664170265197754,4257000
2016-05-16,12.781674633339886,12.879593240421075,12.775146560187455,12.866537094116211,1629100
2016-05-17,12.90570480197,12.977511112373897,12.833897246463529,12.846953392028809,3059000
2016-05-18,12.749034401692501,12.918760553557364,12.664170703208805,12.683754920959473,5419400
2016-05-19,12.605420032665705,12.657643371287472,12.527085647284359,12.644588470458984,2927900
2016-05-20,12.709867531371957,12.742507898309297,12.65111611598743,12.696812629699707,2127800
2016-05-23,12.553198500611893,12.625006068464339,12.553198500611893,12.611949920654297,1178700
2016-05-24,12.546668621078393,12.657643371287472,12.514029501353267,12.644588470458984,2549500
2016-05-25,12.657643792085546,12.755563644721443,12.657643792085546,12.722923278808594,1732500
2016-05-26,12.801259905800597,12.833899029144934,12.755564635077427,12.768619537353516,4120500
2016-05-27,12.781678199768066,12.827373479482644,12.749039070001366,12.781678199768066,1310200
2016-05-31,12.749035971696767,12.820842288753543,12.63806121431518,12.696812629699707,2851900
2016-06-01,12.56625416569556,12.709868050780809,12.559726092041311,12.677228927612305,3013100
2016-06-02,12.461804746332993,12.579307556152344,12.44874860188585,12.579307556152344,3251600
2016-06-03,12.742506454005879,12.840425053513913,12.670698899985464,12.820840835571289,3265100
2016-06-06,12.938345218152927,13.003624707422555,12.879593802320532,12.964457511901855,2821400
2016-06-07,13.04931740484184,13.121124953398084,13.04931740484184,13.095012664794922,4333800
2016-06-08,13.140710747219929,13.186407262090542,13.127655845216758,13.179879188537598,2499900
2016-06-09,12.977510546932796,13.023207054420242,12.94487142954428,13.010150909423828,4349900
2016-06-10,12.78167351950775,12.814312637322997,12.64458773056067,12.683754920959473,2870300
2016-06-13,12.6250060356735,12.68375745556331,12.566254615783691,12.566254615783691,2684900
2016-06-14,12.481391644785598,12.520558841440119,12.370416883345513,12.455279350280762,3532300
2016-06-15,12.435693053482082,12.553195868933349,12.429166226048144,12.46180534362793,3932900
2016-06-16,12.252913808468788,12.396527690126417,12.10929868170845,12.370416641235352,3776000
2016-06-17,12.44222363677357,12.507503130208617,12.396528364899869,12.47486400604248,3055900
2016-06-20,12.860013679095598,12.886124733532519,12.788206100463867,12.788206100463867,4608100
2016-06-21,12.918763246522593,12.944874297197233,12.846955678237448,12.879594802856445,2664900
2016-06-22,12.923287168704027,12.989492784298633,12.876943616617929,12.883563041687012,4163800
2016-06-23,13.174870834520789,13.254317848954997,13.10866519962019,13.241076469421387,5930700
2016-06-24,12.492955060312358,12.784257806767235,12.466472303670638,12.526057243347168,8013400
2016-06-27,12.353921459580368,12.353921459580368,12.036135999027724,12.155305862426758,6604600
2016-06-28,12.446611359632495,12.506196304687219,12.340682849039087,12.4995756149292,4034600
2016-06-29,12.598883307981682,12.6849497398018,12.57240055187253,12.658468246459961,2679800
2016-06-30,12.718054315605562,12.883567784134115,12.704814197826618,12.876948356628418,3530100
2016-07-01,12.863705697568815,12.936532020568846,12.843843628723144,12.936532020568848,2402800
2016-07-05,12.757777435597031,12.764398125340092,12.65184892524296,12.678330421447754,1917700
2016-07-06,12.651846250646676,12.837220473194522,12.592261318322814,12.830599784851074,3180700
2016-07-07,12.837221896012371,12.890186145863092,12.691570524614717,12.737914085388184,2137600
2016-07-08,12.989494315655115,13.075560742137677,12.929909380872095,13.049077987670898,2046500
2016-07-11,13.19473132240461,13.24107488245042,13.161627877538102,13.181489944458008,2093700
2016-07-12,13.39996730215662,13.512516486418647,13.39996730215662,13.419829368591309,4065100
2016-07-13,13.492656231221696,13.505897610622329,13.399969100952148,13.399969100952148,1635400
2016-07-14,13.532376962113187,13.57872051557914,13.492652833913406,13.538997650146484,2103400
2016-07-15,13.532376064958285,13.532376064958285,13.446308388998572,13.49265193939209,4405500
2016-07-18,13.466172708812193,13.55885982513428,13.466172708812193,13.558859825134277,1116900
2016-07-19,13.34700569180712,13.380107879638674,13.30728281385575,13.380107879638672,1484300
2016-07-20,13.393347417672958,13.472794425415577,13.373486612812815,13.452932357788086,1557500
2016-07-21,13.472790044356065,13.558856450553568,13.433067184785443,13.466169357299805,914900
2016-07-22,13.446311668578922,13.472794425415577,13.386726728463794,13.452932357788086,925700
2016-07-25,13.486032514564766,13.505893314580822,13.446308388998572,13.49265193939209,1461600
2016-07-26,13.65816883374676,13.684651590896646,13.565481709256893,13.605204582214355,1774000
2016-07-27,13.605206463568267,13.644930604786223,13.433073569360607,13.598587036132812,1991600
2016-07-28,13.651548667444318,13.678030160391797,13.605203844943462,13.644927978515625,1459400
2016-07-29,13.75747433971476,13.863402815287188,13.724370901868978,13.830299377441406,3121300
2016-08-01,13.76409866609811,13.777338781969677,13.671410278392933,13.678030967712402,1861800
2016-08-02,13.750857855444192,13.790580730234398,13.618446589120275,13.664790153503418,2761500
2016-08-03,13.492657000799598,13.61182689666748,13.479416883411234,13.61182689666748,1495500
2016-08-04,13.618446026604563,13.704513724990273,13.605204647965627,13.678030967712402,1672000
2016-08-05,13.711130502967082,13.777336120605469,13.691269701612555,13.777336120605469,1306500
2016-08-08,13.81706508545219,13.870029345549383,13.797203014377907,13.850167274475098,1170500
2016-08-09,13.90312873187985,13.975955048370475,13.88988735383295,13.922990798950195,1098400
2016-08-10,14.042157206113988,14.042157206113988,13.922988610723156,13.929609298706055,1411000
2016-08-11,13.922990090642458,13.982575026054905,13.916369401955825,13.96933364868164,1006200
2016-08-12,13.942853892076963,13.942853892076963,13.78396111773269,13.810443878173828,971600
2016-08-15,13.87002834467681,13.962715477466624,13.87002834467681,13.903130531311035,954200
2016-08-16,13.929611662389652,13.949472466941367,13.85678534498715,13.89650821685791,3252100
2016-08-17,13.836923277668106,13.949472466941367,13.783959027584649,13.89650821685791,2003200
2016-08-18,13.823683515514425,13.903130531311035,13.823683515514425,13.903130531311035,1367900
2016-08-19,13.75085463121039,13.803818872767673,13.704511077693658,13.777336120605469,878400
2016-08-22,13.783959106693057,13.823681978791793,13.73099485630563,13.790579795837402,803200
2016-08-23,13.929612511624322,13.982576764936804,13.876646995544434,13.876646995544434,890800
2016-08-24,13.936231938366902,13.975956075426819,13.856786189781882,13.876646995544434,1627800
2016-08-25,13.810443548983816,13.870028495788572,13.810443548983816,13.870028495788574,1710800
2016-08-26,13.850164816088135,14.009057568176445,13.62506643493786,13.684651374816895,4388300
2016-08-29,13.565481108559437,13.678030295927892,13.565481108559437,13.671409606933594,1075400
2016-08-30,13.598586153792295,13.638309029665306,13.505897759731996,13.552241325378418,2346200
2016-08-31,13.399969666702853,13.419831736642385,13.320523912479716,13.386728286743164,4053200
2016-09-01,13.380104810770012,13.459551811218262,13.340381941929504,13.459551811218262,2066700
2016-09-02,13.459548670243546,13.499271529814166,13.393343062447885,13.466169357299805,2285400
2016-09-06,13.598586940187891,13.711134884542071,13.57872486971905,13.70451545715332,4646400
2016-09-07,13.724373856120671,13.73099454511497,13.631686735735112,13.671409606933594,2542400
2016-09-08,13.598584386696901,13.644927946321115,13.51251669359425,13.519137382507324,1432200
2016-09-09,13.29403960574592,13.320522362583922,13.0888032913208,13.0888032913208,2441700
2016-09-12,12.943151917092106,13.24107664675099,12.929911800148632,13.214593887329102,2630100
2016-09-13,12.883566243520445,12.910049001446637,12.671709231180515,12.764397621154785,5591700
2016-09-14,12.863705352737549,12.97625454764444,12.837222594986565,12.870326042175293,3645100
2016-09-15,12.976255176781875,13.174870818474307,12.936532300996879,13.115285873413086,1827600
2016-09-16,13.042462965326463,13.1285294208675,13.035842274474435,13.10204792022705,1839300
2016-09-19,13.20134996154123,13.260934890281604,13.141765032800855,13.155006408691406,1552900
2016-09-20,13.254315266724797,13.300658823296242,13.207971710153352,13.234453201293945,951900
2016-09-21,13.366868537124942,13.55224282015695,13.333765084606657,13.532382011413574,2018600
2016-09-22,13.678029376927002,13.724372934006047,13.59196295131838,13.618444442749023,1265200
2016-09-23,13.664791412627665,13.697894863642627,13.59196634592982,13.598587036132812,2573400
2016-09-26,13.61844458755866,13.658167456510624,13.578721718606694,13.585342407226562,1948200
2016-09-27,13.618446931522103,13.730996131896973,13.611826241762703,13.730996131896973,1058200
2016-09-28,13.75747970240636,13.88988971710205,13.671411993225009,13.88988971710205,1449700
2016-09-29,13.850166022031242,13.909750967098377,13.684652566348635,13.730996131896973,1846400
2016-09-30,13.84354428850338,13.889887850557528,13.790580037189015,13.836923599243164,1388600
2016-10-03,13.896509320402878,13.896509320402878,13.830303686849225,13.863407135009766,1845400
2016-10-04,13.876648301758493,13.922993132690852,13.711134836731215,13.757479667663574,2453600
2016-10-05,13.797200726449232,13.863406356284026,13.750857164395082,13.836923599243164,1456300
2016-10-06,13.803823036239004,13.850166603733756,13.750858778706785,13.843545913696289,1370900
2016-10-07,13.863406113657865,13.863406113657865,13.658168538485167,13.790579795837402,1801200
2016-10-10,13.863406034093499,13.956093156047714,13.863406034093499,13.89650821685791,1025400
2016-10-11,13.783958263333627,13.803820329551419,13.605203455675266,13.631686210632324,2461600
2016-10-12,13.704511108695758,13.783956839827841,13.678028356473645,13.724371910095215,1696200
2016-10-13,13.591964251790548,13.717753557964205,13.532379311911514,13.684651374816895,2526800
2016-10-14,13.82368409166378,13.856787542445183,13.70451545715332,13.70451545715332,2090200
2016-10-17,13.651550037084965,13.69789360146811,13.625067278713212,13.664790153503418,1124400
2016-10-18,13.896508539817745,13.896508539817745,13.817062794229876,13.836923599243164,1354100
2016-10-19,13.85678369034439,13.982574242809658,13.843542313712849,13.942850112915039,1423400
2016-10-20,13.843544436940565,13.870027194265388,13.75085731183843,13.803821563720703,2653700
2016-10-21,13.664786980362589,13.724371910095215,13.638305490907603,13.724371910095215,902000
2016-10-24,13.73761792903981,13.75085930962599,13.65817090829029,13.697895050048828,785800
2016-10-25,13.77071973751212,13.850166756068017,13.77071973751212,13.810443878173828,1066000
2016-10-26,13.658168093605717,13.724373720125357,13.625065911729543,13.644927978515625,1282000
2016-10-27,13.512517730946467,13.512517730946467,13.39996853631845,13.413209915161133,2154800
2016-10-28,13.327139964509607,13.406586961379785,13.294037785761219,13.347002029418945,1463800
2016-10-31,13.399967972798454,13.47279429060319,13.386726594512623,13.426450729370117,1628800
2016-11-01,13.512517202973527,13.512517202973527,13.320522268325991,13.373486518859863,2269100
2016-11-02,13.307279511773192,13.353623068344637,13.234453201293945,13.234453201293945,5045800
2016-11-03,13.29404124577519,13.360246883270355,13.280799865722658,13.280799865722656,1826400
2016-11-04,13.214593365825563,13.247696813796521,13.16162911183945,13.174870491027832,2098000
2016-11-07,13.545618447726193,13.572101202542363,13.519136955677277,13.558859825134277,3948200
2016-11-08,13.532378090500172,13.711131631235915,13.472793155999181,13.69127082824707,1767900
2016-11-09,13.512517711505291,13.684651847910327,13.486036216625417,13.591964721679688,3943800
2016-11-10,13.60520597027187,13.658170227207899,13.472795959315539,13.565483093261719,3546500
2016-11-11,13.585342725820727,13.591963414595858,13.43307067229452,13.525757789611816,2711800
2016-11-14,13.532378333085362,13.55885982513428,13.472793397516234,13.558859825134277,1828500
2016-11-15,13.479416883411234,13.61182689666748,13.459554813177416,13.61182689666748,2751300
2016-11-16,13.360243406025171,13.386724896470447,13.33376065281272,13.347002029418945,1883200
2016-11-17,13.426450769393737,13.47941501992761,13.333762383883954,13.373486518859863,2189100
2016-11-18,13.320523590017853,13.347005086528672,13.234455885130895,13.26093864440918,1764700
2016-11-21,13.294039511675384,13.380105945255176,13.280798133350082,13.373486518859863,875700
2016-11-22,13.492654626855034,13.525758071420396,13.439690378317746,13.519137382507324,1542300
2016-11-23,13.57210166306729,13.671409471463104,13.565480974138596,13.644927978515625,2032700
2016-11-25,13.817062552414784,13.84354404622483,13.770717728404366,13.790579795837402,971900
2016-11-28,13.717754470131934,13.777339413973095,13.717754470131934,13.737616539001465,1127400
2016-11-29,13.658170578433188,13.777340475295631,13.638309770801131,13.757479667663574,1217000
2016-11-30,13.678033414191237,13.678033414191237,13.532382011413574,13.532382011413574,2471700
2016-12-01,13.658168899754,13.73761590882024,13.618446026604563,13.678030967712402,2790900
2016-12-02,13.651551480764756,13.711135167867452,13.631689409885487,13.697895050048828,1658200
2016-12-05,13.65816629230706,13.7442339742618,13.625064114796547,13.724371910095215,2998600
2016-12-06,13.664790215913952,13.737616539001465,13.644929409811851,13.737616539001465,3371600
2016-12-07,13.79057737659941,13.949470099887636,13.770715312650713,13.929609298706055,1838000
2016-12-08,13.942850893935107,14.009056518034189,13.903128024582559,13.96933364868164,1582500
2016-12-09,14.009057326947342,14.022298705085195,13.936231009956481,14.002436637878418,4047000
2016-12-12,14.06202494161757,14.088507704230306,14.009060679159727,14.035543441772461,1398400
2016-12-13,14.1017431354241,14.154707380276907,14.081882332833798,14.114984512329102,1584500
2016-12-14,14.128229955677247,14.14809202675153,13.830305203400814,13.850167274475098,3303200
2016-12-15,13.757479667663574,13.790581855562019,13.724376216997603,13.757479667663574,7201100
2016-12-16,13.651547885496358,13.691270754025934,13.585342262768913,13.618444442749023,2411100
2016-12-19,13.644928974206824,13.658169090263067,13.585344032267873,13.591964721679688,1121100
2016-12-20,13.664786980362589,13.73761328620627,13.664786980362589,13.724371910095215,2138700
2016-12-21,13.758365146473636,13.778758447174303,13.710782074713547,13.71757984161377,1147600
2016-12-22,13.778757537613185,13.812745073329252,13.73117446899414,13.73117446899414,1187100
2016-12-23,13.60202070044173,13.636008239158608,13.581627399286708,13.629210472106934,1599400
2016-12-27,13.690383911132812,13.737966965991207,13.669991914216931,13.690383911132812,1090600
2016-12-28,13.792351548936772,13.805945783798647,13.724375188462448,13.744767189025879,1672800
2016-12-29,13.867121644139717,13.887514937223068,13.833134118875108,13.85352611541748,1431100
2016-12-30,13.80594485127697,13.826338147004174,13.697183200480843,13.751564025878906,2028800
2017-01-03,13.982680373725078,14.003073665829112,13.941895086057931,13.996275901794434,4346400
2017-01-04,14.084646895592474,14.173016548156738,14.057457130870427,14.173016548156738,1715700
2017-01-05,14.207004653224642,14.30896854400635,14.179814887402088,14.308968544006348,7159800
2017-01-06,14.227396990421736,14.274980049807848,14.200205929891885,14.2341947555542,2798300
2017-01-09,14.356551640886279,14.43132446273004,14.34975387589301,14.390539169311523,1891600
2017-01-10,14.376947886975369,14.451722027452151,14.370150119973708,14.417733192443848,2013700
2017-01-11,14.404138258817559,14.580876302694382,14.383744958798202,14.567280769348145,4762400
2017-01-12,14.587669524765403,14.635253880882198,14.560479760668366,14.628456115722656,3238500
2017-01-13,14.465316862334205,14.567280769348145,14.451721328987968,14.567280769348145,2044400
2017-01-17,14.512898861064649,14.54008862920837,14.492505562550864,14.53329086303711,1604200
2017-01-18,14.465317193680008,14.478911430796217,14.3837452882755,14.41093635559082,2038800
2017-01-19,14.506099231915393,14.512896997213636,14.438122875474113,14.472111701965332,2113300
2017-01-20,14.444920640772358,14.478908170722416,14.39733758022581,14.472111701965332,3056700
2017-01-23,14.376946983768798,14.431327819824219,14.329363914287981,14.431327819824219,2289300
2017-01-24,14.465312972327919,14.553681322231638,14.451717442637786,14.540085792541504,2197100
2017-01-25,14.48570643632,14.58767032623291,14.458516670729118,14.58767032623291,2379400
2017-01-26,14.53328564461124,14.553678935802465,14.485702595039244,14.506095886230469,2096200
2017-01-27,14.587666962973888,14.608060254871177,14.519691916398068,14.546881675720215,1147000
2017-01-30,14.417732286675013,14.431327819824219,14.356554980586392,14.431327819824219,1152200
2017-01-31,14.40413712253421,14.465315721224728,14.370148291849857,14.438124656677246,1981700
2017-02-01,14.526493022514565,14.553682788092338,14.451718898228586,14.512897491455078,2355200
2017-02-02,14.669240925945909,14.71682398395098,14.635253397811168,14.662443161010742,2014800
2017-02-03,14.662445117729394,14.71682594792681,14.635255350901316,14.676040649414062,2035200
2017-02-06,14.478907205476979,14.546883557386572,14.458515207482852,14.540085792541504,1806000
2017-02-07,14.478904831308837,14.54008340834165,14.458512836658473,14.506095886230469,1535800
2017-02-08,14.567277005871754,14.608062298832106,14.55368147603794,14.580872535705566,1379100
2017-02-09,14.580875395835388,14.682839296507671,14.580875395835388,14.655648231506348,3996500
2017-02-10,14.771204645614512,14.893561820029385,14.771204645614512,14.852776527404785,1820000
2017-02-13,14.900360551190948,14.961539142365867,14.900360551190948,14.927550315856934,1578400
2017-02-14,14.934349084827303,14.94794461634457,14.811993190795652,14.941146850585938,2255000
2017-02-15,14.981931424110124,15.158668123828223,14.981931424110124,15.145073890686035,4733100
2017-02-16,15.192656948036374,15.213048946020194,15.131478361002774,15.145073890686035,4108500
2017-02-17,15.090695821813348,15.131481121763395,15.063504757485777,15.11788558959961,1117700
2017-02-21,15.04311296220734,15.179065704345701,15.04311296220734,15.179065704345703,1737000
2017-02-22,15.158667745380065,15.219846330886293,15.117882453889592,15.206252098083496,1450600
2017-02-23,15.29462044573636,15.308215975080197,15.17906103939582,15.206252098083496,1423700
2017-02-24,14.98872859934969,15.06350271959325,14.961538835241843,15.009121894836426,1967500
2017-02-27,14.961538784626626,15.002324078920985,14.927549958930387,14.995526313781738,3886400
2017-02-28,14.920756340026857,14.988731411319543,14.913958573589312,14.920756340026855,1581100
2017-03-01,14.981932773311737,15.131479723671873,14.968337242404127,15.090694427490234,2884100
2017-03-02,15.009124710632175,15.009124710632175,14.907160807151769,14.920756340026855,2021000
2017-03-03,14.839182957288937,14.954742382103202,14.818789660013039,14.941146850585938,1968100
2017-03-06,14.913956592165018,14.941146357761465,14.873169998958542,14.900361061096191,1149300
2017-03-07,15.009127113002844,15.015924880528443,14.954746269339635,14.961544036865234,3117300
2017-03-08,14.927551289650637,14.954742352631582,14.852778459535525,14.859576225280762,1906000
2017-03-09,14.907159288956173,14.91395705470141,14.805195395860116,14.859576225280762,2302500
2017-03-10,14.99552724248896,15.022718304729956,14.92075441440864,14.988729476928711,1245400
2017-03-13,14.981934132272483,15.043111433823535,14.981934132272483,15.036314964294434,1071300
2017-03-14,14.907155485858251,14.947940773383324,14.879964429814258,14.934345245361328,1856100
2017-03-15,15.063505549228665,15.41018385837886,15.0363157800133,15.396588325500488,5018200
2017-03-16,15.32861139848033,15.33540916467154,15.219849732503613,15.260636329650879,2315100
2017-03-17,15.301420161814994,15.362598755123395,15.274229099659614,15.287824630737305,2257500
2017-03-20,15.349002368430783,15.355800133590694,15.287823778532722,15.315014839172363,1988500
2017-03-21,15.355798288377121,15.36939381706325,15.097488429504592,15.104286193847656,3781100
2017-03-22,14.947945253250037,15.036314915336293,14.907159953501697,15.022719383239746,2416900
2017-03-23,14.94794471528443,15.043110843452698,14.927551417873548,14.968338012695312,3084800
2017-03-24,15.029517662116842,15.111088264396829,15.029517662116842,15.070302963256836,2905900
2017-03-27,15.049909664416166,15.097492731836383,14.981934594696625,15.070302963256836,5811500
2017-03-28,15.192658506275883,15.308217927353839,15.179062975198192,15.287824630737305,6276000
2017-03-29,15.3626013697457,15.471363043795394,15.3626013697457,15.46456527709961,2952900
2017-03-30,15.498547158525268,15.57332126835195,15.484952926635742,15.484952926635742,4551900
2017-03-31,15.376195883310352,15.416981184238544,15.355802584575587,15.36939811706543,2456100
2017-04-03,15.328610052427086,15.335407818021364,15.206254161353732,15.321813583374023,3032100
2017-04-04,15.21305143090585,15.281027793884277,15.18586166363925,15.281027793884277,2464600
2017-04-05,15.32861139848033,15.376195761818806,15.253838563459668,15.260636329650879,3590900
2017-04-06,15.219848707194723,15.260635301594336,15.185861175069622,15.240242004394531,1472200
2017-04-07,15.14507526243726,15.213050323928197,15.117884200607934,15.165467262268066,2051700
2017-04-10,15.21305277360919,15.267433609483325,15.199458537046706,15.219850540161133,1845900
2017-04-11,15.315016185253526,15.349003717499208,15.206254526217847,15.32861042022705,1923900
2017-04-12,15.29462239627615,15.308217927353839,15.206254037353572,15.287824630737305,2525300
2017-04-13,15.274228605982936,15.34900272795226,15.247038841247559,15.247038841247559,2034200
2017-04-17,15.328613304740765,15.362602139923657,15.274232464989627,15.335411071777344,1782400
2017-04-18,15.12468340455044,15.14507670286201,15.063504806157043,15.131481170654297,2741600
2017-04-19,15.077096843036024,15.083894607563952,14.954739674615336,14.98193073272705,2126700
2017-04-20,15.111086944760999,15.165467773712416,15.097491413387838,15.138278007507324,2775900
2017-04-21,15.158672404062516,15.192661237867826,15.138280400320768,15.179065704345703,1507900
2017-04-24,15.342205047607422,15.349002812964208,15.301419752007881,15.342205047607422,2136100
2017-04-25,15.315016357953352,15.389789189045278,15.30821859211931,15.376194953918457,1696400
2017-04-26,15.247037836260695,15.30821642355925,15.233442306518555,15.233442306518555,1611700
2017-04-27,15.24703781057006,15.24703781057006,15.151871695617583,15.226644515991211,1545900
2017-04-28,15.247038306779533,15.274228070561804,15.213049481375299,15.267430305480957,3173900
2017-05-01,15.41018202410384,15.457765086972945,15.41018202410384,15.416979789733887,1128900
2017-05-02,15.403382301330566,15.410180066096894,15.355799244507331,15.403382301330566,1591500
2017-05-03,15.09069528241083,15.12468281506413,15.036314452240788,15.063504219055176,2386400
2017-05-04,14.920755850783031,14.96154115152959,14.886767019709788,14.954743385314941,3016300
2017-05-05,14.87317112326033,15.022719383239746,14.852779121656809,15.022719383239746,1967600
2017-05-08,14.947943611762295,14.95474137706408,14.900360551190948,14.927550315856934,1402100
2017-05-09,14.757609927593078,14.784800988532428,14.703229102255523,14.74401569366455,3352300
2017-05-10,14.859577570155865,14.913958404498283,14.852779803795393,14.87317180633545,1972800
2017-05-11,14.80519346991924,14.859574292265732,14.771204645614512,14.852776527404785,1670600
2017-05-12,14.778004670927876,14.805195734530821,14.74401713796547,14.784802436828613,1405700
2017-05-15,14.873168043411606,14.907156866614768,14.859573810671376,14.886763572692871,1588700
2017-05-16,14.961544036865234,14.981937339442032,14.941150734288437,14.961544036865234,2013400
2017-05-17,14.6896341812939,14.710026179503533,14.560479240954846,14.580872535705566,9044400
2017-05-18,14.553683844349973,14.642053506109015,14.533290546280664,14.614862442016602,2676700
2017-05-19,14.662443807387646,14.771205458062754,14.662443807387646,14.74401569366455,2121400
2017-05-22,14.839180997682895,14.873168525446548,14.818787703100057,14.852776527404785,2274300
2017-05-23,14.873168525446548,14.907157349751277,14.84597876254384,14.852776527404785,1905800
2017-05-24,14.825588738353504,14.886767339056394,14.791601203092503,14.87317180633545,1791100
2017-05-25,14.852778335397728,14.907159164363867,14.818789506955621,14.825587272644043,1872600
2017-05-26,14.730419158935547,14.73721692370694,14.682836102076847,14.730419158935547,1475200
2017-05-30,14.608065164295372,14.67604153025734,14.59446963179471,14.655648231506348,1542400
2017-05-31,14.669243249053263,14.682838781076663,14.594469119465858,14.608064651489258,1522600
2017-06-01,14.519693947994494,14.6012645339152,14.50609841816068,14.580872535705566,2449500
2017-06-02,14.703229519264744,14.778003642427535,14.669241988667757,14.764408111572266,1561900
2017-06-05,14.710025410239252,14.778001759312392,14.710025410239252,14.771203994750977,3627400
2017-06-06,14.553683819936952,14.608064651489258,14.546886053925252,14.608064651489258,2224000
2017-06-07,14.655647717029863,14.676041015064962,14.574077117972053,14.608064651489258,2774700
2017-06-08,14.642053116743652,14.682838415256398,14.614862053374312,14.676040649414062,1349300
2017-06-09,14.61486010300567,14.710026219015814,14.594466808200172,14.662443161010742,2835600
2017-06-12,14.662443109778883,14.689634169424538,14.635253346674311,14.648847579956055,1275800
2017-06-13,14.920754948611178,14.981933544302565,14.920754948611178,14.968338012695312,3941700
2017-06-14,15.253836368111605,15.267430601996201,15.06350283177469,15.111085891723633,3877000
2017-06-15,14.954741019487379,15.009121844060234,14.927549958930387,14.995526313781738,1854000
2017-06-16,15.043110921538439,15.077099750733003,15.009123388885136,15.063504219055176,2788000
2017-06-19,15.077100289649563,15.14507665392718,15.077100289649563,15.11788558959961,1355500
2017-06-20,14.944277925017822,14.944277925017822,14.83316816029547,14.840112686157227,2109100
2017-06-21,14.687333238700036,14.728999062167368,14.631778365899379,14.6942777633667,2255000
2017-06-22,14.715115224106803,14.749836532078497,14.68733711810305,14.729002952575684,913800
2017-06-23,14.791498021995045,14.840109693223402,14.770665773144072,14.833165168762207,719100
2017-06-26,14.902609358606611,14.916498409014865,14.826222230426715,14.847054481506348,1328000
2017-06-27,14.826218072579675,14.874828410843586,14.798439979553223,14.798439979553223,1766000
2017-06-28,15.027607008042263,15.152605803042379,15.027607008042263,15.110939979553223,2630900
2017-06-29,15.228996112262955,15.242885163302073,15.06233147339198,15.138718605041504,4233100
2017-06-30,15.041498445402585,15.103997852825179,15.02760939385693,15.055387496948242,2991200
2017-07-03,14.916495113711708,15.048438414376136,14.916495113711708,14.985939025878906,1566700
2017-07-05,15.006777141071302,15.062332022721069,14.958166785194363,15.055387496948242,1808700
2017-07-06,14.944273418251097,14.96510566502108,14.888718552643684,14.916495323181152,1663000
2017-07-07,14.874829505108714,14.92343984694864,14.84010821080376,14.916495323181152,1157600
2017-07-10,14.867885640668685,14.972050852735308,14.853996592517793,14.951218605041504,1314300
2017-07-11,14.916495113711708,14.999828073218836,14.874829296224373,14.985939025878906,929400
2017-07-12,14.985938685128469,15.048438072204588,14.97899416161641,15.04843807220459,1917300
2017-07-13,15.180382674812732,15.242882067261457,15.173438150703703,15.208159446716309,1526700
2017-07-14,15.381771943001972,15.492881704003922,15.381771943001972,15.458160400390625,2041000
2017-07-17,15.46510637610177,15.499827682970704,15.395662437830952,15.402606964111328,1351600
2017-07-18,15.437326692877628,15.451215744018556,15.402605389558131,15.451215744018555,4326800
2017-07-19,15.6595475712886,15.749825087002353,15.64565984347589,15.728991508483887,2182900
2017-07-20,15.756768858545767,15.80537921489452,15.715101703504374,15.77065658569336,1798200
2017-07-21,15.583159747868983,15.590104273736724,15.527604865459924,15.548437118530273,1848200
2017-07-24,15.56232153032798,15.576210577922415,15.499822140685499,15.555377006530762,1588600
2017-07-25,15.73593113175842,15.76370922779479,15.70815436025457,15.722042083740234,1341500
2017-07-26,15.763713483336783,15.93732265683374,15.756768957452959,15.888710975646973,3264300
2017-07-27,15.930376766340645,15.930376766340645,15.749823082426243,15.805377960205078,1937500
2017-07-28,15.659544910742696,15.728988836139507,15.645657185289501,15.70815658569336,1657000
2017-07-31,15.72204477812597,15.770655129987759,15.6803789514634,15.763711929321289,1629500
2017-08-01,15.853985708134092,15.888707004341912,15.79843083948205,15.81926441192627,1604200
2017-08-02,15.722046229344606,15.784545637373824,15.708158502197012,15.77065658569336,1226000
2017-08-03,15.652600156322555,15.694265977611057,15.610933010501476,15.645655632019043,1965800
2017-08-04,15.617878168110813,15.659543991088867,15.541489722207192,15.659543991088867,1634800
2017-08-07,15.66649012542884,15.708157277220884,15.66649012542884,15.694268226623535,976600
2017-08-08,15.631767141128432,15.687322013006067,15.59704451837202,15.624822616577148,1200500
2017-08-09,15.58315658569336,15.603988834536374,15.548433963400656,15.58315658569336,1789400
2017-08-10,15.590105200082656,15.590105200082656,15.402606964111328,15.402606964111328,2508200
2017-08-11,15.402605259109402,15.485936916183569,15.381771682574456,15.444271087646484,1930500
2017-08-14,15.499823833883934,15.569267754909674,15.492879309328096,15.513712882995605,1409000
2017-08-15,15.492878146008145,15.492878146008145,15.423434230196767,15.4720458984375,1574900
2017-08-16,15.680376709035494,15.853985840590154,15.680376709035494,15.82620906829834,1762200
2017-08-17,15.77065365855621,15.812320805863905,15.617878092025867,15.624822616577148,1453700
2017-08-18,15.673433829581914,15.763711329202188,15.631768004505547,15.701211929321289,1930000
2017-08-21,15.701210711695428,15.708155236091725,15.638711316661345,15.687321662902832,813600
2017-08-22,15.728990065011892,15.812323046905236,15.72204553947638,15.784544944763184,1121600
2017-08-23,15.617879085317693,15.715099786153603,15.603990035331789,15.70815658569336,1080100
2017-08-24,15.708157969973461,15.72899022225545,15.673435341948773,15.680379867553711,1680100
2017-08-25,15.708157052260278,15.833154532247988,15.708157052260278,15.763711929321289,1822700
2017-08-28,15.73593603465671,15.73593603465671,15.666492097461424,15.728991508483887,1017800
2017-08-29,15.569267613289014,15.659543782628473,15.555378564303679,15.617877960205078,1171400
2017-08-30,15.51371568345336,15.548436987967632,15.472049853129658,15.541492462158203,2367200
2017-08-31,15.666492097461424,15.756769613175175,15.64565984347589,15.728991508483887,1758800
2017-09-01,15.840095652685077,15.881762794924219,15.777596263858829,15.847040176391602,2447900
2017-09-05,15.81232201779632,15.860932368848406,15.666489640107342,15.749822616577148,1812300
2017-09-06,15.715100455981494,15.847043787406012,15.715100455981494,15.805377960205078,1834000
2017-09-07,15.867875044757314,15.89565181732178,15.833152423386018,15.895651817321777,911400
2017-09-08,15.937319445619531,16.006762041400005,15.833152902883596,15.840097427368164,1258600
2017-09-11,15.916486388581658,15.992874835857764,15.90954186387177,15.978985786437988,1709200
2017-09-12,16.048427661711433,16.110927051594736,16.020649566415525,16.083148956298828,1498000
2017-09-13,16.020652996875466,16.027597522186454,15.909543240965174,15.95120906829834,1846100
2017-09-14,15.860932888321017,15.95815359360933,15.847043837699038,15.95120906829834,1423600
2017-09-15,15.909543860298125,15.909543860298125,15.847044454598988,15.902599334716797,1196200
2017-09-18,15.881766749203287,15.923432577284018,15.79843376850903,15.853988647460938,2395400
2017-09-19,15.923432422363074,15.965098250038434,15.888709795522956,15.95815372467041,1103700
2017-09-20,15.965095309135913,16.062315997313824,15.791486180513905,15.923429489135742,2842700
2017-09-21,15.666488515673981,15.687322089429323,15.617878168110813,15.659543991088867,2007800
2017-09-22,15.791490163214057,15.853989571243275,15.756768858545767,15.77065658569336,1919800
2017-09-25,15.73593113175842,15.79148599929864,15.680376264218198,15.722042083740234,1823300
2017-09-26,15.624821265639177,15.638710313540882,15.548432826712316,15.603987693786621,1846700
2017-09-27,15.499826761988956,15.562326170265758,15.485937710253474,15.548437118530273,1702300
2017-09-28,15.416491371936873,15.541488833725126,15.416491371936873,15.52065658569336,1810200
2017-09-29,15.527601714557642,15.597044310077832,15.49287909226494,15.58315658569336,4612800
2017-10-02,15.62482314292455,15.687322541458862,15.59704504378367,15.65260124206543,1955500
2017-10-03,15.513712665640561,15.590101110151899,15.506768141182022,15.58315658569336,1681700
2017-10-04,15.465103224133454,15.506769048790785,15.45121417440345,15.499824523925781,2827400
2017-10-05,15.416489284567481,15.44426605302642,15.395655714823995,15.430377006530762,2387300
2017-10-06,15.388711191576167,15.458155099522076,15.353989899869399,15.430377006530762,2122200
2017-10-09,15.506766529411959,15.513711053148686,15.423433569103691,15.437322616577148,1436700
2017-10-10,15.52065679541805,15.562322616577148,15.52065679541805,15.562322616577148,1337300
2017-10-11,15.590099970417429,15.617876741688326,15.548432826712316,15.603987693786621,1422600
2017-10-12,15.687322560075621,15.742877433890643,15.666488985695239,15.715099334716797,1311400
2017-10-13,15.923431208269033,15.96509703276755,15.9164866834305,15.944263458251953,3087100
2017-10-16,15.97204290646749,15.992876482742512,15.93732160387524,15.96509838104248,1620800
2017-10-17,16.020652770996094,16.03454182142225,15.972042419037308,16.020652770996094,2116200
2017-10-18,16.041486346635324,16.048430871848403,15.992875994676538,16.020652770996094,2162500
2017-10-19,16.013706866062016,16.083150787676832,16.00676234144727,16.048429489135742,1791900
2017-10-20,16.090095312291577,16.090095312291577,16.013706866062016,16.048429489135742,1453100
2017-10-23,16.006763946253486,16.013708471564478,15.930376816898143,15.95120906829834,1371500
2017-10-24,15.937317928133067,15.992872794187306,15.923428880486385,15.972039222717285,1132100
2017-10-25,15.83314865065346,15.847037695892489,15.70815121709898,15.75676155090332,1929500
2017-10-26,15.83314865065346,15.840093173272974,15.75676155090332,15.75676155090332,1874100
2017-10-27,15.722043029233724,15.833152770996094,15.68732173163271,15.833152770996094,2506300
2017-10-30,15.763712133004143,15.805377960205078,15.763712133004143,15.805377960205078,1792600
2017-10-31,15.73593382852441,15.791488705585419,15.708157052260278,15.763711929321289,1879100
2017-11-01,15.867875525306443,15.944262645571488,15.833152902883596,15.840097427368164,2151600
2017-11-02,15.93732147309912,15.972042775406457,15.902598846259004,15.95815372467041,1577200
2017-11-03,15.916489271119474,15.923433797087043,15.826213082606882,15.867878913879395,2082400
2017-11-06,15.826210827253044,15.937320577834367,15.826210827253044,15.930376052856445,991400
2017-11-07,15.944265163671947,15.951209689253275,15.860933505761645,15.902599334716797,2467800
2017-11-08,16.062321161993843,16.090099267280756,16.01371080227471,16.055377960205078,1794100
2017-11-09,16.041485171621378,16.110929094132736,16.020651597508177,16.09009552001953,1450900
2017-11-10,16.041485171621378,16.110929094132736,16.027596122212575,16.09009552001953,1656700
2017-11-13,15.958152212308326,16.027596134874546,15.951207687598439,15.978985786437988,1387700
2017-11-14,15.86093270638222,15.874821756844879,15.756767476977783,15.798433303833008,2009900
2017-11-15,15.701212265525063,15.756767141660692,15.65260191447298,15.749822616577148,1900900
2017-11-16,15.784544717637855,15.853988647460936,15.777600192202266,15.853988647460938,1175400
2017-11-17,15.701211609662545,15.742877433890643,15.68037803528216,15.715099334716797,1252000
2017-11-20,15.715099991159427,15.763711666744237,15.708156790608609,15.749822616577148,1372600
2017-11-21,15.81926340609797,15.874818271217695,15.81926340609797,15.847040176391602,2828800
2017-11-22,15.909542477922683,15.937320577834367,15.860932127609942,15.930376052856445,1324700
2017-11-24,15.94426173686956,15.95815078504713,15.916484965046957,15.923429489135742,657700
2017-11-27,15.91648805184843,15.937321628155193,15.847044122025348,15.853988647460938,1342100
2017-11-28,15.930375733107565,16.006762857266068,15.909542158591966,15.944263458251953,3082100
2017-11-29,15.888709950106081,15.902599000977256,15.819267344815792,15.853988647460938,1881200
2017-11-30,15.860931056257792,15.874820105275475,15.79148713570199,15.812320709228516,2209000
2017-12-01,15.840100810009123,15.923433797087043,15.812324030671746,15.867878913879395,2972800
2017-12-04,15.867877158244088,15.874821683443308,15.763711929321287,15.763711929321289,1542300
2017-12-05,15.826209844734374,15.833153044748542,15.735932350158691,15.735932350158691,3213000
2017-12-06,15.728989528584139,15.735934053882813,15.687323701324862,15.694268226623535,1007400
2017-12-07,15.65260036545394,15.715098435955428,15.638711316661345,15.687321662902832,1703300
2017-12-08,15.756765923799069,15.763710448345861,15.701211051957351,15.735932350158691,1725600
2017-12-11,15.701213976356781,15.784545637373824,15.701213976356781,15.77065658569336,1621900
2017-12-12,15.847044122025348,15.888709950106081,15.82621187025138,15.853988647460938,2416300
2017-12-13,15.992874823223225,16.152594917826487,15.985930298518824,16.09009552001953,2652800
2017-12-14,16.110928886135813,16.117872086217922,16.048429489135742,16.048429489135742,1766500
2017-12-15,16.05537573206877,16.10398608504185,16.048431206710795,16.069263458251953,1538800
2017-12-18,16.194263197022583,16.23592902703404,16.159541892768512,16.180374145507812,3072300
2017-12-19,16.186774125732754,16.193889354133454,16.136968884018913,16.151199340820312,4317200
2017-12-20,16.20811981093485,16.21523503933555,16.129853655618216,16.151199340820312,1765700
2017-12-21,16.236580435842782,16.314846596309472,16.222349978104994,16.26504135131836,1494900
2017-12-22,16.300619377860162,16.350424632748666,16.250814122971658,16.34330940246582,1861600
2017-12-26,16.34330940246582,16.39311601444574,16.28638891729447,16.34330940246582,1178000
2017-12-27,16.385994227096436,16.44291468949033,16.385994227096436,16.42868423461914,1917100
2017-12-28,16.53541457278634,16.54252980221889,16.478494094417194,16.499839782714844,1119100
2017-12-29,16.56386947074222,16.56386947074222,16.4642576519795,16.48560333251953,1875300
2018-01-02,16.54252759766656,16.599448068450155,16.50695281233596,16.59233283996582,1615300
2018-01-03,16.627908962140285,16.706173761190513,16.620793733664616,16.699058532714844,1557400
2018-01-04,16.670596797102927,16.763092041015625,16.65636634201147,16.763092041015625,2394600
2018-01-05,16.805786663753693,16.88405146774499,16.770210519129325,16.862707138061523,1594900
2018-01-08,16.763098850374533,16.777329311246564,16.727524055285897,16.770214080810547,3976700
2018-01-09,16.777326853224572,16.812901643101196,16.74175206334795,16.79155731201172,2805000
2018-01-10,16.62790951616773,16.69905908911293,16.592333372604013,16.649253845214844,1811200
2018-01-11,16.67060086987886,16.76309613638897,16.64925518202673,16.74886703491211,1057200
2018-01-12,16.720405818033786,16.8555924578247,16.699060130564316,16.84136199951172,1428400
2018-01-16,16.763093137988317,16.798669278045057,16.62790787704565,16.69194221496582,2161200
2018-01-17,16.684826711335997,16.85558809562539,16.642135347445514,16.78443717956543,2164800
2018-01-18,16.82001605246098,16.841361739601023,16.763095577178703,16.79867172241211,1176800
2018-01-19,16.82001713010623,16.855593277618976,16.8057880281924,16.834247589111328,1088100
2018-01-22,16.784441792048394,16.855592727661133,16.763096104237206,16.855592727661133,1923100
2018-01-23,16.81290052597402,16.90539714485333,16.798671425223564,16.89116668701172,1778100
2018-01-24,17.047698446287693,17.076159363296973,16.91962839101959,16.99077796936035,2281800
2018-01-25,17.076161850511127,17.076161850511127,16.862710370216305,16.940975189208984,2608700
2018-01-26,17.05481471618767,17.211347055107534,17.04058561390602,17.15442657470703,3685200
2018-01-29,17.069044944668452,17.11173496511854,17.012124465037907,17.033470153808594,1426400
2018-01-30,16.955201568930278,16.9836624832349,16.862706311622414,16.89828109741211,1892000
2018-01-31,17.019237541731815,17.05481232809154,16.876935682110688,16.912511825561523,2027800
2018-02-01,16.905397932514948,17.03346934487427,16.89116747401031,16.99077796936035,2543800
2018-02-02,16.898282506385808,16.9267434230635,16.699060160915586,16.734636306762695,4146000
2018-02-05,16.578104974075117,16.670601601737157,16.136971595827987,16.17254638671875,6553000
2018-02-06,15.980437343977073,16.38599723982707,15.880826855746083,16.329076766967773,10479800
2018-02-07,16.12274408405673,16.201010266833904,15.966213075593913,15.987557411193848,3749000
2018-02-08,15.994670500335483,16.03736188000185,15.539306640625,15.539306640625,5136200
2018-02-09,15.738529205322266,15.831024481577574,15.361430156084605,15.738529205322266,6749200
2018-02-12,15.87371643102243,16.044477901279556,15.788336374439632,15.987557411193848,2552300
2018-02-13,15.980439562965275,16.129856673150417,15.95198000112939,16.08005142211914,1982700
2018-02-14,15.887941281311532,16.36465072631836,15.887941281311532,16.36465072631836,2965100
2018-02-15,16.457142425132822,16.492718559366207,16.286381052084852,16.48560333251953,2823800
2018-02-16,16.343306676421545,16.450033755770864,16.27927097164843,16.350421905517578,2039500
2018-02-20,16.35042164522337,16.421572577959815,16.27215684059533,16.30773162841797,2155000
2018-02-21,16.36465184130059,16.535413262880613,16.243695664711677,16.26504135131836,2665900
2018-02-22,16.386000767039043,16.528301301273,16.371770306488223,16.393115997314453,2338000
2018-02-23,16.41445350366165,16.53540965385059,16.38599395148882,16.52117919921875,1752200
2018-02-26,16.627908962140285,16.713288989666182,16.56387326295033,16.699058532714844,1741200
2018-02-27,16.627913423527644,16.649257757590423,16.435806274414062,16.435806274414062,1824800
2018-02-28,16.50695509377709,16.52829942508904,16.236581802368164,16.236581802368164,2847100
2018-03-01,16.22946852732912,16.307734703808137,15.9946713549835,16.129858016967773,2796400
2018-03-02,16.051591277301608,16.193893164617652,15.987555563718525,16.179662704467773,2415700
2018-03-05,16.030245841728856,16.272158219274402,16.008900152972032,16.250812530517578,1957500
2018-03-06,16.421573380708658,16.46426339960091,16.329078113593575,16.378883361816406,1684300
2018-03-07,16.21523719139844,16.31484768804628,16.136971025694432,16.272157669067383,2537900
2018-03-08,16.300618037314884,16.336192828712065,16.193892306032037,16.293502807617188,2174600
2018-03-09,16.44292170610016,16.59233747473454,16.428691245156475,16.585222244262695,1761900
2018-03-12,16.556757783803622,16.613678253656126,16.5211816419639,16.578102111816406,1916000
2018-03-13,16.578102149477395,16.60656306301383,16.32907594148887,16.36465072631836,1701000
2018-03-14,16.54253201600224,16.556762476771716,16.378885788427606,16.435806274414062,1846200
2018-03-15,16.336191748233578,16.364652665141957,16.222350794782496,16.25792694091797,1103500
2018-03-16,16.23657881201579,16.279268823868563,16.201004028320312,16.201004028320312,1161900
2018-03-19,16.10850798195942,16.129853667176814,15.966207485116627,16.072933197021484,1639300
2018-03-20,16.03735978616739,16.065819345137946,15.980437954043932,16.016014099121094,2118300
2018-03-21,16.016016484018284,16.22946795790098,15.994670793793464,16.179662704467773,1808200
2018-03-22,15.916403945240006,15.973324421481596,15.76698684692383,15.766986846923828,3219800
2018-03-23,15.845251268060244,15.859481724828425,15.560648918151855,15.560648918151855,3996300
2018-03-26,15.74564100547771,15.852368084842015,15.596225265713583,15.83813762664795,3528300
2018-03-27,15.774103664205256,15.788334123971158,15.482386024460979,15.532191276550293,3098200
2018-03-28,15.581996663200021,15.681608525330201,15.51084572084742,15.539306640625,3831600
2018-03-29,15.574877999109914,15.731410309189684,15.517957529196648,15.667374610900879,4194800
2018-04-02,15.560650731551195,15.653145997141445,15.325853595877723,15.397003173828125,4011600
2018-04-03,15.49661199342907,15.610452924383384,15.461035854324006,15.57487678527832,2962700
2018-04-04,15.461040147645917,15.710067762169185,15.4539249178491,15.681608200073242,3277300
2018-04-05,15.653146048870145,15.752756544002859,15.560650782974228,15.695836067199707,3731700
2018-04-06,15.68160522750137,15.745639569351855,15.48949813067672,15.51795768737793,2480200
2018-04-09,15.681606965817329,15.823907479279601,15.660261278106942,15.695836067199707,2154000
2018-04-10,15.909290554067038,16.0160162897136,15.887944864101183,15.980440139770508,3642800
2018-04-11,15.845252028187963,15.95909297361249,15.845252028187963,15.873711585998535,1299500
2018-04-12,15.909287173636077,15.966207644359114,15.902171945159314,15.923516273498535,1357600
2018-04-13,16.03735857203568,16.051587671898133,15.887941488205788,15.923516273498535,1225500
2018-04-16,15.951978942105924,16.023129877609012,15.944863712846493,15.994668960571289,2811400
2018-04-17,15.966208853104241,16.05158888710708,15.951978395073377,16.016014099121094,1460600
2018-04-18,16.05869811427238,16.122733794387113,16.03735379229458,16.108503341674805,1612300
2018-04-19,16.037361723831065,16.072936516115266,15.895059840511593,15.937749862670898,1917200
2018-04-20,15.823910328555847,15.838140789591797,15.745644149949587,15.774105072021484,2344700
2018-04-23,15.84525328157627,15.852368510864519,15.75275665792024,15.781217575073242,1494900
2018-04-24,15.937748548141073,15.959094236005823,15.75275665792024,15.781217575073242,1532500
2018-04-25,15.724297511638051,15.795448449301642,15.66737703292543,15.75275707244873,1435500
2018-04-26,15.816795615768754,15.85237176952314,15.766990357604117,15.831026077270508,733300
2018-04-27,15.852366702913042,15.923516273498535,15.823905789005988,15.923516273498535,1332300
2018-04-30,15.873712977153401,15.909289123898368,15.781217709798955,15.78833293914795,3277700
2018-05-01,15.84525379780355,15.87371335879252,15.781218089214285,15.866598129272461,1199700
2018-05-02,16.008896691670262,16.129852854290966,15.959091452430737,16.001781463623047,1246700
2018-05-03,16.101392742015417,16.186774125732754,15.959092245274597,16.151199340820312,1830800
2018-05-04,15.951979697595185,16.19389207550798,15.930634008805956,16.17254638671875,1278600
2018-05-07,16.065822049229105,16.14408822448092,16.058706819016084,16.087167739868164,1188500
2018-05-08,15.973324082119673,16.016014099121094,15.93063270802708,16.016014099121094,1353900
2018-05-09,15.994671104190308,16.087167739868164,15.994671104190308,16.087167739868164,1154500
2018-05-10,16.193888243997264,16.279268264770508,16.151198233610643,16.279268264770508,1026200
2018-05-11,16.265042170145062,16.30061695918932,16.236581253236686,16.25792694091797,1051200
2018-05-14,16.350423288107457,16.37176897720055,16.279272348221795,16.293502807617188,1117300
2018-05-15,16.094282150268555,16.15120263198189,16.044475541314473,16.094282150268555,1451400
2018-05-16,16.20812332748636,16.279272912748016,16.193892867597487,16.243698120117188,1417400
2018-05-17,16.257926122449465,16.307731367440578,16.20812087745835,16.26504135131836,1090300
2018-05-18,16.172543668931354,16.201004582534154,16.144084112419613,16.151199340820312,1093100
2018-05-21,16.272158182614223,16.3575382232666,16.272158182614223,16.3575382232666,1087200
2018-05-22,16.350423855101024,16.35753908504546,16.22235243028388,16.243698120117188,1140700
2018-05-23,16.087166077972096,16.16543088804731,16.072935619016146,16.158315658569336,1256300
2018-05-24,16.172547474392836,16.201008394692593,16.065821737451486,16.179662704467773,951400
2018-05-25,16.094281881582738,16.129856673150417,16.058705732923745,16.08005142211914,822900
2018-05-29,15.959095174255634,15.994669965697135,15.809678064600458,15.859484672546387,2103700
2018-05-30,16.051591808124186,16.215239391076842,16.02313224397465,16.2081241607666,1222900
2018-05-31,16.17254532812912,16.18677578639047,16.04447391795935,16.058704376220703,1540200
2018-06-01,16.11562292076657,16.165428161621094,16.058702451634105,16.165428161621094,1657200
2018-06-04,16.307731367440578,16.343306154693906,16.222349978104994,16.26504135131836,1121300
2018-06-05,16.22946631495055,16.22946631495055,16.165430607849967,16.193891525268555,2021600
2018-06-06,16.34330557388213,16.421571731567383,16.293500330661004,16.421571731567383,1268700
2018-06-07,16.414458998295427,16.42868945769082,16.2721584756154,16.293502807617188,1233000
2018-06-08,16.272155482832463,16.30773026768671,16.23657934088716,16.28638458251953,1288400
2018-06-11,16.307729441552247,16.38599559277597,16.307729441552247,16.37176513671875,648500
2018-06-12,16.243697055213786,16.265042743647715,16.144086556704643,16.158315658569336,839400
2018-06-13,16.165431990129044,16.22235247274216,16.04447579493976,16.136972427368164,1292100
2018-06-14,16.12274408405673,16.12274408405673,15.987557411193848,15.987557411193848,1555600
2018-06-15,16.030242375811913,16.04447147481536,15.966206680477953,16.001781463623047,2688500
2018-06-18,16.05870625486588,16.144087657331223,16.037361922068055,16.136972427368164,2755100
2018-06-19,15.920824194406174,16.022368868321642,15.891810639891798,16.007862091064453,2674300
2018-06-20,16.189195385843192,16.203702165546126,16.102157474510896,16.167436599731445,2216300
2018-06-21,16.268977089569695,16.29798925804099,16.210951369184805,16.2254581451416,2168000
2018-06-22,16.49382896194864,16.51558912902219,16.414043066121454,16.457563400268555,1608700
2018-06-25,16.26172442209021,16.268977810389984,16.087647253222805,16.123912811279297,3190500
2018-06-26,16.24722073587084,16.276234294588587,16.160182826602856,16.239967346191406,1707500
2018-06-27,16.247220981162737,16.356019061111606,16.08765055613391,16.09490394592285,3580600
2018-06-28,16.20370002612956,16.3415116482265,16.189193248341994,16.312498092651367,2809800
2018-06-29,16.305247260547226,16.414045344129416,16.305247260547226,16.399539947509766,1647000
2018-07-02,16.12391244973203,16.210951723935228,16.116659061594902,16.18193817138672,2135800
2018-07-03,16.363267483293622,16.39953442122832,16.24721604878703,16.26897621154785,1216000
2018-07-05,16.428545517641506,16.450305678984424,16.36326641705489,16.443052291870117,1077900
2018-07-06,16.51558501158407,16.682408767230257,16.51558501158407,16.66790199279785,2375700
2018-07-09,16.769453810471493,16.81297276532665,16.71868008245741,16.80571937561035,1927000
2018-07-10,16.667907351310205,16.725933084252176,16.653400572214064,16.711427688598633,1505500
2018-07-11,16.428551209931953,16.472070164254433,16.276234178081964,16.305246353149414,3589600
2018-07-12,16.580864725562556,16.624383667025146,16.522839009131705,16.617130279541016,1453300
2018-07-13,16.508336392395254,16.55910873413086,16.479322835150594,16.55910873413086,1154200
2018-07-16,16.501084005586815,16.508337395338653,16.399539315946388,16.4503116607666,3595000
2018-07-17,16.35602099856465,16.406794733101663,16.327008819414882,16.385034561157227,2830700
2018-07-18,16.40678751110558,16.508332168595707,16.38502734873961,16.479318618774414,1602800
2018-07-19,16.34151560071117,16.464820474844007,16.327008819414882,16.385034561157227,1388600
2018-07-20,16.55185179077677,16.595370733856743,16.522839623204206,16.56635856628418,2343800
2018-07-23,16.428546651717262,16.435800039332275,16.377774321854403,16.406787872314453,859000
2018-07-24,16.58086611874235,16.638891840048718,16.537345790180833,16.588119506835938,1949200
2018-07-25,16.479319454864072,16.66065000012049,16.435800511366367,16.638891220092773,1274800
2018-07-26,16.486575564662857,16.53009589878815,16.45756339202183,16.472068786621094,1274400
2018-07-27,16.609877509364154,16.64614444813268,16.53734501526936,16.56635856628418,1012200
2018-07-30,16.595375951391105,16.617136121493548,16.54460360459476,16.551856994628906,2820700
2018-07-31,16.682413471739828,16.711427028786577,16.61713435182718,16.624387741088867,2418000
2018-08-01,16.551853285208633,16.551853285208633,16.486574172973633,16.486574172973633,2033300
2018-08-02,16.363273754190253,16.450313055147376,16.363273754190253,16.435806274414062,1854700
2018-08-03,16.363267186373637,16.48657200622974,16.363267186373637,16.479318618774414,2144300
2018-08-06,16.45756339202183,16.515589120746387,16.4285498359383,16.472068786621094,880000
2018-08-07,16.58086430749711,16.617129860561175,16.501078430625554,16.522838592529297,1393700
2018-08-08,16.530097833055645,16.646149304084513,16.50833766344674,16.609882354736328,859600
2018-08-09,16.66790732492248,16.689667493532244,16.559109248758855,16.57361602783203,1365500
2018-08-10,16.305246353149414,16.363272086726926,16.261727398826935,16.305246353149414,1719200
2018-08-13,16.30524788059182,16.327008051512816,16.181943012258333,16.210956573486328,1411900
2018-08-14,16.297988638063625,16.312495413468586,16.21095075251837,16.276229858398438,2563200
2018-08-15,16.290738294390547,16.29799168344837,16.138421274503813,16.254472732543945,2499900
2018-08-16,16.443056622219522,16.522842518046705,16.428549844170487,16.457563400268555,1287000
2018-08-17,16.52284269131111,16.725932052357248,16.501082524009373,16.68241310119629,3649400
2018-08-20,16.638894663743866,16.718679179428463,16.624387885094826,16.69692039489746,1228300
2018-08-21,16.573613086077607,16.624385420379227,16.530094140025128,16.544599533081055,1359500
2018-08-22,16.508334855310608,16.54460041504721,16.450309129666593,16.501081466674805,1793300
2018-08-23,16.218209192783267,16.27623492903798,16.181942242972397,16.18919563293457,1711100
2018-08-24,16.31249886549084,16.370524595947728,16.283486691983665,16.334259033203125,1520700
2018-08-27,16.38503354840967,16.50833841492112,16.38503354840967,16.493831634521484,2869900
2018-08-28,16.57361345043443,16.60262562062644,16.486574172973633,16.486574172973633,2395400
2018-08-29,16.573614270061388,16.667905557151457,16.53734732622486,16.646146774291992,1529200
2018-08-30,16.544601293387416,16.573614849470943,16.450310003000947,16.472068786621094,1374700
2018-08-31,16.37052382035916,16.421296159173174,16.283485920518707,16.312498092651367,2234600
2018-09-04,16.14567323496194,16.196445570431752,16.0876475110761,16.131166458129883,2784300
2018-09-05,16.029622695172044,16.058634867037135,15.93533002386495,15.993355751037598,2384200
2018-09-06,15.884557135380296,15.90631730110733,15.739493514193976,15.826531410217285,2897500
2018-09-07,15.630695455589125,15.69597457511868,15.536404162625622,15.56541633605957,1953600
2018-09-10,15.703222712131222,15.724982872510534,15.623438224291224,15.674210548400879,1252600
2018-09-11,15.608935321188092,15.732240160362105,15.594428544004698,15.717733383178711,1648100
2018-09-12,15.783011842576936,15.884556511765037,15.746744901122357,15.877303123474121,2329400
2018-09-13,15.928075458068173,15.935328846359088,15.81202401229824,15.877303123474121,1518800
2018-09-14,15.884558170370273,15.920825115611708,15.819279052378192,15.855545997619629,1667500
2018-09-17,15.935328846359088,15.9861025643955,15.877303123474121,15.877303123474121,1338400
2018-09-18,15.971599449560724,16.065890752075713,15.95709266965298,16.05138397216797,1490300
2018-09-19,16.058633700023723,16.16017975277815,16.051380311723953,16.123912811279297,2811500
2018-09-20,16.18193781727121,16.2327101496777,16.13841887284312,16.2254581451416,1315400
2018-09-21,16.196448508428723,16.24722085310852,16.1746883392334,16.1746883392334,1520000
2018-09-24,16.2037000975189,16.23271226977938,16.109407424926758,16.109407424926758,1443300
2018-09-25,16.203699218327692,16.210952606859873,16.123913327916107,16.13842010498047,1198800
2018-09-26,16.094902288094385,16.261726085728753,16.087648899052564,16.116661071777344,1333900
2018-09-27,16.05138233108714,16.11666145055523,16.0296235468928,16.044130325317383,911400
2018-09-28,16.044130325317383,16.11666145055523,16.015116768468218,16.044130325317383,1631400
2018-10-01,15.993353925421289,16.065886421968244,15.986101920864666,16.022367477416992,1272600
2018-10-02,15.812023938622199,15.848290879907792,15.790265157293195,15.833784103393555,2547100
2018-10-03,15.841039961954953,15.848293351343191,15.732241888016548,15.739495277404785,2371300
2018-10-04,15.74674566167205,15.768505827595789,15.59442865053316,15.652454376220703,2457900
2018-10-05,15.688722923716222,15.717736483806496,15.550912663615492,15.587178230285645,2156200
2018-10-08,15.420350665901092,15.500136553333956,15.362324943252377,15.478376388549805,2413000
2018-10-09,15.326058362269876,15.449363198727657,15.311552968848433,15.420351028442383,3242100
2018-10-10,15.405845763291445,15.405845763291445,15.072198163338202,15.09395694732666,3594300
2018-10-11,14.948893583492072,15.035931487895487,14.709537271218865,14.85460090637207,5747600
2018-10-12,15.035936693510283,15.035936693510283,14.79658029836913,14.934391975402832,2956400
2018-10-15,14.977901893519366,15.035927609301128,14.94888972734958,14.963395118713379,1679000
2018-10-16,15.130223165477624,15.210007675336243,15.06494404976628,15.195502281188965,1563300
2018-10-17,15.188247599646012,15.224513157091144,15.072196155690781,15.159234046936035,1411800
2018-10-18,15.166486419445626,15.180993194829126,14.970649102095113,15.021421432495117,1898100
2018-10-19,15.159232399048975,15.246271664274948,15.115713458157082,15.166485786437988,1897400
2018-10-22,15.072195146337366,15.093953925970371,14.985155877478611,15.021421432495117,1500200
2018-10-23,14.789319195607815,14.934384188791597,14.687774530444552,14.861851692199707,2146100
2018-10-24,14.79657381637011,14.811080593585563,14.51369857788086,14.51369857788086,3593300
2018-10-25,14.4919352033882,14.637000176538963,14.426656103814569,14.571721076965332,1693300
2018-10-26,14.383140961948078,14.564471534531107,14.296101678393534,14.477432250976562,4102600
2018-10-29,14.687777540303877,14.724043104310308,14.33962314544882,14.441167831420898,2795100
2018-10-30,14.666015235579483,14.832840402660006,14.65876184714621,14.818333625793457,3586300
2018-10-31,14.905368197753342,14.985154069292975,14.898116194378902,14.941635131835938,1906000
2018-11-01,15.086705163055147,15.180997848510742,15.05043959692156,15.180997848510742,2301600
2018-11-02,15.195501425614458,15.260780537650296,15.043183036383377,15.14472770690918,2553900
2018-11-05,15.195501062245926,15.246273396294713,15.159234121180832,15.202753067016602,1804200
2018-11-06,15.25352898847382,15.355073671243476,15.246275599212765,15.347820281982422,1746200
2018-11-07,15.521896698390062,15.572669037238121,15.471124359542003,15.5581636428833,1128200
2018-11-08,15.601683654609205,15.630695828735751,15.4783788018256,15.507390975952148,3083400
2018-11-09,15.434859646645704,15.463871820392056,15.32606019062987,15.37683391571045,2525900
2018-11-12,15.434857496247373,15.442110884534051,15.246273551120845,15.275285720825195,1915900
2018-11-13,15.275290243854124,15.376836326493144,15.195505715961115,15.253531455993652,2175800
2018-11-14,15.130221030909835,15.151979810782256,14.956143874719167,15.079448699951172,2708000
2018-11-15,15.04318388338168,15.246274619310576,15.006918322849803,15.195502281188965,2911700
2018-11-16,15.115715768374011,15.246273994445799,15.086702214383658,15.2462739944458,2111400
2018-11-19,15.064946228354719,15.064946228354719,14.912627808520197,14.956148147583008,1799500
2018-11-20,14.840091133820419,14.854597909441747,14.658760588880625,14.673267364501953,2726300
2018-11-21,14.912626600776285,14.99966588841011,14.8981212057061,14.948893547058105,1924800
2018-11-23,14.941637475065786,14.985156419347703,14.91987731120368,14.927130699157715,1139600
2018-11-26,15.04318460676356,15.09395694732666,15.01417243363144,15.09395694732666,2076900
2018-11-27,15.014171228074058,15.086702346801758,14.970650896706546,15.086702346801758,1691900
2018-11-28,15.043185289406546,15.333313951106065,14.985159557066641,15.318808555603027,2314300
2018-11-29,15.260780771440976,15.326058501034472,15.217260440455448,15.2462739944458,2048700
2018-11-30,15.028676621754153,15.09395573536301,14.992411062390303,15.086702346801758,3166600
2018-12-03,15.456618354013132,15.471125132535239,15.275287772814435,15.347820281982422,2618000
2018-12-04,15.28979987222194,15.28979987222194,14.927138583617582,14.934391975402832,3474000
2018-12-06,14.709535566179126,14.840092407650893,14.564470564398425,14.818333625793457,4419500
2018-12-07,14.934385361676751,14.992411086818905,14.680522295388926,14.731294631958008,4223200
2018-12-10,14.557216391769277,14.60073533658217,14.40489939320299,14.535457611083984,2373900
2018-12-11,14.760309261962071,14.774816040165447,14.57172529564572,14.651511192321777,2655400
2018-12-12,14.854600321053725,14.941639605470062,14.796574592590332,14.796574592590332,3354900
2018-12-13,14.832840322429673,14.876359269351536,14.767561210325688,14.78931999206543,2528200
2018-12-14,14.593483331981949,14.651509052879911,14.52820422304145,14.535457611083984,2464000
2018-12-17,14.68777460965027,14.70228138573534,14.484683894786244,14.535457611083984,2498900
2018-12-18,14.591957815599347,14.674822883459246,14.471424064709586,14.539223670959473,3371100
2018-12-19,14.659756130353857,14.750156085202935,14.305692633983588,14.373492240905762,4662900
2018-12-20,14.350889733510275,14.403623870737812,14.15502582838413,14.215291976928711,2900800
2018-12-21,14.079693515311972,14.207759267232994,13.868761266013111,13.883828163146973,5383200
2018-12-24,14.004361807580798,14.079694863605717,13.86876259410765,13.876296043395996,2078500
2018-12-26,13.936565186370498,14.358428378880696,13.823566296555477,14.350894927978516,4199600
2018-12-27,14.222825956560694,14.396092414855957,14.132427439662619,14.396092414855957,2646300
2018-12-28,14.576891361614244,14.614557172075578,14.478957955441068,14.501558303833008,4104700
2018-12-31,14.471424505977087,14.539224114294342,14.448825594443713,14.501558303833008,2618300
2019-01-02,14.185162398196024,14.411160163160497,14.162562046956078,14.388561248779297,3401400
2019-01-03,14.335826644727458,14.388559353817062,14.222826340268528,14.283092498779297,2519900
2019-01-04,14.51662852591853,14.817959389165795,14.509095074729988,14.787825584411621,2900000
2019-01-07,14.735088716580478,14.88575482423697,14.712489806232947,14.833022117614746,2007300
2019-01-08,14.961087023619632,14.991219381314941,14.870687076816887,14.946020126342773,2131300
2019-01-09,15.096690503341813,15.2172228419951,15.059023249475901,15.156956672668457,5069800
2019-01-10,15.149421753111222,15.224753379821776,15.13435485302564,15.224753379821777,3459200
2019-01-11,15.149421753111222,15.247353729950149,15.11928795294006,15.224753379821777,2292000
2019-01-14,15.119288573491902,15.202155090505075,15.104221672787919,15.164487838745117,1884000
2019-01-15,15.209690791910111,15.292555884328683,15.194623888976206,15.262423515319824,3884300
2019-01-16,15.269953658941887,15.337753270598453,15.262420209106864,15.30008602142334,3158200
2019-01-17,15.224752503116445,15.488417491996476,15.217220490366056,15.443218231201172,3213500
2019-01-18,15.480883424353143,15.52608412020252,15.435684165362304,15.503483772277832,5234100
2019-01-22,15.239821736682348,15.254888638208175,15.089157032000518,15.11928939819336,1926100
2019-01-23,15.232287277421431,15.23982072768557,15.111754946912637,15.187088012695312,1796600
2019-01-24,15.187086682841816,15.239819393214546,15.149420871678034,15.194620132446289,2619500
2019-01-25,15.352818099152945,15.48841731686419,15.352818099152945,15.465818405151367,3673900
2019-01-28,15.337754953127215,15.390487670898436,15.307621150481491,15.390487670898438,1824800
2019-01-29,15.375418152260734,15.39801850039783,15.322685443466055,15.337752342224121,3089500
2019-01-30,15.413084921865668,15.654151006427046,15.405552908876267,15.58635139465332,2281000
2019-01-31,15.495953758443578,15.57128683136878,15.46582139138881,15.51102066040039,2161600
2019-02-01,15.503485479377048,15.556218193482552,15.458286215409286,15.488418579101562,1897100
2019-02-04,15.488417915219554,15.616483688354492,15.480884465404717,15.616483688354492,2023400
2019-02-05,15.865083317340751,15.895217119510951,15.842484402571875,15.8726167678833,7627800
2019-02-06,15.729484053091134,15.76715130573635,15.661685872047284,15.691818237304688,4663700
2019-02-07,15.75961727586742,15.767150726119526,15.631551495299055,15.684284210205078,4295100
2019-02-08,15.624015259844311,15.66921451644082,15.578816003247804,15.654149055480957,2232700
2019-02-11,15.631548099753232,15.661681894215874,15.593882293533332,15.60894775390625,1486300
2019-02-12,15.70688471316413,15.76715087890625,15.68428436218881,15.76715087890625,1925100
2019-02-13,15.729485063264967,15.774685769342092,15.624019622802734,15.624019622802734,2285600
2019-02-14,15.624019245397147,15.69181886601624,15.586353428101575,15.631552696228027,3878300
2019-02-15,15.812347376086569,15.88768042929204,15.797280478073779,15.880146980285645,1913800
2019-02-19,15.81235199456248,16.008217415361738,15.797285092148945,15.978083610534668,1113100
2019-02-20,15.917815785110044,16.00068230292217,15.895216870694918,15.925349235534668,5365500
2019-02-21,15.902751326437901,15.902751326437901,15.804817901585505,15.857550621032715,5173700
2019-02-22,16.038347244262695,16.09861340211788,16.000679997566614,16.038347244262695,1618400
2019-02-25,16.196548893234198,16.204082344212253,16.113682369334445,16.1212158203125,1216200
2019-02-26,16.076016551303024,16.17394854030003,16.060949649346913,16.1212158203125,1206700
2019-02-27,16.083547189756015,16.10614610187946,16.01574757966847,16.05341339111328,935000
2019-02-28,16.068482849303358,16.098616652744827,16.023283580999983,16.03081703186035,1422300
2019-03-01,16.14381217956543,16.189011437393443,16.06847912527974,16.14381217956543,1798200
2019-03-04,16.158878911485264,16.1965447198112,15.993145906390788,16.060945510864258,2762700
2019-03-05,16.091082877945574,16.143815596047723,16.06848252581945,16.11368179321289,2248600
2019-03-06,16.20407909051002,16.226679438906142,16.113679133784096,16.128746032714844,1752800
2019-03-07,16.21161336588167,16.23421227857054,16.06094724261558,16.083547592163086,2843100
2019-03-08,15.95548091180231,16.023280519733593,15.95548091180231,16.0157470703125,1818400
2019-03-11,16.030818247839207,16.158884048461914,16.030818247839207,16.158884048461914,2047300
2019-03-12,16.030814478989836,16.083547189756015,16.02328102932915,16.05341339111328,3384700
2019-03-13,16.07601199856764,16.151345050154976,16.060945100878484,16.13627815246582,2428900
2019-03-14,16.060947818785003,16.09861506938212,16.02328200504658,16.091081619262695,1886800
2019-03-15,16.060950616707462,16.158884048461914,16.060950616707462,16.158884048461914,1239800
2019-03-18,16.1362815413561,16.21161460876465,16.128748090929374,16.21161460876465,1934200
2019-03-19,16.23421511044073,16.249282012767313,16.106149314382556,16.151350021362305,1324800
2019-03-20,16.068484068139263,16.22668367448917,16.038351699271004,16.158884048461914,4416700
2019-03-21,16.158877280739862,16.25680923461914,16.128743487633415,16.25680923461914,4087800
2019-03-22,16.121211702888697,16.15134549910462,15.993145942687988,15.993145942687988,2423700
2019-03-25,16.030813728282908,16.076012987271767,15.96301412137035,16.068479537963867,2252600
2019-03-26,16.113678383107754,16.166411090050186,16.098612921737416,16.14381217956543,2017100
2019-03-27,16.03081776898204,16.038351220188808,15.895218520978023,15.978083610534668,1695600
2019-03-28,16.121214560671834,16.151348362229534,16.068481844804605,16.098615646362305,1333300
2019-03-29,16.21161460876465,16.21161460876465,16.1362815413561,16.21161460876465,1935900
2019-04-01,16.347214824601117,16.392414093017578,16.317081021084256,16.392414093017578,1767500
2019-04-02,16.309545516967773,16.332145866760225,16.256812804310712,16.309545516967773,2263800
2019-04-03,16.44514274597168,16.51294235026118,16.41501038676439,16.44514274597168,2708800
2019-04-04,16.286949263163926,16.32461508210896,16.264348909681573,16.29448127746582,4892500
2019-04-05,16.181477576553313,16.24174373107674,16.16641067870784,16.219144821166992,2039600
2019-04-08,16.279412403177037,16.347212012568317,16.25681205442708,16.32461166381836,2055400
2019-04-09,16.294477704821883,16.294477704821883,16.219146083448646,16.241744995117188,4718000
2019-04-10,16.27188457921743,16.3924169405046,16.2643511270296,16.35474967956543,6690900
2019-04-11,16.332145866760225,16.34721276662186,16.256812804310712,16.309545516967773,2690800
2019-04-12,16.51294026410318,16.528007160232594,16.45267411644383,16.467741012573242,1576100
2019-04-15,16.497876206510387,16.497876206510387,16.422543149760223,16.430076599121094,1653700
2019-04-16,16.57320751213433,16.57320751213433,16.49787446334386,16.512941360473633,1289400
2019-04-17,16.565674816931974,16.57320826583946,16.45267595703658,16.497875213623047,1065200
2019-04-18,16.52047480903852,16.550607166439672,16.49787446334386,16.512941360473633,2470100
2019-04-22,16.3924130199195,16.497878451606756,16.3924130199195,16.490345001220703,989300
2019-04-23,16.52047589992083,16.573208606498696,16.490342103671484,16.558141708374023,1795700
2019-04-24,16.520476205372717,16.535543103775964,16.415010790267004,16.475276947021484,1832500
2019-04-25,16.430078260122517,16.482810974121094,16.407479346613812,16.482810974121094,1739100
2019-04-26,16.50541039552494,16.56567655625406,16.50541039552494,16.520477294921875,1436900
2019-04-29,16.467742854851554,16.505408662530535,16.45267595703658,16.497875213623047,1505300
2019-04-30,16.407477754811516,16.422543216736155,16.324611248362526,16.399944305419922,4546500
2019-05-01,16.45268051657705,16.51294668768009,16.33968162536621,16.33968162536621,2830100
2019-05-02,16.347209523114433,16.369808431564298,16.271876475612018,16.317075729370117,1766700
2019-05-03,16.33967733345845,16.44514274597168,16.332143884442008,16.44514274597168,2295700
2019-05-06,16.121212331088795,16.286945343017578,16.113678881741258,16.286945343017578,3485900
2019-05-07,16.204082344212253,16.21161579519031,16.060949649346913,16.1212158203125,4025100
2019-05-08,16.143816173246666,16.196548893234198,16.113682369334445,16.1212158203125,4439400
2019-05-09,16.060950616707462,16.19654986876197,16.01575134497561,16.158884048461914,3720800
2019-05-10,16.279418031405267,16.384883488316763,16.17395113763468,16.35474967956543,3037100
2019-05-13,16.128744599489764,16.143811497081646,16.000678843675654,16.023279190063477,4212600
2019-05-14,15.985612695765175,16.08354609784677,15.985612695765175,16.00821304321289,1868400
2019-05-15,15.993146816055239,16.136279482180218,15.97807991712449,16.128746032714844,2503800
2019-05-16,16.24927827021103,16.339678226490594,16.234211371354675,16.264345169067383,1550200
2019-05-17,16.091078896256796,16.204077755208576,16.091078896256796,16.13627815246582,1395000
2019-05-20,16.497877874366026,16.558144038487068,16.45267861048992,16.482810974121094,3496700
2019-05-21,16.573211422036884,16.641011038257552,16.53554560718484,16.625944137573242,2548000
2019-05-22,16.610874753908938,16.65607544920531,16.603342741551394,16.618408203125,2023100
2019-05-23,16.512941360473633,16.550607166439672,16.46774210594271,16.512941360473633,1589900
2019-05-24,16.580743037506473,16.64854264622424,16.528010327805667,16.595809936523438,741900
2019-05-28,16.580744968994598,16.633477684838226,16.490345001220703,16.490345001220703,1513200
2019-05-29,16.415011204203115,16.44514356491094,16.34721159653731,16.399944305419922,1446100
2019-05-30,16.407477687897025,16.437610048481964,16.369810441092667,16.430076599121094,1549200
2019-05-31,16.39241021249659,16.445142919309028,16.347210954780003,16.422542572021484,2632100
2019-06-03,16.3698165839411,16.399950392692432,16.309550403297514,16.35474967956543,2235300
2019-06-04,16.52047935083473,16.62594478602082,16.4978789989268,16.60334587097168,2009900
2019-06-05,16.595811514059054,16.633477328323263,16.49787809799817,16.535545349121094,1024400
2019-06-06,16.580746021716443,16.686211460099766,16.558145669123373,16.64101219177246,1302000
2019-06-07,16.72387514306178,16.889606716109377,16.72387514306178,16.83687400817871,1899900
2019-06-10,16.859472919086983,16.897140165364977,16.821807109667514,16.83687400817871,3003500
2019-06-11,17.040273263124774,17.062872174610767,16.96494020550148,17.01013946533203,1992000
2019-06-12,16.897140165364977,16.927272525528846,16.82934055892311,16.83687400817871,1519700
2019-06-13,16.874540396475876,16.88960729550394,16.799207338194126,16.84440803527832,1662200
2019-06-14,16.738940614787474,16.738940614787474,16.686207906825075,16.731407165527344,739600
2019-06-17,16.69528304602574,16.710656587184616,16.649163888650694,16.66453742980957,1260400
2019-06-18,16.81057817828567,16.933563539063982,16.81057817828567,16.918190002441406,2857300
2019-06-19,17.002749486704115,17.094987809493414,16.972002401706543,17.025808334350586,2011800
2019-06-20,17.23334534299271,17.248718884227607,17.15647910291981,17.217971801757812,2002500
2019-06-21,17.133419347303256,17.179538502457213,17.110359036675522,17.118045806884766,2355100
2019-06-24,17.22565238896628,17.25639946039895,17.217965621108117,17.241025924682617,1120300
2019-06-25,17.27945997174322,17.34863942306711,17.15647460630101,17.179534912109375,2975400
2019-06-26,17.302522274698994,17.302522274698994,17.23334281539005,17.248716354370117,1701100
2019-06-27,17.333270404146234,17.371704257178774,17.32558509964131,17.364017486572266,2627200
2019-06-28,17.34095648612208,17.356330026724596,17.294837330416065,17.325584411621094,1979000
2019-07-01,17.34095328415311,17.34864005303502,17.24102822089076,17.29483413696289,1914200
2019-07-02,17.294838107316476,17.294838107316476,17.256405720185295,17.287151336669922,1789600
2019-07-03,17.479310529897415,17.517744370652697,17.456250225444247,17.502370834350586,1503300
2019-07-05,17.440881802313548,17.517748033796526,17.37938911034745,17.510061264038086,1859600
2019-07-08,17.32558518990269,17.333270494447653,17.287151336669922,17.287151336669922,1766300
2019-07-09,17.217971646200045,17.25640549894005,17.20259810510404,17.225658416748047,1179100
2019-07-10,17.333266515271195,17.35632682191693,17.279460599199066,17.29483413696289,2155900
2019-07-11,17.37170074905715,17.425506666335306,17.294834524616377,17.34864044189453,1288300
2019-07-12,17.356328500328363,17.38707557882935,17.32558288792877,17.3793888092041,1159900
2019-07-15,17.471630033615494,17.471630033615494,17.364018173073024,17.402450561523438,969100
2019-07-16,17.37170434768042,17.402449964165047,17.287151336669922,17.287151336669922,1678100
2019-07-17,17.356330715965758,17.41782341471624,17.34864394535925,17.364017486572266,1875200
2019-07-18,17.371703418718976,17.471628499577445,17.33326956754148,17.456254959106445,2284200
2019-07-19,17.54080542948629,17.563865736858652,17.46393920434639,17.48699951171875,1597300
2019-07-22,17.494688810283943,17.525434425124427,17.44088288473696,17.456254959106445,1069100
2019-07-23,17.510060513913,17.540806125528206,17.471626666767293,17.525432586669922,1704000
2019-07-24,17.51006226451737,17.540807879206433,17.494688724122085,17.53312110900879,1502900
2019-07-25,17.571556652528535,17.579243423466586,17.448571249723045,17.471630096435547,1534900
2019-07-26,17.471629408559853,17.48700294983068,17.433197021484375,17.433197021484375,686400
2019-07-29,17.533118043285608,17.533118043285608,17.49468566511893,17.517745971679688,873500
2019-07-30,17.394763102896714,17.41013664410973,17.34095717475274,17.364017486572266,1173800
2019-07-31,17.38707766605293,17.425510052691365,17.141105406821605,17.225658416748047,3626800
2019-08-01,17.256400583702234,17.41781832092802,17.09498138037529,17.13341522216797,4398600
2019-08-02,17.102671886042966,17.12573219615776,17.00274680774849,17.064239501953125,1742200
2019-08-05,16.679911086399617,16.679911086399617,16.34938727970436,16.441625595092773,3299100
2019-08-06,16.37244361350886,16.403190691321928,16.164906702676117,16.326324462890625,3059100
2019-08-07,16.172593319192803,16.364758155403166,16.08035355272723,16.33401107788086,3529700
2019-08-08,16.472372189791244,16.633789969991348,16.418566263057876,16.61073112487793,2528200
2019-08-09,16.587665468199116,16.633784609665355,16.47236688148298,16.51848602294922,2105100
2019-08-12,16.456994927362828,16.495427304595044,16.357069866898335,16.387815475463867,1134700
2019-08-13,16.380134446101728,16.679912664734523,16.35707559812348,16.603046417236328,3701100
2019-08-14,16.334010612418982,16.39550329960992,16.20333846887558,16.21102523803711,3590000
2019-08-15,16.1495304107666,16.180276017237116,16.034231820825227,16.1495304107666,2643100
2019-08-16,16.19565246768674,16.31863784790039,16.19565246768674,16.31863784790039,1371500
2019-08-19,16.395500488812466,16.4031872566562,16.349381347851125,16.380126953125,1027200
2019-08-20,16.487746375040565,16.533865533171557,16.42625367549871,16.43393898010254,1387600
2019-08-21,16.51080283879766,16.518489608394006,16.433936608935564,16.45699691772461,3290000
2019-08-22,16.44930593776776,16.48005300828314,16.341694123165958,16.403186798095703,994500
2019-08-23,16.380133773458926,16.50311917796501,16.1956556666998,16.20334243774414,2462500
2019-08-26,16.33401536179717,16.357075675986923,16.241775571139907,16.310955047607422,1157700
2019-08-27,16.40319175741535,16.40319175741535,16.272519600419763,16.29557991027832,1254100
2019-08-28,16.272520134475073,16.39550552555412,16.249459823859688,16.341699600219727,1296500
2019-08-29,16.50311751475138,16.51849105529069,16.433938048426032,16.480058670043945,1311200
2019-08-30,16.63379034749182,16.66453742980957,16.556925573900603,16.66453742980957,2866600
2019-09-03,16.472372807415397,16.58767143561019,16.4416257246426,16.579984664916992,16824400
2019-09-04,16.70296882246005,16.764461517333984,16.67222320807383,16.764461517333984,1333300
2019-09-05,16.93356789203256,17.010432662702115,16.93356789203256,16.964313507080078,2700700
2019-09-06,17.048866960582654,17.118046428878017,17.03349341960556,17.087299346923828,1896100
2019-09-09,17.15647728411194,17.179537593519594,17.118044901200612,17.141103744506836,1409400
2019-09-10,17.110358131398062,17.171850823717044,17.06423897868418,17.141103744506836,2487800
2019-09-11,17.179539414772158,17.23334534299271,17.16416587353726,17.217971801757812,2433400
2019-09-12,17.24103217889219,17.317898419256135,17.20259832565942,17.287151336669922,2411500
2019-09-13,17.325579849102756,17.379385760940778,17.294832775994664,17.340951919555664,1577500
2019-09-16,17.30252487796303,17.340957265094207,17.279464566023368,17.287151336669922,1958300
2019-09-17,17.294838856005455,17.402450717512515,17.294838856005455,17.394763946533203,1849900
2019-09-18,17.294834753625917,17.310208291937897,17.164162610176692,17.264087677001953,1393400
2019-09-19,17.34095679729584,17.364017108613414,17.302524411201432,17.310211181640625,1752000
2019-09-20,17.294834519602524,17.333266898761124,17.202594757080078,17.202594757080078,3008100
2019-09-23,17.16416587353726,17.248718884227607,17.148792332302364,17.217971801757812,1183600
2019-09-24,17.302522665897225,17.310209435561053,17.133418131597224,17.156476974487305,1538200
2019-09-25,17.087297513614256,17.17185051381496,17.056551901060352,17.156476974487305,1540300
2019-09-26,17.148793176109002,17.15647994710468,17.056554856364205,17.125734329223633,1532500
2019-09-27,17.210279973551017,17.22565351026809,17.07960784365822,17.13341522216797,2211200
2019-09-30,17.07961036108112,17.125730978030212,17.056551518707945,17.102670669555664,1999800
2019-10-01,17.025804367881545,17.033491137340164,16.849013068637365,16.8874454498291,2546400
2019-10-02,16.65684983106937,16.710655756348675,16.418565819360353,16.48774528503418,2542500
2019-10-03,16.433938645572443,16.59535789489746,16.357073872285987,16.59535789489746,2953900
2019-10-04,16.63378920361223,16.77214813232422,16.618417129612048,16.77214813232422,1304200
2019-10-07,16.733715677485552,16.810581911567677,16.70296859741211,16.70296859741211,2229400
2019-10-08,16.687596522418584,16.687596522418584,16.556925818938993,16.579984664916992,12791700
2019-10-09,16.626099464346293,16.695278916347693,16.595353855735233,16.679906845092773,1794700
2019-10-10,16.66453681465643,16.818267822265625,16.65685004436074,16.818267822265625,2348200
2019-10-11,17.00274773719636,17.118046361870114,17.00274773719636,17.01811981201172,2148100
2019-10-14,16.925881364572735,16.972000520856422,16.8797607421875,16.8797607421875,1485900
2019-10-15,17.002747649093628,17.141105118324276,16.987374108256375,17.094985961914062,1329400
2019-10-16,17.07961074395043,17.202596126368867,17.07961074395043,17.156476974487305,2728000
2019-10-17,17.210280520419325,17.2256540576249,17.141101069095434,17.179534912109375,1187000
2019-10-18,17.17185051381496,17.187224053142614,17.094984283278087,17.156476974487305,1786200
2019-10-21,17.256407311967127,17.302526473999023,17.248720540611522,17.302526473999023,1075700
2019-10-22,17.317900016710233,17.364019178742133,17.256407311967127,17.302526473999023,2142300
2019-10-23,17.294835655613124,17.387075424194336,17.294835655613124,17.387075424194336,622700
2019-10-24,17.42551103045045,17.42551103045045,17.348644786758985,17.394763946533203,1718400
2019-10-25,17.402447726168113,17.51774780493696,17.402447726168113,17.44856834411621,2595400
2019-10-28,17.471626666767293,17.525432586669922,17.471626666767293,17.525432586669922,1029000
2019-10-29,17.448565382068555,17.49468452608612,17.425505077009195,17.479310989379883,2590500
2019-10-30,17.410137550500146,17.47931702345869,17.325586001629883,17.463943481445312,1772600
2019-10-31,17.34863767980547,17.35632444763586,17.241025862382113,17.31789207458496,1730400
2019-11-01,17.440882110897963,17.494688034057617,17.417821801214632,17.494688034057617,2677000
2019-11-04,17.463936752462377,17.502370592686987,17.410130842249025,17.44087791442871,2455300
2019-11-05,17.463943325497496,17.479316867373594,17.410137395032802,17.471630096435547,2523000
2019-11-06,17.39476103719347,17.417821346274483,17.333268345745513,17.371702194213867,1891200
2019-11-07,17.594613337846898,17.63304718781577,17.556180953979492,17.556180953979492,3203200
2019-11-08,17.463936993595304,17.510057602501643,17.417817850790083,17.502370834350586,2938500
2019-11-11,17.548494718427275,17.64073449506028,17.548494718427275,17.6023006439209,914800
2019-11-12,17.5638674141018,17.602299797291163,17.533120334669157,17.57155418395996,18714400
2019-11-13,17.379388654637452,17.425507805877366,17.356328345966805,17.387075424194336,1603800
2019-11-14,17.356328500328363,17.3793888092041,17.317896118303526,17.3793888092041,3767300
2019-11-15,17.50237549431973,17.556181419601717,17.463941643331516,17.53312110900879,2263800
2019-11-18,17.47162422102676,17.51774483114548,17.440878613715437,17.479310989379883,1550900
2019-11-19,17.617677318733215,17.633050861924072,17.53312429728528,17.563871383666992,1196400
2019-11-20,17.325582583169098,17.34864142553783,17.210282506919942,17.248716354370117,4000900
2019-11-21,17.26409080338648,17.26409080338648,17.187226030109613,17.225658416748047,3368100
2019-11-22,17.302526473999023,17.317900016710233,17.241033769255917,17.302526473999023,1499700
2019-11-25,17.32558273384066,17.387075424194336,17.317895964283775,17.387075424194336,1365400
2019-11-26,17.425504378338868,17.463936752462377,17.4024440742041,17.44087791442871,1111900
2019-11-27,17.57924407617005,17.656108856201172,17.57924407617005,17.656108856201172,1103400
2019-11-29,17.54080566241443,17.57155273931921,17.52543212396204,17.548492431640625,1363100
2019-12-02,17.533122797838292,17.533122797838292,17.356331464568107,17.471630096435547,3422100
2019-12-03,17.094987928550182,17.19491448938651,17.010434910319706,17.164167404174805,3313400
2019-12-04,17.22565468312694,17.29483413696289,17.202594376481205,17.29483413696289,1956800
2019-12-05,17.31789506109389,17.31789506109389,17.21796852816732,17.264087677001953,2507300
2019-12-06,17.40244834429318,17.433195424017367,17.364015960739405,17.417821884155273,1501600
2019-12-09,17.39476372757011,17.44088435286542,17.333271026611328,17.333271026611328,844500
2019-12-10,17.294836354065684,17.31789666366762,17.241030431095933,17.279462814331055,1094200
2019-12-11,17.394759748330607,17.50237304996699,17.394759748330607,17.48699951171875,2744100
2019-12-12,17.433198140875703,17.594615936279297,17.40245105635977,17.594615936279297,2509200
2019-12-13,17.58692610263921,17.694539413603973,17.540806949997982,17.579240798950195,2166400
2019-12-16,17.874140870727317,17.95256942454455,17.86629771615984,17.897668838500977,2232700
2019-12-17,17.787862223908878,17.83491964098694,17.69374589382444,17.732961654663086,20564600
2019-12-18,17.75648948052936,17.780018936854045,17.725118368024752,17.74080467224121,2748100
2019-12-19,17.72511863708496,17.74080494153953,17.678061219649585,17.72511863708496,3143100
2019-12-20,17.803548528244338,17.81139018448375,17.709432198159895,17.732961654663086,1654800
2019-12-23,17.6780642070509,17.74864959716797,17.6780642070509,17.74864959716797,1870200
2019-12-24,17.756488665878564,17.78001812112374,17.70943125131645,17.764331817626953,1615700
2019-12-26,17.80354719542377,17.874134063720703,17.764331437520916,17.874134063720703,1370600
2019-12-27,17.9211920156418,17.96824943061066,17.842761993408203,17.842761993408203,1769000
2019-12-30,17.92119433892251,17.952565454325914,17.787863732619062,17.81923484802246,2056100
2019-12-31,17.772178921731356,17.772178921731356,17.61531884373587,17.756492614746094,2696300
2020-01-02,17.795706615537128,17.850607188606713,17.740806042467547,17.83492088317871,2332900
2020-01-03,17.631002156981978,17.74864644753834,17.607474196427695,17.64668846130371,2360600
2020-01-06,17.607474078257944,17.74864632842113,17.607474078257944,17.74080467224121,1564900
2020-01-07,17.780021255976916,17.780021255976916,17.685904914330493,17.71727752685547,3552100
2020-01-08,17.764334274120177,17.89766488042363,17.764334274120177,17.81923484802246,2420400
2020-01-09,17.819234712827132,17.83492101837404,17.772177292114836,17.827077865600586,1261200
2020-01-10,17.921199798583984,17.991786699656362,17.866299207956335,17.921199798583984,1497500
2020-01-13,17.99178151222373,18.078053202937884,17.936880937425144,18.062368392944336,1959500
2020-01-14,18.140796121245284,18.19569818952258,18.117268159340558,18.172168731689453,4481500
2020-01-15,18.195698200052583,18.297656192198332,18.195698200052583,18.258441925048828,1132700
2020-01-16,18.38393034770307,18.462360382080078,18.360400888611423,18.462360382080078,1775300
2020-01-17,18.430986134905663,18.446672439575195,18.383928716825416,18.446672439575195,912900
2020-01-21,18.391769518300965,18.391769518300965,18.2819668955777,18.297653198242188,1808900
2020-01-22,18.4231399725692,18.462355727835895,18.368239411123927,18.39961051940918,2215900
2020-01-23,18.383930206298828,18.423144475221463,18.28981386658464,18.383930206298828,1784500
2020-01-24,18.383925937593073,18.39961074396307,18.18000849550189,18.234909057617188,2333100
2020-01-27,17.834918841592017,17.93687831927417,17.803547730255527,17.842761993408203,2707000
2020-01-28,17.944726122420565,18.007469862515684,17.9055118458344,17.991785049438477,1604500
2020-01-29,17.96040847969532,17.983937938027218,17.881978447850766,17.91335105895996,1550800
2020-01-30,17.787863740690923,17.913351194218357,17.725120013927206,17.905508041381836,2433000
2020-01-31,17.69374653664408,17.701589689096757,17.419242184513973,17.458457946777344,4300800
2020-02-03,17.513357431251293,17.58394430301682,17.466300015383702,17.497671127319336,2031200
2020-02-04,17.764333051400627,17.834919926110334,17.748646746814394,17.80354881286621,1105000
2020-02-05,17.936880517291858,17.936880517291858,17.850607332670005,17.91335105895996,1477200
2020-02-06,17.983935072212496,17.983935072212496,17.92119135592101,17.944719314575195,1847700
2020-02-07,17.803550715370648,17.803550715370648,17.71727752685547,17.71727752685547,1952000
2020-02-10,17.71727603628906,17.795706065074622,17.709432883817666,17.780019760131836,1175300
2020-02-11,17.889821735708797,17.929037499891397,17.85845062029116,17.905508041381836,1985500
2020-02-12,18.101582938823345,18.14864036138103,18.101582938823345,18.13295555114746,1465200
2020-02-13,18.015308110549398,18.093738138290067,17.991780149377043,18.030994415283203,1464100
2020-02-14,18.117266372591022,18.117266372591022,18.023150046468796,18.07805061340332,1194800
2020-02-18,18.023151397705078,18.06236715983287,17.98393713150565,18.023151397705078,1348800
2020-02-19,18.08589690319781,18.14079747965775,18.07805374999946,18.11726951599121,1353700
2020-02-20,18.007464404811547,18.070209621818602,17.85844900220472,17.976093292236328,1917000
2020-02-21,17.858450341320715,17.897664608962295,17.795706615537128,17.83492088317871,2227900
2020-02-24,17.191794364075434,17.254538079071295,17.05062063135271,17.07415008544922,3616100
2020-02-25,17.183952812541087,17.2153254209239,16.76827472703866,16.831018447875977,7013000
2020-02-26,16.783964434938078,16.878080783244553,16.61141954162624,16.6192626953125,6730200
2020-02-27,16.454557259175406,16.58788786215333,16.22711181640625,16.22711181640625,5936300
2020-02-28,15.725160606708892,15.850648057748476,15.41144197910993,15.780062675476074,10559800
2020-03-02,15.787901534784845,16.023191585739546,15.654570954688959,16.015348434448242,7727500
2020-03-03,16.109467337698316,16.352599083010343,15.646731808793517,15.858490943908691,12817200
2020-03-04,16.085938471045008,16.28985595703125,15.944764711829267,16.28985595703125,6718800
2020-03-05,15.905551087720111,16.007509086878144,15.748691016477053,15.811434745788574,4548400
2020-03-06,15.356543806238829,15.560461320029109,15.30948637872681,15.51340389251709,4750800
2020-03-09,13.69383212734978,14.133039756160725,13.497757773893373,13.678147315979004,8873000
2020-03-10,14.995766086558845,15.121253543690845,14.368327304970357,14.854592323303223,9894500
2020-03-11,14.164407208437604,14.195779814915698,13.623243210044384,13.693828582763672,6995500
2020-03-12,12.493855997620857,12.517384706756372,11.623285532000853,11.858574867248535,6881900
2020-03-13,13.497758183807683,13.552660261022826,12.66640331876505,13.53697395324707,5195900
2020-03-16,11.442898746330533,11.842890584484497,11.168394367684261,11.3566255569458,4296500
2020-03-17,11.91347508801029,12.24287999809022,11.544855913177543,12.203665733337402,5089300
2020-03-18,10.768402440887046,11.301724887368799,10.478212506173225,10.760560035705566,4347300
2020-03-19,10.674285392085546,11.238979626216015,10.470368673840893,10.940946578979492,3050900
2020-03-20,11.01937666256184,11.184079117229409,10.446839273302517,10.493897438049316,5121100
2020-03-23,10.297824787600142,10.446840962120419,9.984105383822508,10.054692268371582,4788600
2020-03-24,10.901733075086922,11.325253622298368,10.81546063419794,11.286039352416992,5089100
2020-03-25,11.623285045933702,12.023276824331328,11.435053884792755,11.75661563873291,4921000
2020-03-26,11.905633292969853,12.376211225757396,11.889946987894838,12.297781944274902,4376600
2020-03-27,11.387997898148475,11.638972811177343,11.160550948260763,11.37231159210205,4442600
2020-03-30,12.093865939440937,12.36837032798212,11.99190718792462,12.352684020996094,3952700
2020-03-31,12.07817780974198,12.36052530916723,11.960533516957575,12.187979698181152,4801400
2020-04-01,11.952690647158386,12.27425241980266,11.733087613053744,11.772302627563477,4536500
2020-04-02,11.80367387701562,12.219351214132773,11.733087004154111,12.164450645446777,2460300
2020-04-03,11.780145209483702,11.827202626244793,11.529169577555995,11.631128311157227,3316600
2020-04-06,12.24287986751163,12.674243506869246,12.219351159318059,12.611499786376953,2002100
2020-04-07,12.611499509728102,12.674243228844032,12.258565902709961,12.258565902709961,3958100
2020-04-08,12.321312970153329,12.493858618593633,12.21935421189153,12.360527992248535,2815600
2020-04-09,12.901692527373084,13.152667450169231,12.80757618336026,13.042864799499512,3184200
2020-04-13,13.058549463161219,13.06639261550286,12.815417724283767,12.995805740356445,3576500
2020-04-14,13.270312842767956,13.458544050248442,13.191882799002254,13.44285774230957,4046800
2020-04-15,12.82326098145016,12.925218970868249,12.713458343697955,12.784045219421387,3790300
2020-04-16,12.901691022435042,12.948748440988098,12.666400937813032,12.870318412780762,2276800
2020-04-17,13.160508977843632,13.21540954843262,12.972277808997807,13.199723243713379,1966600
2020-04-20,12.776203965967825,13.003649409196004,12.72130189739566,12.729145050048828,3034000
2020-04-21,12.250723210070646,12.360525096621718,12.070335197841198,12.156607627868652,3232500
2020-04-22,12.713459697638486,12.73698915736156,12.61934485060324,12.697774887084961,2210300
2020-04-23,12.65855898114744,12.807575899224924,12.540914675687747,12.619344711303711,2466000
2020-04-24,12.760517270847508,12.878161565194333,12.650714632985892,12.870318412780762,2121700
2020-04-27,12.995805202600557,13.066392074826142,12.901690370251968,13.027177810668945,1748100
2020-04-28,13.199722667260218,13.199722667260218,12.980118898566364,13.027177810668945,1581700
2020-04-29,13.356586040503093,13.536974094014143,13.340899732564221,13.44285774230957,2269000
2020-04-30,13.466385563853988,13.513442986009798,13.27815437930227,13.36442756652832,3330700
2020-05-01,12.784046580879183,12.799732887361232,12.58013058032664,12.697774887084961,3343500
2020-05-04,12.838946371793535,12.987961769104004,12.760516349250613,12.987961769104004,2519800
2020-05-05,13.176194731476171,13.223253649008404,13.06639358242455,13.11345100402832,1542100
2020-05-06,13.097765344989202,13.113450153887978,12.870318412780762,12.870318412780762,4846000
2020-05-07,13.058551380584635,13.1997251516064,13.019337109046843,13.082080841064453,3563200
2020-05-08,13.160510204181229,13.27031135559082,13.136980744909819,13.27031135559082,2105800
2020-05-11,13.21541064553527,13.380112370975263,13.184038033492332,13.309525489807129,2185800
2020-05-12,13.278154492229117,13.285997645309868,12.980120658874512,12.980120658874512,2943300
2020-05-13,13.184039399385503,13.207568860855407,12.854634418450017,12.933064460754395,3986100
2020-05-14,12.768361375633983,12.972278865811612,12.650715576583773,12.956592559814453,3428400
2020-05-15,12.948749547830976,13.089923311485865,12.93306324166299,13.066393852233887,2056300
2020-05-18,13.435011759837195,13.670301841598155,13.435011759837195,13.646772384643555,4712900
2020-05-19,13.58402876704971,13.64677249015206,13.435011863708496,13.435011863708496,2808500
2020-05-20,13.764416027567767,13.889903466876426,13.740888067652566,13.835002899169922,2954600
2020-05-21,13.733047347790626,13.764418465209394,13.536973002155571,13.623246192932129,3304900
2020-05-22,13.513442999213094,13.60755933954515,13.458542423989595,13.599716186523438,1993100
2020-05-26,14.313423819486676,14.352638080894819,14.227150649274943,14.242836952209473,3860700
2020-05-27,14.399700435517166,14.438914706309202,14.195782936355783,14.415385246276855,2618100
2020-05-28,14.595773823989617,14.666360703528284,14.485971180302556,14.501657485961914,4286300
2020-05-29,14.195782249309264,14.219310212274365,13.991864760017068,14.164409637451172,5594700
2020-06-01,14.56439964186241,14.862433433532715,14.52518537787182,14.862433433532715,2586600
2020-06-02,15.01144887738205,15.121251509548033,14.948705157256468,15.097722053527832,6205300
2020-06-03,15.372228358778548,15.599673812389716,15.34869889974492,15.536930084228516,2445900
2020-06-04,15.51340389251709,15.670262482866704,15.4741881229832,15.51340389251709,3784800
2020-06-05,15.921233861711961,16.117308177722837,15.913392205488442,15.936920166015625,4815100
2020-06-08,16.031039776159222,16.203584671020508,15.94476658076427,16.203584671020508,3311500
2020-06-09,15.913394380912504,15.991822921295695,15.842807497824815,15.921236038208008,4087500
2020-06-10,15.99966402247202,16.132994618322968,15.882019731057262,15.9290771484375,5139600
2020-06-11,15.293799123712452,15.380072315415148,14.784006118774416,14.784006118774414,7386000
2020-06-12,15.1996811314805,15.262424856120925,14.760475058997528,15.05850887298584,6222100
2020-06-15,14.822870853825421,15.292552239378205,14.75918511354811,15.268671035766602,5516900
2020-06-16,15.60302294945764,15.634865063254638,15.18906484138098,15.427886009216309,7222800
2020-06-17,15.515454728319078,15.539337452841048,15.36420050978923,15.40400505065918,2761900
2020-06-18,15.292551551847613,15.39604182413786,15.25274853535921,15.324395179748535,2535600
2020-06-19,15.467688849833491,15.467688849833491,15.1412992477417,15.1412992477417,2862200
2020-06-22,15.364198067954558,15.531374076263074,15.324395051798488,15.483610153198242,2043100
2020-06-23,15.618947090979766,15.658750118749083,15.507495880126953,15.507495880126953,1644100
2020-06-24,15.388083199010902,15.435847129557292,15.045771740254498,15.06965446472168,3718100
2020-06-25,14.998006939219135,15.236828096477803,14.902477565282934,15.212946891784668,3616900
2020-06-26,15.157220478521888,15.173140773864121,14.926358734600623,14.958202362060547,3185700
2020-06-29,15.117417636214853,15.260710939047168,15.03781007704269,15.244789123535156,2945200
2020-06-30,15.204987228392268,15.404005381857118,15.204987228392268,15.340319633483887,2204500
2020-07-01,15.419927241535808,15.555259647004712,15.40400542480111,15.491572380065918,3357300
2020-07-02,15.817961182414932,15.93737175327933,15.746314536218735,15.786117553710938,3496800
2020-07-06,15.78611923772149,15.825922259459746,15.682630470169252,15.802041053771973,2203600
2020-07-07,15.682630216821863,15.762236259012369,15.539336911458273,15.563218116760254,1941600
2020-07-08,15.491569490066468,15.618942481794221,15.427883753396458,15.603020668029785,2669300
2020-07-09,15.618944908850974,15.618944908850974,15.316436473870281,15.45176887512207,2708400
2020-07-10,15.491572084721053,15.626904487609863,15.443808153815587,15.626904487609863,2329800
2020-07-13,15.658748038674938,15.730394693852867,15.37216141796322,15.40400505065918,2075200
2020-07-14,15.43584666439707,15.674669346708031,15.411965459037525,15.634864807128906,3799500
2020-07-15,16.02493964006921,16.096586290488794,15.905529062165863,15.97717571258545,2366500
2020-07-16,15.79408154821793,15.825923664758436,15.72243488801668,15.770198822021484,1769800
2020-07-17,15.802044163695497,15.88165174122714,15.762239615735549,15.857769012451172,2207700
2020-07-20,15.8259221911012,15.937373384585225,15.770197353553158,15.921451568603516,1268600
2020-07-21,16.29560697746102,16.39909727466264,16.263764860283064,16.30356788635254,2761200
2020-07-22,16.21600139872761,16.295607453190556,16.176196853107975,16.263765335083008,1856300
2020-07-23,16.208035593209324,16.2557995151354,16.001056573679392,16.04882049560547,1689900
2020-07-24,15.929410712941747,16.001057358539015,15.881646788672827,15.945332527160645,2098300
2020-07-27,16.10454614847409,16.215997329855888,16.08066494548267,16.208036422729492,2070400
2020-07-28,16.080665667179154,16.144351408660764,16.01697992569754,16.040861129760742,1123300
2020-07-29,16.192118198647517,16.343372430810128,16.160274563081444,16.30356788635254,1662900
2020-07-30,16.016982701241805,16.160274505615234,15.865728469617055,16.160274505615234,2254800
2020-07-31,15.977176369016613,16.016980908878374,15.674669458006942,15.849804878234863,3038100
2020-08-03,15.881648980700495,16.07270622253418,15.849805347867553,16.07270622253418,1515200
2020-08-04,16.001059717588404,16.17619514465332,16.001059717588404,16.17619514465332,2133000
2020-08-05,16.239879608154297,16.327448073955157,16.20803749592809,16.239879608154297,2448700
2020-08-06,16.25580043581644,16.375211006588547,16.208036511185156,16.351329803466797,2667400
2020-08-07,16.176193501029076,16.231918334960938,16.120468667097217,16.231918334960938,2054000
2020-08-10,16.383174083798746,16.446859831205245,16.319488336392247,16.40705680847168,1792200
2020-08-11,16.661798208948348,16.68567941295558,16.407055243618927,16.422975540161133,2376100
2020-08-12,16.629955291748047,16.725484667034316,16.574230455492685,16.629955291748047,2555200
2020-08-13,16.502584753573004,16.53442838663076,16.34337114344819,16.367252349853516,2377000
2020-08-14,16.367248901762295,16.422973729485822,16.34336770038803,16.37520980834961,2705300
2020-08-17,16.494623103290692,16.54238855072858,16.454820082147045,16.534427642822266,2004100
2020-08-18,16.62199367606306,16.66975912086597,16.49462219336433,16.6060733795166,2019700
2020-08-19,16.78120913440261,16.797130949664975,16.590151906417827,16.621994018554688,2183500
2020-08-20,16.383176375983343,16.58219455427196,16.375215466645216,16.566272735595703,1874200
2020-08-21,16.327446982226494,16.399093627929688,16.287642446620403,16.399093627929688,2265700
2020-08-24,16.56626857815308,16.57422948549335,16.47074072684544,16.55034828186035,1408200
2020-08-25,16.54238899800528,16.566270203982004,16.422976894569793,16.50258445739746,2014900
2020-08-26,16.51850608658374,16.637916670279047,16.4946233624895,16.590152740478516,3017800
2020-08-27,16.685681785018957,16.685681785018957,16.494624533860886,16.57423210144043,3180000
2020-08-28,16.614035359386314,16.65383838090343,16.5105450740211,16.637916564941406,2300200
2020-08-31,16.629954318487442,16.67771976252908,16.526465559839533,16.55034828186035,4087000
2020-09-01,16.454820082147045,16.550349458634894,16.399095245190765,16.534427642822266,2509100
2020-09-02,16.741404580029613,16.844893332972926,16.661797029402898,16.813051223754883,3042600
2020-09-03,16.749366028148085,16.781208138395034,16.27968313450026,16.359289169311523,6024100
2020-09-04,16.25580391837381,16.311528762113138,15.81000365007109,16.152315139770508,6377700
2020-09-08,16.088623240194547,16.184152600827556,15.977173584779106,15.993095397949219,6467100
2020-09-09,16.19211856028244,16.367254004642966,16.176196742143805,16.3115291595459,3270100
2020-09-10,16.200081645640314,16.247845588084587,15.88165283203125,15.88165283203125,5461700
2020-09-11,16.040861129760742,16.080665667179154,15.91348964679752,16.040861129760742,3688000
2020-09-14,16.21599622949421,16.23987743086513,16.160269883390818,16.184152603149414,2417700
2020-09-15,16.367253639096567,16.383175456879602,16.2796866780661,16.30356788635254,2988500
2020-09-16,16.422979216173143,16.478705580901742,16.271726495645787,16.319490432739258,3770800
2020-09-17,16.080667199925227,16.23191990136846,16.056784475197773,16.215999603271484,3877500
2020-09-18,16.128428857550485,16.152311578911462,15.953293456066644,16.024938583374023,4240700
2020-09-21,15.690589053958355,15.706510869191113,15.483611529483976,15.64282512664795,6812300
2020-09-22,15.770198737193017,15.810003280639648,15.61894602726005,15.810003280639648,6331700
2020-09-23,15.86572474659547,15.897566856188185,15.555256965724666,15.587099075317383,4551000
2020-09-24,15.507490209951346,15.714469219125764,15.451765384094315,15.579136848449707,5955600
2020-09-25,15.658749388774078,15.849806646258875,15.571180909698006,15.825923919677734,2990900
2020-09-28,15.937373279700484,15.97717630100487,15.873687534580707,15.969215393066406,4688500
2020-09-29,15.825922259459746,15.865726799585953,15.738355307957992,15.802041053771973,4069700
2020-09-30,15.682629927192874,15.841843527021432,15.64282538844481,15.6985502243042,3361500
2020-10-01,15.873689372840017,15.873689372840017,15.722435141269012,15.825923919677734,3133700
2020-10-02,15.61098381633003,15.833883167484988,15.579140184229065,15.802041053771973,3736100
2020-10-05,16.009018475431258,16.12842904686221,15.99309666100372,16.120468139648438,2277200
2020-10-06,16.112508805220205,16.15231334517448,15.85776582306462,15.921451568603516,5039400
2020-10-07,16.192115315977563,16.2796837798064,16.160271686080588,16.231918334960938,3429200
2020-10-08,16.383172806719248,16.470741271972656,16.35929008390799,16.470741271972656,10048400
2020-10-09,16.54238998544145,16.598114827230713,16.518507259651166,16.57423210144043,2472000
2020-10-12,16.614037153960915,16.73344774979841,16.598115336279086,16.68568229675293,2155500
2020-10-13,16.606073091680056,16.621993387950567,16.502582814788752,16.558307647705078,2478600
2020-10-14,16.62995586814288,16.67772131663552,16.518506191769305,16.542388916015625,2406800
2020-10-15,16.327447870297775,16.550348726652437,16.31948696274355,16.518505096435547,2257900
2020-10-16,16.47870207705229,16.534426911543992,16.430936631726954,16.518505096435547,1226600
2020-10-19,16.566267381985316,16.598111009047138,16.351328972868856,16.38317108154297,2146100
2020-10-20,16.31152751039043,16.45482082237436,16.30356660212599,16.367252349853516,1904500
2020-10-21,16.359289169311523,16.45481853682794,16.335407966223258,16.359289169311523,1853400
2020-10-22,16.47870325142074,16.550349906126844,16.37521296422838,16.50258445739746,2601300
2020-10-23,16.566269183524277,16.621994018554688,16.4946225332315,16.621994018554688,2722000
2020-10-26,16.462778262422393,16.494620370383974,16.23987743314062,16.37520980834961,3175300
2020-10-27,16.271721057209927,16.279681963796126,16.168230789977017,16.184152603149414,2176400
2020-10-28,15.993098027273666,16.016980750955245,15.746315956115723,15.746315956115723,4361400
2020-10-29,15.650785673495436,15.873686526452321,15.57913902498743,15.817961692810059,3921900
2020-10-30,15.786117654220357,15.802039468673728,15.587099528716628,15.738353729248047,3980900
2020-11-02,15.865728463979636,15.881650281700397,15.754278776710532,15.825923919677734,3047400
2020-11-03,16.20803578484609,16.399092993197073,16.18415306440682,16.335407257080078,3150400
2020-11-04,16.23987636250016,16.526462907199083,16.184151538450386,16.343366622924805,4353500
2020-11-05,16.749366116171746,16.90061879781826,16.741405208971226,16.876737594604492,3918800
2020-11-06,16.956342795144778,17.02798943803481,16.900617965872026,16.908578872680664,2925400
2020-11-09,17.90367157795058,17.91163248570633,17.569321044148545,17.577281951904297,6026500
2020-11-10,17.54543840038902,17.664848970156765,17.4976729577717,17.537477493286133,4285400
2020-11-11,17.776302337646484,17.816105363068637,17.712616585938186,17.776302337646484,3353100
2020-11-12,17.61708526271025,17.625046170597237,17.378264099652394,17.44194984436035,1915600
2020-11-13,17.52155693364894,17.696692347289062,17.52155693364894,17.66485023498535,2692800
2020-11-16,17.8718302458923,17.943476900435424,17.800183591349178,17.927555084228516,2993600
2020-11-17,17.895710618829376,18.015121198047098,17.839985783086966,17.959396362304688,1445000
2020-11-18,18.094726021825817,18.206177194851797,17.975315460657956,17.9832763671875,4644300
2020-11-19,17.983277995598584,18.118610382080078,17.935514070483883,18.118610382080078,2692800
2020-11-20,18.12657426756633,18.2061818347624,18.08676972477427,18.150455474853516,2378100
2020-11-23,18.19026038291997,18.2459852255598,18.078809179252225,18.158416748046875,4199000
2020-11-24,18.4609233879805,18.651980623241805,18.42907975624298,18.636058807373047,2778100
2020-11-25,18.556450075613856,18.69178246518376,18.476842519680766,18.651979446411133,2807900
2020-11-27,18.51664841062343,18.55645143230612,18.492765686581045,18.548490524291992,1492000
2020-11-30,18.285783399297028,18.32558793232771,18.078804382700504,18.08676528930664,4833600
2020-12-01,18.341514732280256,18.476845626215674,18.325592914739115,18.445003509521484,3778300
2020-12-02,18.34151192785718,18.548489450692706,18.3096682976438,18.516647338867188,8319700
2020-12-03,18.612176919200675,18.707706300314275,18.572373896129672,18.604217529296875,10197100
2020-12-04,18.683822083550233,18.795273272348144,18.683822083550233,18.763429641723633,3540400
2020-12-07,18.699742096134777,18.7793496466337,18.659939080079184,18.71566390991211,2780400
2020-12-08,18.74750728090534,18.858958466460297,18.73954789186869,18.843036651611328,1747900
2020-12-09,18.954487397423385,18.97837012105594,18.763430163526735,18.874879837036133,3036800
2020-12-10,18.858960806656736,19.042057144976695,18.858960806656736,18.994293212890625,2815200
2020-12-11,18.882840299391873,18.922644837840313,18.79527335158108,18.906723022460938,2133800
2020-12-14,19.12348878971888,19.147574339765043,18.9548945332447,18.962923049926758,3038200
2020-12-15,19.043205291641385,19.187715530395508,19.011092755964356,19.187715530395508,3668500
2020-12-16,19.187715564515713,19.27602771752983,19.147574512027298,19.243913650512695,1558300
2020-12-17,19.54899163767542,19.58110417419086,19.492793550311124,19.500822067260742,2405500
2020-12-18,19.37236587762115,19.380394393969954,19.235884162257296,19.25996971130371,2671500
2020-12-21,18.88263907383183,19.147573994429443,18.826440989353994,19.107431411743164,3431800
2020-12-22,18.94686608883288,18.99503565782596,18.89066800312713,18.98700714111328,3107300
2020-12-23,19.147574924794853,19.243914065357053,19.1395464078675,19.211801528930664,1471900
2020-12-24,19.211799136050157,19.22785616790492,19.163629571768702,19.21982765197754,853600
2020-12-28,19.300112815742114,19.31616831759163,19.235884683212213,19.30813980102539,1960400
2020-12-29,19.372367345824795,19.372367345824795,19.195744566613847,19.235885620117188,1993700
2020-12-30,19.340251922607422,19.476733627944157,19.33222340684846,19.340251922607422,2069300
2020-12-31,19.30011270712823,19.30011270712823,19.179686490595344,19.22785758972168,3304200
2021-01-04,19.573072220367575,19.573072220367575,19.18771266215012,19.292081832885742,5276200
2021-01-05,19.42856649536161,19.645330322841453,19.40448094507141,19.565048217773438,8767000
2021-01-06,19.52490712966916,19.934352328270336,19.51687861229073,19.829984664916992,11030400
2021-01-07,19.773782281840226,19.88617997815867,19.74166974809417,19.838008880615234,3392400
2021-01-08,19.958434608245085,19.96646312430725,19.70955520416661,19.934349060058594,3480200
2021-01-11,19.49279409920607,19.69350243474915,19.46870854767899,19.60519027709961,3140400
2021-01-12,19.605186063842883,19.749696279383194,19.49278991010386,19.725610733032227,17127200
2021-01-13,19.653358459472656,19.709556544446492,19.589131857890706,19.653358459472656,3247300
2021-01-14,19.80589724276453,19.942378962745366,19.79786872614413,19.886180877685547,4813000
2021-01-15,19.701531400578354,19.749700973446373,19.492794543106115,19.629276275634766,3525500
2021-01-19,19.757724794833518,19.76575331028384,19.669412656162717,19.725610733032227,2887000
2021-01-20,19.910267820103908,20.078863631324783,19.894212315788316,20.07083511352539,2353200
2021-01-21,20.159145882115734,20.159145882115734,20.02266415154311,20.119003295898438,2376000
2021-01-22,19.910263476653522,20.01463265399417,19.89420797584046,19.966463088989258,2985500
2021-01-25,19.95843230428082,20.054771423339844,19.74166698947398,20.054771423339844,3943900
2021-01-26,20.078863631324783,20.110976171239162,19.982522949015255,20.07083511352539,2631100
2021-01-27,19.70955602032519,19.749698602298285,19.46870665361834,19.516876220703125,4740000
2021-01-28,19.476735687943034,19.765756160703297,19.460678654726806,19.653358459472656,3947300
2021-01-29,19.292083209728375,19.3482812912355,18.94686467328988,19.067289352416992,5242300
2021-02-01,19.412507074276547,19.428564105828485,19.284053884426672,19.39645004272461,4897300
2021-02-02,19.573075793919234,19.661387949698685,19.50082220343419,19.63730239868164,3432400
2021-02-03,19.709554186988896,19.741668249580197,19.62124357742839,19.71758270263672,4450700
2021-02-04,19.63730146127094,19.709556579589844,19.597160409441763,19.709556579589844,2496800
2021-02-05,19.870121529092447,19.926319607603826,19.773780872156664,19.918291091918945,1720800
2021-02-08,20.02266412090846,20.070833693012425,19.96646603157332,20.06280517578125,3236200
2021-02-09,19.97449208720939,20.070832758213346,19.94237955106342,20.0467472076416,7238300
2021-02-10,20.143086865457633,20.167172414817884,19.926321515064203,20.00660514831543,1668800
2021-02-11,20.215342017938234,20.215342017938234,20.07083178408753,20.15111541748047,3296500
2021-02-12,19.98251781746307,20.183226117056012,19.98251781746307,20.17519760131836,1057300
2021-02-16,20.359851387002774,20.39999243635278,20.27956775701989,20.335765838623047,4729900
2021-02-17,20.167173419047927,20.27154107557348,20.086889781798956,20.223371505737305,2035500
2021-02-18,20.295626172923917,20.34379574168445,20.167172968707177,20.28759765625,2579800
2021-02-19,20.295625200751665,20.359851799783545,20.255482619304924,20.303653717041016,2553400
2021-02-22,20.311681297035957,20.496334114534175,20.287597278745327,20.37590789794922,3471300
2021-02-23,20.512386741691436,20.656896956315336,20.343792512152046,20.568586349487305,4135500
2021-02-24,20.456192115024685,20.73718407626113,20.416051062540763,20.713098526000977,2308800
2021-02-25,20.729153441031094,20.785351521278457,20.215340671589114,20.255481719970703,6828800
2021-02-26,20.06280407628699,20.06280407628699,19.677444458007812,19.677444458007812,7178800
2021-03-01,20.183230839644406,20.43211029189752,20.159146818078927,20.367883682250977,3491700
2021-03-02,20.25548220864016,20.367879903129353,20.151114561560423,20.335765838623047,3532300
2021-03-03,20.303656120540143,20.408023782090655,20.191258410466798,20.20731544494629,6444900
2021-03-04,20.359855629170777,20.472251815795897,19.966467444699664,20.07083511352539,7007900
2021-03-05,20.143089809676997,20.231401972289806,19.82195676101654,20.191259384155273,5102100
2021-03-08,20.086890207988404,20.20731490077544,20.006606569036027,20.01463508605957,5296600
2021-03-09,20.151114001034475,20.27956719292087,20.086887405091275,20.23139762878418,3489500
2021-03-10,20.110976171239162,20.12703320683795,19.982522949015255,20.07083511352539,3973000
2021-03-11,20.110973801075534,20.239427008160686,20.05477571438616,20.223371505737305,3102100
2021-03-12,20.03871920186106,20.191257963473145,20.014635181958084,20.183229446411133,2680800
2021-03-15,20.167169691100934,20.271537328333892,20.022659477022422,20.247451782226562,2276200
2021-03-16,20.255480707018716,20.295623284675663,20.183225598518973,20.21533966064453,2969500
2021-03-17,20.119000011677322,20.31970831615095,20.070830447362848,20.255481719970703,4084000
2021-03-18,20.006604586876264,20.159143332644653,19.902236938476562,19.902236938476562,4100700
2021-03-19,19.854063928069966,19.886177989888076,19.725610743363024,19.813922882080078,2258100
2021-03-22,20.022661657257423,20.030690173500744,19.942378026107107,19.95843505859375,7752700
2021-03-23,19.862095332850075,19.9664645176587,19.677444044383094,19.709556579589844,5782500
2021-03-24,19.821955148584205,19.894210270065553,19.69350193956915,19.70153045654297,2912300
2021-03-25,19.70955803102498,19.81392722351947,19.60519036981357,19.773784637451172,3842400
2021-03-26,19.926320178610418,20.1350569985505,19.91829166269547,20.110971450805664,1597200
2021-03-29,19.942377579753053,20.070830774205337,19.878150982526908,20.022661209106445,1964900
2021-03-30,19.773781314046108,19.870121973134843,19.733640266007452,19.85406494140625,1840000
2021-03-31,19.902236938476562,19.974490521963805,19.87815138979222,19.902236938476562,2750500
2021-04-01,20.030688911888994,20.21534018000663,19.990546333200722,20.17519760131836,4335800
2021-04-05,20.335768740555846,20.472250471617958,20.27154213366092,20.464221954345703,2295600
2021-04-06,20.223370606516713,20.30365424019592,20.17519950753942,20.263511657714844,2391600
2021-04-07,20.29562575958375,20.367880876894496,20.2554831770317,20.31970977783203,1696100
2021-04-08,20.44013498317205,20.48027756674583,20.367881395305233,20.456192016601562,2231900
2021-04-09,20.432107959915967,20.488306045532227,20.38393685971661,20.488306045532227,1473400
2021-04-12,20.38393540703224,20.440133488643482,20.34379435767646,20.4240779876709,947900
2021-04-13,20.383936931633244,20.51239013671875,20.3678814294598,20.51239013671875,1398300
2021-04-14,20.624788802687885,20.76929904797761,20.624788802687885,20.672958374023438,1471600
2021-04-15,21.02620464857365,21.08240273481644,21.00211909820545,21.058317184448242,4118300
2021-04-16,21.01014806162582,21.0824031829834,20.970007008108514,21.0824031829834,4792600
2021-04-19,21.074371817663888,21.090428849413797,20.92986159448037,20.978031158447266,2650500
2021-04-20,20.793381640282426,20.825495706489814,20.536475235755173,20.576616287231445,2303700
2021-04-21,20.65689482277159,20.94591522216797,20.65689482277159,20.94591522216797,1346400
2021-04-22,20.953948941034284,20.9940899925724,20.76126913734201,20.809438705444336,1877000
2021-04-23,20.905777583801026,21.11451287147506,20.905777583801026,21.066343307495117,2036000
2021-04-26,21.10648786796779,21.18676997170882,21.082402318075697,21.178741455078125,1171900
2021-04-27,21.018176131784248,21.074374218027042,20.98606206462665,21.058317184448242,1238000
2021-04-28,21.09042659939127,21.267049335948865,21.0743695693544,21.242963790893555,1413900
2021-04-29,21.250991725678613,21.250991725678613,21.00211389203308,21.138595581054688,2663800
2021-04-30,20.961979419556098,20.994091957535602,20.721128493935844,20.777326583862305,2008100
2021-05-03,20.97000324672105,21.066342370395457,20.929860669121076,21.05028533935547,2256100
2021-05-04,20.929863462270134,20.986061547127125,20.729155141333468,20.92183494567871,3447500
2021-05-05,21.13860036574354,21.2670535690411,21.0904307973277,21.21085548400879,1955900
2021-05-06,21.138596158219222,21.250992305911993,21.026200010526452,21.242963790893555,2594200
2021-05-07,21.299164882388638,21.52395719346135,21.2590223044951,21.483816146850586,2012100
2021-05-10,21.76481003701914,21.796922570957868,21.531987658010998,21.540016174316406,2305900
2021-05-11,21.2911391514269,21.443676373523996,21.186769966536282,21.355365753173828,3492800
2021-05-12,21.259024529302636,21.35536519504663,20.929863012541965,20.986061096191406,2547000
2021-05-13,20.90577899429315,21.13057132888796,20.90577899429315,21.074373245239258,1911400
2021-05-14,21.14663032978034,21.315224596417018,21.13057329544835,21.275083541870117,1927700
2021-05-17,21.098459759746113,21.242968468047053,21.07437420938779,21.234941482543945,2665800
2021-05-18,21.323252560378556,21.323252560378556,21.154658298115837,21.17071533203125,8541200
2021-05-19,20.729153654841788,20.865635364542907,20.56055941236074,20.801408767700195,4152600
2021-05-20,21.13057136450658,21.31522264860155,21.122542848074243,21.30719566345215,2611200
2021-05-21,21.21888257493539,21.234939607089462,21.066343832037454,21.114513397216797,2016700
2021-05-24,21.210857421309427,21.30719809822339,21.18677186926016,21.26705551147461,2129400
2021-05-25,21.403533932399988,21.427619480722853,21.275080737243787,21.315221786499023,1374100
2021-05-26,21.275080701864123,21.3714213637125,21.275080701864123,21.347335815429688,2254700
2021-05-27,21.44367834865216,21.49987797022974,21.411565810462367,21.467763900756836,2431100
2021-05-28,21.491849452861516,21.564104577892437,21.451706866020384,21.467763900756836,2120400
2021-06-01,21.61227174040546,21.63635728982388,21.540016623433143,21.564102172851562,1720200
2021-06-02,21.716637075864814,21.796920700747535,21.67649602906484,21.772836685180664,1833400
2021-06-03,21.660440857304426,21.676497889915968,21.572130240506777,21.628328323364258,1562700
2021-06-04,21.933407346284287,21.997633954407164,21.901294807864414,21.981576919555664,2910200
2021-06-07,21.949459561194974,21.95748807685772,21.88523296717579,21.941431045532227,1823200
2021-06-08,21.99763290900973,22.02171846014236,21.90932228408953,21.973548889160156,997100
2021-06-09,21.87720481335704,21.885233329152577,21.74875162319408,21.764808654785156,2785000
2021-06-10,21.924377763233085,22.02207185473001,21.88367059775971,21.9895076751709,2148000
2021-06-11,21.96508320686055,21.997648938988654,21.87553054914743,21.973224639892578,1908900
2021-06-14,22.00579052502123,22.046496137644795,21.932519180043148,22.022071838378906,902400
2021-06-15,22.02207185473001,22.030213287824687,21.940660629422435,21.9895076751709,4244700
2021-06-16,22.119768759378744,22.14419306005441,21.818541928990925,21.891813278198242,2001500
2021-06-17,21.802263655695423,21.867393580428576,21.590591012107716,21.712709426879883,3426200
2021-06-18,21.25679730546295,21.30564435472221,21.126537472225113,21.175384521484375,2633900
2021-06-21,21.256795977614896,21.492891328302925,21.216088811758617,21.4603271484375,1220500
2021-06-22,21.330067323336603,21.517315627816693,21.28936015748032,21.4603271484375,1378200
2021-06-23,21.338206922801508,21.387055521186024,21.248654264735723,21.2730770111084,3123600
2021-06-24,21.403340404171235,21.460328888170334,21.35449180118367,21.444046020507812,1588400
2021-06-25,21.468468581608757,21.468468581608757,21.37077293637328,21.4603271484375,1404900
2021-06-28,21.41962195828507,21.41962195828507,21.25679793830018,21.305644989013672,1372400
2021-06-29,21.37077316367083,21.387056030186525,21.28936038391197,21.32192611694336,1797000
2021-06-30,21.085827200510547,21.183522837470377,21.06954433554733,21.150957107543945,3270300
2021-07-01,21.053265469699916,21.077688217163086,20.93928695453307,21.077688217163086,2516200
2021-07-02,21.142815461488375,21.289358139038086,21.093968419911622,21.289358139038086,1737900
2021-07-06,21.167242986612333,21.183525853894146,20.874157586818477,21.004417419433594,2392600
2021-07-07,21.240513717339105,21.30564363174794,21.13467663591247,21.232372283935547,3027700
2021-07-08,20.849730736310107,20.93928338310026,20.752035104661573,20.906719207763672,3897300
2021-07-09,21.028843326678963,21.273080143283813,20.996279142447563,21.26494026184082,4031300
2021-07-12,21.15095950271959,21.2730778981337,21.13467663591247,21.232372283935547,885100
2021-07-13,21.126537154834757,21.183525636917693,21.069547119932146,21.110254287719727,1316000
2021-07-14,21.289361656055334,21.31378595728835,21.15910182178534,21.191667556762695,1591600
2021-07-15,20.98813819885254,21.061409556110917,20.882301103781614,20.98813819885254,1385200
2021-07-16,21.036982531840422,21.045123965240553,20.800885621695652,20.84159278869629,2062100
2021-07-19,20.499657916658755,20.51594078152622,20.279843899406387,20.401962280273438,2410700
2021-07-20,20.35311585349488,20.678765396586897,20.328691555455663,20.654342651367188,2010100
2021-07-21,20.768322935059597,20.979995560232442,20.760181501073745,20.963712692260742,1977100
2021-07-22,21.02070275680631,21.02070275680631,20.857878723314208,20.931148529052734,2554400
2021-07-23,21.085829650590693,21.118395384301124,21.01255830256188,21.077688217163086,4480400
2021-07-26,21.020697137664463,21.126534206321402,21.020697137664463,21.102109909057617,1257700
2021-07-27,21.093971270411924,21.093971270411924,20.963711440058493,21.0614070892334,1997500
2021-07-28,20.963711804048753,21.077688769382057,20.882299020459385,21.004417419433594,2668700
2021-07-29,21.18352699279785,21.256798346685652,21.167244124640614,21.18352699279785,1816300
2021-07-30,21.020699433923877,21.102112214210404,20.92300533983575,20.97999382019043,1488000
2021-08-02,21.21608875830209,21.29750153698992,21.102111799830883,21.134675979614258,3464600
2021-08-03,21.21609076868915,21.346350605804957,21.14281941620904,21.305644989013672,1640500
2021-08-04,21.378912342611677,21.435900816587797,21.281216706638716,21.289358139038086,1200600
2021-08-05,21.435904586676553,21.501034504506915,21.41148028518277,21.444046020507812,1831900
2021-08-06,21.452187454339075,21.501034504506915,21.395198970339976,21.444046020507812,1526700
2021-08-09,21.427760754657253,21.427760754657253,21.338206545355987,21.36263084411621,1291700
2021-08-10,21.378914184795555,21.48474970946809,21.378914184795555,21.476608276367188,766000
2021-08-11,21.598729919484917,21.623152667889656,21.525458568631286,21.582447052001953,2044600
2021-08-12,21.50917538461563,21.549880999904303,21.460328335705288,21.517316818237305,2075500
2021-08-13,21.606869934068673,21.671999846903034,21.582445634448437,21.66385841369629,1188700
2021-08-16,21.4196168705203,21.468465462450613,21.346345535444204,21.43589973449707,2285200
2021-08-17,20.97185206590826,21.0044162458327,20.784603761088803,20.91486358642578,5909000
2021-08-18,20.849734605466725,20.939287268875475,20.752038955688477,20.752038955688477,2222600
2021-08-19,20.51594194329914,20.66248307694623,20.491517644614852,20.581071853637695,2991700
2021-08-20,20.48337912227005,20.638063263611024,20.46709625416684,20.621780395507812,1479600
2021-08-23,20.662486084807735,20.857877397086284,20.662486084807735,20.8253116607666,992600
2021-08-24,20.906723321382103,21.05326602127903,20.89044045410029,21.004417419433594,928900
2021-08-25,21.004417054736567,21.11025413741102,20.979994307057588,21.0614070892334,958800
2021-08-26,20.963710123630875,20.988134422595778,20.849733167433783,20.86601448059082,1903300
2021-08-27,20.931146169548658,21.19166738884403,20.92300628868853,21.175384521484375,1196800
2021-08-30,21.175381575369382,21.20794575273836,21.12653453290617,21.167240142822266,1176900
2021-08-31,21.15909838318699,21.191664112872033,21.093968476636356,21.102109909057617,1634100
2021-09-01,21.321926986568418,21.403339769647737,21.289361252208817,21.313785552978516,1817900
2021-09-02,21.468470470151548,21.525458954543915,21.468470470151548,21.49289321899414,1909600
2021-09-03,21.53359550101079,21.6557138759661,21.53359550101079,21.60686683654785,1653800
2021-09-07,21.57430600504884,21.59873030671117,21.49289321899414,21.49289321899414,2373600
2021-09-08,21.46846704633,21.501031223866658,21.338205677724908,21.370771408081055,2225900
2021-09-09,21.224231402308103,21.28936131841015,21.11839587094966,21.159101486206055,1799500
2021-09-10,21.25679720384261,21.264938637483517,21.004417419433594,21.004417419433594,1531000
2021-09-13,21.28122005368273,21.297502921042387,21.110254604865457,21.175384521484375,2362700
2021-09-14,21.216090934543086,21.216090934543086,20.947429824289042,20.963712692260742,1885000
2021-09-15,21.028838895160266,21.1835230079165,21.012556030066033,21.167240142822266,1861400
2021-09-16,21.077685611793836,21.11025134147888,20.963708663535094,21.102109909057617,1634000
2021-09-17,20.866016814133523,20.898582549728708,20.646204310145,20.711334228515625,2446500
2021-09-20,20.14958692972067,20.22285827914523,19.954197182195074,20.17401123046875,2859100
2021-09-21,20.483381836988347,20.548511765213274,20.3531219805385,20.410110473632812,2747500
2021-09-22,20.540369033813477,20.7276173715407,20.499663413549257,20.540369033813477,3083300
2021-09-23,20.743896275692528,20.90672183126596,20.71947352933022,20.849733352661133,1321300
2021-09-24,20.564791909966342,20.654346131714235,20.548509041863127,20.621780395507812,2225200
2021-09-27,20.646206189035627,20.760183168351666,20.638064754395927,20.743900299072266,1075100
2021-09-28,20.31240918523898,20.336831929186985,20.06002944376713,20.13330078125,3779200
2021-09-29,20.15772770650203,20.21471618690434,20.0518906261952,20.07631492614746,2463100
2021-09-30,20.32869379166718,20.385683826694414,20.157728345044525,20.206575393676758,5083900
2021-10-01,20.255419289452394,20.385680653561987,20.12515947816224,20.30426788330078,5192000
2021-10-04,20.483375924073837,20.548505833497778,20.279844763021575,20.393821716308594,3202800
2021-10-05,20.499659062044106,20.686907360023742,20.483376196266864,20.613636016845703,3463700
2021-10-06,20.206573741156895,20.475234815892247,20.149585263609936,20.458951950073242,3464800
2021-10-07,20.572928306377367,20.784600881428087,20.572928306377367,20.719470977783203,1543900
2021-10-08,20.80902535485626,20.825308220326097,20.727612580326607,20.735754013061523,1875100
2021-10-11,20.81716887126742,20.97185300307478,20.752038955688477,20.752038955688477,1432200
2021-10-12,20.849736109661155,20.947430213667825,20.784606189383446,20.87415885925293,1579400
2021-10-13,20.833452854126644,20.979995560232442,20.760181501073745,20.963712692260742,1819800
2021-10-14,21.134676653445027,21.207948001318204,21.08582960580279,21.19980812072754,1377300
2021-10-15,21.207944503081034,21.29749870300293,21.159097463496085,21.29749870300293,3999300
2021-10-18,21.09397190465035,21.216090305176,21.061407722492707,21.191667556762695,1647200
2021-10-19,21.411477498207603,21.533597436961333,21.378913319940924,21.48474884033203,1297900
2021-10-20,21.56616448066813,21.720848618241018,21.541740179108288,21.68014144897461,2154700
2021-10-21,21.51731544187169,21.582445353859313,21.444044096783173,21.476608276367188,3280200
2021-10-22,21.57430110838943,21.663855308005704,21.468465597513333,21.60686683654785,2781800
2021-10-25,21.696423950195612,21.785978168249272,21.623152599573476,21.737131118774414,1460900
2021-10-26,21.785976789289553,21.785976789289553,21.647575530521248,21.696422576904297,1467000
2021-10-27,21.728988860644446,21.77783590826601,21.623151779174805,21.623151779174805,2172200
2021-10-28,21.680140682192203,21.859249114990234,21.680140682192203,21.859249114990234,1711100
2021-10-29,21.419618220897345,21.57430233278982,21.403336908713513,21.541736602783203,3122900
2021-11-01,21.46846785079466,21.54987907409668,21.435902119218216,21.54987907409668,1265600
2021-11-02,21.321927856858085,21.346350605804957,21.281220687247053,21.305644989013672,1594400
2021-11-03,21.34634777259744,21.476607592424433,21.264936549820227,21.468467712402344,1788400
2021-11-04,21.370772277036284,21.403338008716585,21.28121806773502,21.36263084411621,1641300
2021-11-05,21.492892517372287,21.54173956628263,21.444045468461947,21.517316818237305,3436500
2021-11-08,21.574306320771964,21.615011937985138,21.55802345275879,21.55802345275879,1161700
2021-11-09,21.492891005622006,21.501032438671032,21.330067003100222,21.39519691467285,2247400
2021-11-10,21.37077288252701,21.403338615129982,21.118394666132367,21.134675979614258,2612700
2021-11-11,21.0858267162413,21.110251013125183,21.020696810703715,21.03697967529297,2636600
2021-11-12,21.159101802893858,21.24865602118191,21.11839618702822,21.224231719970703,1714700
2021-11-15,21.34634645532279,21.354487887662017,21.224228075873306,21.240510940551758,2119600
2021-11-16,21.159100464976337,21.20794751149038,21.110253418462293,21.11839485168457,2147900
2021-11-17,20.857875334861767,20.874156648592095,20.73575538855677,20.77646255493164,2031100
2021-11-18,20.76017795248447,20.817166427824485,20.662482314173378,20.792743682861328,2068200
2021-11-19,20.71133461725571,20.75204023469397,20.621780395507812,20.621780395507812,1605900
2021-11-22,20.67062432414245,20.743895666717524,20.58107166874367,20.597352981567383,1286000
2021-11-23,20.76017895738203,20.87415591357912,20.719473345260088,20.86601448059082,2129700
2021-11-24,20.646201864649747,20.792744551830946,20.62177756584636,20.784603118896484,1813300
2021-11-26,20.149585780715633,20.149585780715633,19.92977174497658,19.994901657104492,2374200
2021-11-29,20.190291336534727,20.190291336534727,19.99490160070215,20.149585723876953,2983300
2021-11-30,20.06817250786117,20.13330241838425,19.7506643881636,19.913488388061523,4639200
2021-12-01,20.19029309011164,20.247283126729673,19.734383666905433,19.742525100708008,4980300
2021-12-02,19.90534948494053,20.14958627318461,19.880925184988268,20.07631492614746,3324500
2021-12-03,20.035612587531475,20.051893904008136,19.612267302740637,19.79137420654297,4733700
2021-12-06,19.97862083197768,20.14144483986719,19.90534948494053,20.07631492614746,2360200
2021-12-07,20.271703651613358,20.532223293439205,20.271703651613358,20.458951950073242,3735600
2021-12-08,20.581071140619404,20.654342481314284,20.532222544943156,20.638059616088867,2028600
2021-12-09,20.515941619873047,20.548505798119187,20.458951590508132,20.515941619873047,2645400
2021-12-10,20.57293199097817,20.597354738706983,20.434530726842777,20.548507690429688,2805400
2021-12-13,20.454016517348784,20.462378939850108,20.29513527473066,20.320220947265625,3478600
2021-12-14,20.228232733273586,20.362028271896403,20.152972543427175,20.236595153808594,3524000
2021-12-15,20.286771472539854,20.462377548217773,20.07771570913153,20.462377548217773,3287300
2021-12-16,20.445651945806983,20.470737613748256,20.270044295374493,20.345304489135742,5981000
2021-12-17,20.28676791819982,20.328578425568523,20.102799452821465,20.111160278320312,4430700
2021-12-20,20.152974990481287,20.152974990481287,20.00245459251168,20.127887725830078,3232800
2021-12-21,20.303491932294172,20.47909797005367,20.303491932294172,20.470735549926758,1768500
2021-12-22,20.512551323560256,20.771780014038086,20.487464058687365,20.771780014038086,2757400
2021-12-23,20.75505629845487,20.922301550089905,20.746693876376227,20.905576705932617,2272700
2021-12-27,20.805225982089276,21.047731399536133,20.805225982089276,21.047731399536133,2057600
2021-12-28,21.081180219076508,21.13135474544208,20.98919677734375,20.98919677734375,3193900
2021-12-29,21.081180572509766,21.18989045315567,21.05609490387514,21.081180572509766,1680500
2021-12-30,21.12251844807528,21.21530796678504,21.071904228110796,21.088775634765625,1078900
2021-12-31,20.886317608303404,21.012849904134853,20.886317608303404,20.94536590576172,1795200
2022-01-03,20.827271304661778,21.02128761743975,20.776657094327497,20.979110717773438,5582500
2022-01-04,21.29966163635254,21.417758255315217,21.265918825822766,21.29966163635254,2185300
2022-01-05,21.29965872685017,21.358707028265595,21.02128701378777,21.038158416748047,3351600
2022-01-06,20.692305016818864,20.78509452559496,20.54890129349684,20.6669979095459,6735000
2022-01-07,20.692303102986536,20.77665690153642,20.59107629220287,20.76822280883789,2811000
2022-01-10,20.557333798146804,20.624817798098256,20.354880189346986,20.607946395874023,5936000
2022-01-11,20.582642173306606,20.869449615478516,20.489852665977367,20.869449615478516,3453900
2022-01-12,20.970675614704323,21.088772224297788,20.936932806851544,21.063465118408203,2714100
2022-01-13,21.215306063344265,21.232177468485386,20.953805719439874,20.987546920776367,7452500
2022-01-14,20.734484717752782,20.852581349736926,20.59951667864349,20.75135612487793,4457500
2022-01-18,20.489850093332144,20.54046269178839,20.34644639025154,20.405494689941406,5451800
2022-01-19,20.58264453192503,20.63325714253587,20.430805091146617,20.498289108276367,4803500
2022-01-20,20.599513530736896,20.709174442400677,20.32957749376848,20.34644889831543,3362200
2022-01-21,20.076512026660087,20.14399603850474,19.764399075233232,19.77283477783203,7493700
2022-01-24,19.342624216224067,19.620995975084796,18.95458992902516,19.612560272216797,10036300
2022-01-25,19.367928928709617,19.705350593932476,19.173912597468494,19.561946868896484,10864400
2022-01-26,19.713785913583656,19.78126992352843,19.241396235024535,19.38479995727539,11020700
2022-01-27,19.22452750747411,19.33418842637312,18.903977235715516,18.95458984375,10808900
2022-01-28,18.920845733457174,19.06424944163686,18.71839372348801,19.038942337036133,11528000
2022-01-31,19.030509705124466,19.266704559326172,19.00520420538751,19.266704559326172,4220600
2022-02-01,19.34262284043972,19.536639165766452,19.216090524311227,19.51976776123047,4806100
2022-02-02,19.612559865797383,19.688479581090323,19.511333042424866,19.637866973876953,4939700
2022-02-03,19.536639477684485,19.62099489276551,19.401671457133126,19.418542861938477,5336500
2022-02-04,19.41010755014037,19.578816774751772,19.292010932017813,19.494462966918945,4070400
2022-02-07,19.620994365427403,19.772833786703238,19.595687258899538,19.654735565185547,4317900
2022-02-08,19.907805161939475,20.059644608829597,19.81501403129641,20.025901794433594,5571700
2022-02-09,20.29583468467458,20.363318693916685,20.262093484526375,20.34644889831543,5511400
2022-02-10,20.21991408807532,20.591076927132875,20.11025318121171,20.160865783691406,5427100
2022-02-11,20.228353973434462,20.321145104625526,19.924676686806734,19.958417892456055,6749700
2022-02-14,20.051207403227384,20.093384309117038,19.85719106182165,20.000593185424805,8242200
2022-02-15,20.177737076758202,20.33801219416749,20.11025307084044,20.32957649230957,5009700
2022-02-16,20.312705771126623,20.58264180386787,20.304270068985254,20.548900604248047,4833700
2022-02-17,20.53203174224975,20.574208649233306,20.338015395812008,20.388628005981445,5121200
2022-02-18,20.338012200912686,20.38018910127067,20.17773708345024,20.228349685668945,5022800
2022-02-22,20.422367000885313,20.532029521494792,20.228350675432477,20.34644889831543,6646300
2022-02-23,20.58264255052361,20.58264255052361,20.18617418917083,20.21991539001465,8796400
2022-02-24,19.70534806279322,20.09338067543293,19.62942835876449,20.06807518005371,8783900
2022-02-25,20.059640169069567,20.439237093333507,20.00059025694596,20.430801391601562,9440300
2022-02-28,20.219913380716232,20.456108198934643,20.186172183225356,20.287397384643555,8602700
2022-03-01,20.278965117195696,20.34644912719694,19.958414862980494,20.110254287719727,9429100
2022-03-02,20.565770580120194,20.77665830866876,20.489852478072738,20.759788513183594,6152500
2022-03-03,20.70917866761836,20.77666269062898,20.430806871581296,20.56577491760254,11514900
2022-03-04,20.53202917031187,20.91162772139705,20.47298086435321,20.894756317138672,9019200
2022-03-07,20.73448183883838,20.759788946012293,20.413933192697417,20.489852905273438,8022500
2022-03-08,20.278964505228096,20.481416529122345,20.084946574501984,20.169301986694336,11628700
2022-03-09,20.675433720841305,20.70074082824753,20.50672288935793,20.59951400756836,6028700
2022-03-10,20.675434297582576,20.903193443754756,20.66699859487852,20.78509521484375,2906200
2022-03-11,20.768228595580425,20.768228595580425,20.51516230258108,20.56577491760254,5893400
2022-03-14,20.57420632711695,20.692304549444263,20.245221984727745,20.312705993652344,4084600
2022-03-15,20.430803688752675,20.565771713747818,20.329578474479202,20.506723403930664,9512300
2022-03-16,20.911630667704966,21.215307942413524,20.6754358016464,21.19000244140625,4454500
2022-03-17,21.139384604377923,21.476804634622045,21.13094890250362,21.40088653564453,4232300
2022-03-18,21.375577138045013,21.70456143113979,21.375577138045013,21.670820236206055,3856000
2022-03-21,21.60333623739314,21.772045429952705,21.55272203157437,21.670820236206055,5145500
2022-03-22,21.82266154889328,21.92388675151401,21.780483040346653,21.915451049804688,7744100
2022-03-23,21.788917843210303,21.98293414768439,21.78048214184897,21.932321548461914,7162000
2022-03-24,22.016678543978163,22.244437670354657,22.016678543978163,22.23600196838379,8704800
2022-03-25,22.210697448718662,22.354101181030273,22.168520542898822,22.354101181030273,3465600
2022-03-28,22.185388256260616,22.25287226460192,22.084163048221498,22.24443817138672,3205300
2022-03-29,22.3794071636052,22.51437518617117,22.29505174726504,22.505939483642578,4078400
2022-03-30,22.564986884299664,22.69151919924492,22.46376006697605,22.522809982299805,8354900
2022-03-31,22.46376271891761,22.5059412348425,22.26974637250073,22.295053482055664,5174000
2022-04-01,22.446889772230822,22.52280948129834,22.337227255157455,22.514373779296875,4278000
2022-04-04,22.51437287282554,22.699953482548953,22.46375866285459,22.674646377563477,3257000
2022-04-05,22.775878259513686,22.910846298261795,22.48063507139747,22.556554794311523,6853700
2022-04-06,22.531246915243198,22.564989728252364,22.278182253457974,22.404714584350586,3943600
2022-04-07,22.303490067317597,22.446893809241928,22.176957732430463,22.379409790039062,4967900
2022-04-08,22.295051062326657,22.480631685417105,22.261308253248927,22.387842178344727,5344600
2022-04-11,22.26974418283516,22.303486992257323,22.134776163037944,22.151647567749023,6467000
2022-04-12,22.38784138596812,22.44688969081855,22.185387756558587,22.23600196838379,5967600
2022-04-13,22.084165122313316,22.37940828988967,22.084165122313316,22.354101181030273,4340800
2022-04-14,22.387838761128705,22.43845135807425,22.26130485534668,22.26130485534668,5281000
2022-04-18,22.067290552454313,22.2950496726959,22.041983447223384,22.193822860717773,4566100
2022-04-19,22.210696237476377,22.48906798396569,22.176955036449716,22.472196578979492,5704500
2022-04-20,22.522808676476867,22.640905282386033,22.472194466276722,22.607162475585938,5030100
2022-04-21,22.624034712367923,22.64934181840021,22.143210960373963,22.16851806640625,5813100
2022-04-22,21.805788728729944,21.805788728729944,21.29965792167336,21.33340072631836,9085700
2022-04-25,20.793528000726198,21.004415711907892,20.607947394106702,20.970674514770508,13833000
2022-04-26,20.844141929592105,20.877884737825937,20.565770197445584,20.5826416015625,6723100
2022-04-27,20.74291570390558,20.920060611595027,20.633253191477813,20.76822280883789,7509900
2022-04-28,20.903190212894913,21.097206518263125,20.709172298581173,21.0718994140625,5590400
2022-04-29,21.17312868161908,21.29122529705032,20.70074061094839,20.734481811523438,9041800
2022-05-02,20.692303608900897,20.785093111363533,20.472980187628607,20.675432205200195,8877800
2022-05-03,20.83570710886665,20.98754491377955,20.80196430181116,20.9116268157959,7197400
2022-05-04,20.894755685805542,21.42619203232183,20.726044866210675,21.40088653564453,8256800
2022-05-05,21.114084085359412,21.12251978922244,20.464549368420247,20.62482452392578,8376200
2022-05-06,20.321142196655273,20.44767451538879,20.1186901648925,20.321142196655273,9724800
2022-05-09,19.97528560627545,20.000591103596904,19.595687056997022,19.64630126953125,8618900
2022-05-10,19.924673715466582,19.96685061847494,19.49446254720933,19.663171768188477,7279400
2022-05-11,19.848752688157933,20.101817307337072,19.595686460033182,19.604122161865234,7837700
2022-05-12,19.207654250209544,19.384799165726488,19.04737912978066,19.232959747314453,8452900
2022-05-13,19.646303425671917,19.933109283447266,19.620996316627398,19.933109283447266,5973300
2022-05-16,19.874055672024266,20.127121868153765,19.831878777142055,20.009023666381836,5843000
2022-05-17,20.304270386948055,20.380190098463633,20.177738070737323,20.34644889831543,5534000
2022-05-18,20.24522080236122,20.25365650410234,19.78126846921868,19.840316772460938,3750500
2022-05-19,19.907799872973882,20.228348479845064,19.899364171616018,20.101816177368164,6368800
2022-05-20,20.388623990918873,20.430800889596675,20.017461168561123,20.278963088989258,6174500
2022-05-23,20.447675187630548,20.59951461868096,20.388626877543338,20.54046630859375,4675400
2022-05-24,20.439239889904076,20.55733812136433,20.245223550360123,20.515159606933594,5814300
2022-05-25,20.397060983113374,20.658561311142975,20.371753876937998,20.5826416015625,5867700
2022-05-26,20.439235591522664,20.650123292489127,20.439235591522664,20.607946395874023,4304700
2022-05-27,20.91162661074367,21.05502871248655,20.886319505700207,21.046594619750977,5927100
2022-05-31,20.869448815027962,20.962239927743887,20.76822360928844,20.818836212158203,5109300
2022-06-01,21.18156324579449,21.215304444556434,20.77665759803176,20.886320114135742,5550400
2022-06-02,21.021290269031244,21.3924531469059,20.979113364044807,21.375581741333008,9156900
2022-06-03,21.114077921063544,21.20686741857478,20.99597971040615,21.0718994140625,5079600
2022-06-06,21.189997825499454,21.223739022474465,20.97911011533262,21.038158416748047,3571400
2022-06-07,20.64169116011212,21.021289731058612,20.63325545754156,20.987546920776367,6011400
2022-06-08,20.768228271705258,20.793533774348344,20.59108170847367,20.62482452392578,7923000
2022-06-09,20.322932751654147,20.375131599240728,20.00973634739176,20.018436431884766,5459600
2022-06-10,19.548641736818833,19.574741990179458,19.278945756244806,19.4703426361084,11451000
2022-06-13,18.82655613721125,18.90485525795263,18.574260261000468,18.6264591217041,9129500
2022-06-14,18.64385396018373,18.669952553381588,18.30455897364049,18.47855567932129,5350700
2022-06-15,18.609054209202565,18.95705095026122,18.408957244653845,18.852651596069336,12900300
2022-06-16,18.348060068342942,18.55685713733321,18.191461851757342,18.426359176635742,5633400
2022-06-17,18.2784619732815,18.348060999811565,17.98266569568582,18.104463577270508,6371600
2022-06-21,18.49595474747987,18.643852851165185,18.461154412790957,18.539453506469727,6251400
2022-06-22,18.26106274356223,18.487260006293255,18.234962485003038,18.33066177368164,5187100
2022-06-23,18.348060382844462,18.374160639179976,18.095762883049378,18.304561614990234,5493500
2022-06-24,18.487258651118847,18.81785360510945,18.452458308924232,18.80045509338379,3942500
2022-06-27,18.80045461976264,18.89615223964372,18.722155511168918,18.756954193115234,6273900
2022-06-28,19.03535131661571,19.122350515248456,18.722156524658203,18.722156524658203,3461000
2022-06-29,18.80045391560963,18.82655251124897,18.661255874294675,18.669954299926758,4390000
2022-06-30,18.269761844774713,18.504659181028163,18.17406256125553,18.461158752441406,8443900
2022-07-01,18.121859594006757,18.36545696069905,18.01746024846112,18.34805679321289,4852600
2022-07-05,17.92176609333518,18.113162994384766,17.826066813124577,18.113162994384766,6086000
2022-07-06,18.217563282293824,18.27846222392123,18.026164712182876,18.243661880493164,5173400
2022-07-07,18.487261053579836,18.6264591217041,18.487261053579836,18.6264591217041,4042800
2022-07-08,18.513358057057317,18.661256185845065,18.417658779791253,18.54815673828125,5629700
2022-07-11,18.087063600019558,18.16536104657315,17.982664238995522,18.052263259887695,5397800
2022-07-12,18.113161659062907,18.243659611947702,18.043562640232917,18.13056182861328,4758000
2022-07-13,17.973967303043572,18.261063521945164,17.895668183400243,18.156665802001953,4947800
2022-07-14,17.834766645217456,18.000064947041082,17.66076825810084,17.97396469116211,5148200
2022-07-15,18.20016379962922,18.33066177368164,18.060965739390397,18.33066177368164,4894500
2022-07-18,18.52205717105957,18.609054699243742,18.313258457177405,18.321958541870117,4918800
2022-07-19,18.62645623191623,18.774354363774197,18.609056061257267,18.756954193115234,5580200
2022-07-20,18.791753292424666,18.83525205682549,18.652555255096235,18.748252868652344,4309100
2022-07-21,18.687353443598237,18.939650916732276,18.652554764866462,18.922250747680664,4073200
2022-07-22,19.096249119453894,19.200646815020672,18.843951646319855,18.922250747680664,4012400
2022-07-25,19.122349926424498,19.174550439619782,19.03535073047067,19.157150268554688,3541700
2022-07-26,19.035347279851322,19.070147615673108,18.913549423217773,18.913549423217773,4827000
2022-07-27,19.122347891797894,19.496443233035283,19.0962492973488,19.444244384765625,5170900
2022-07-28,19.461647158505027,19.55734478324457,19.30504893336726,19.531246185302734,3700300
2022-07-29,19.531244892530154,19.783540725708008,19.452945785143886,19.783540725708008,4195000
2022-08-01,19.748742711497655,19.93143952865686,19.661743515976855,19.77484130859375,11481100
2022-08-02,19.592143883221542,19.7400420132041,19.4877445199632,19.522544860839844,6571900
2022-08-03,19.54864514275952,19.65304451501997,19.426847257932096,19.618244171142578,7128200
2022-08-04,19.566044326378872,19.64434343677624,19.513845472571173,19.60954475402832,3795200
2022-08-05,19.30504600960543,19.513843058376107,19.278945756244806,19.4703426361084,5793200
2022-08-08,19.71394077372299,19.792239877416336,19.600842990261214,19.65304183959961,4074200
2022-08-09,19.618244496343472,19.65304484079773,19.470346351156376,19.49644660949707,5232000
2022-08-10,19.93143848037088,20.079336607166102,19.835739204394102,20.027137756347656,5643900
2022-08-11,20.148938119820958,20.235937321525064,20.035840319165853,20.044540405273438,4231100
2022-08-12,20.053237403057935,20.244635965042654,20.00973863499139,20.227235794067383,4072400
2022-08-15,19.90533898627084,20.01843843663482,19.870540304185347,19.992338180541992,6340000
2022-08-16,19.98363746118316,20.131535588940466,19.98363746118316,20.096736907958984,8204500
2022-08-17,19.79224160630701,19.97493842463607,19.73134266686399,19.844440460205078,7101900
2022-08-18,19.98363729677347,19.992337381790154,19.84443925524964,19.931438446044922,3997800
2022-08-19,19.74874044223789,19.766138951845537,19.59214224016894,19.661741256713867,8232900
2022-08-22,19.53994257136424,19.54864265622696,19.40074453230372,19.461645126342773,6070300
2022-08-23,19.33984582368199,19.592143309535253,19.33114573871758,19.505144119262695,5908600
2022-08-24,19.426846471133977,19.583444693496478,19.418146385516987,19.557344436645508,3639900
2022-08-25,19.757441069610753,19.89664077758789,19.713942301685893,19.89664077758789,3854400
2022-08-26,20.105437295550917,20.131535891836815,19.49644460518236,19.522544860839844,4524800
2022-08-29,19.444247530562745,19.539945157977694,19.374648501819266,19.45294761657715,3077400
2022-08-30,19.566042034160173,19.566042034160173,19.148447933877677,19.183246612548828,4315300
2022-08-31,19.261547947083105,19.30504837468008,19.061450958251953,19.061450958251953,3872200
2022-09-01,18.948352339152635,18.974450935201357,18.730855188764906,18.90485191345215,2991100
2022-09-02,19.157148630863333,19.270246414374743,18.870052470318907,18.939651489257812,5801600
2022-09-06,18.809155248732083,18.861354102846065,18.643856941437544,18.67865562438965,2764700
2022-09-07,18.35675953665388,18.678654384930386,18.35675953665388,18.669954299926758,2642600
2022-09-08,18.609054868233144,18.870052433270235,18.591656358061204,18.843952178955078,3474300
2022-09-09,19.270246011371476,19.47034297921472,19.252845842157768,19.444244384765625,2096500
2022-09-12,19.644341754814626,19.722640858507972,19.59214290547623,19.65304183959961,2508200
2022-09-13,19.165849708458474,19.305047753546855,18.78305425477963,18.809154510498047,3396300
2022-09-14,18.783053112053924,18.861352215074017,18.64385507543409,18.77435302734375,3198100
2022-09-15,18.71345832912473,18.878756657286743,18.574260261000468,18.6264591217041,2055500
2022-09-16,18.408956665174692,18.53945460927814,18.3219574826486,18.47855567932129,3067800
2022-09-19,18.26976376544772,18.652559280395508,18.252363592183766,18.652559280395508,2602000
2022-09-20,18.495956859486796,18.539455623443665,18.330658569582027,18.443758010864258,2757700
2022-09-21,18.321959837914314,18.495958225333787,18.060963916156712,18.069664001464844,3611600
2022-09-22,18.087063026854146,18.147961960783515,17.965263499623912,18.034862518310547,4307800
2022-09-23,17.547670550351896,17.547670550351896,17.199675433857806,17.356273651123047,6362900
2022-09-26,17.34757330721912,17.512869947982765,17.095275814414208,17.21707534790039,6613300
2022-09-27,17.269272684234863,17.35627186926966,16.95607628185818,17.069175720214844,4363100
2022-09-28,17.164877332582215,17.617271872748958,17.121378559608107,17.565073013305664,3109400
2022-09-29,17.45197341042167,17.469373583222296,17.22577614212896,17.3997745513916,3344500
2022-09-30,17.234472346472373,17.37367037877947,17.03437538245235,17.069175720214844,5907800
2022-10-03,17.347574606421173,17.62597071631664,17.286675664803006,17.556371688842773,6924400
2022-10-04,17.886964433022563,18.15666208293884,17.886964433022563,18.13056182861328,3746600
2022-10-05,17.92176709839074,18.20016320984686,17.826067812813303,18.078365325927734,3820200
2022-10-06,17.90436617925809,18.0261640580934,17.75646804379879,17.79996681213379,4504300
2022-10-07,17.669468336871528,17.73906735981816,17.434572671533882,17.521570205688477,2562900
2022-10-10,17.39977194244101,17.417172112632624,17.190974878256306,17.312772750854492,4050400
2022-10-11,17.130074651927767,17.37367037877947,16.98217653518005,17.069175720214844,4613500
2022-10-12,17.016975213571104,17.173573414759446,16.95607628185818,17.069175720214844,4223700
2022-10-13,16.712478487075387,17.547668319872027,16.695079977990908,17.478069305419922,7480600
2022-10-14,17.512871155372412,17.573771755999964,16.999579367913768,17.034378051757812,6535000
2022-10-17,17.312775446917506,17.47807377073611,17.312775446917506,17.373674392700195,4090500
2022-10-18,17.625970690815713,17.660769374816446,17.277975553949855,17.46067237854004,4494600
2022-10-19,17.356276227982914,17.460673948745107,17.19967798746777,17.347576141357422,3682800
2022-10-20,17.43457285765188,17.678168610879744,17.27797463950733,17.33017349243164,4196700
2022-10-21,17.173576016985482,17.77386865937632,17.095276904527037,17.74776840209961,5367600
2022-10-24,17.51286702229335,17.669465211063248,17.40846933602762,17.608566284179688,3158900
2022-10-25,17.71296820661359,18.000064374666668,17.71296820661359,17.95656394958496,2699000
2022-10-26,18.02616616301518,18.339362641588494,18.008767649272535,18.156665802001953,3698000
2022-10-27,18.165364211541018,18.29586385040102,18.02616614550406,18.06096649169922,3298900
2022-10-28,17.939164715125948,18.08706283569336,17.878264122468735,18.08706283569336,2591300
2022-10-31,17.869566547880048,18.04356327135528,17.869566547880048,18.02616310119629,4737300
2022-11-01,18.530757298070057,18.54815746905335,18.200162346245637,18.278461456298828,6391000
2022-11-02,18.321957958132675,18.59165559689979,17.939164200077972,17.94786262512207,6284800
2022-11-03,17.538969305742604,17.756466446596924,17.5215691362251,17.67816734313965,2746400
2022-11-04,18.426360095538875,18.600356832022,18.278461956873798,18.55685806274414,8056100
2022-11-07,18.548155842018016,18.582956180931937,18.417657889833794,18.513357162475586,2636800
2022-11-08,18.600355183442833,18.878752924010023,18.539456248102724,18.696054458618164,3918100
2022-11-09,18.565556611927185,18.704754653341865,18.31325912475586,18.31325912475586,2570900
2022-11-10,19.01795336934813,19.426847457885742,18.91355399601313,19.426847457885742,3937300
2022-11-11,19.618241988817946,19.870539475748405,19.557343053178606,19.835739135742188,5070000
2022-11-14,19.661744949416235,19.783542836402045,19.592145919799805,19.592145919799805,2170000
2022-11-15,19.96624079594929,20.053238336130356,19.76614213916639,19.90534019470215,5963800
2022-11-16,19.861839259142315,19.905338024490323,19.696540963951126,19.76613998413086,3276900
2022-11-17,19.505143188162936,19.740040492874297,19.496443103613835,19.731340408325195,2432400
2022-11-18,19.84443832360624,19.853138408214477,19.69654020400915,19.800939559936523,5555100
2022-11-21,19.55734433861677,19.592144680910298,19.426846373759343,19.583444595336914,3818900
2022-11-22,19.713942964183623,19.896641446225303,19.696542792680283,19.887941360473633,3019200
2022-11-23,19.887940631526153,20.166336727888844,19.879240546093367,20.157636642456055,2650200
2022-11-25,20.166335523448875,20.27073322366389,20.166335523448875,20.2446346282959,1773300
2022-11-28,20.03584017341322,20.148937973245587,19.853141685226486,19.879241943359375,1689000
2022-11-29,20.070636749267578,20.201134707476275,20.009737812728293,20.070636749267578,2338800
2022-11-30,20.29683468984803,20.662229981152755,20.096737703016583,20.610031127929688,3808700
2022-12-01,20.73182798706691,20.775326752721234,20.523030925057377,20.64482879638672,3653600
2022-12-02,20.38383152549203,20.644827420770252,20.375131441066568,20.5665283203125,2077200
2022-12-05,20.505631083346547,20.56653001998622,20.122835633847995,20.166336059570312,3082900
2022-12-06,20.227235636386556,20.288134574953638,19.974938137326795,20.06193733215332,1914500
2022-12-07,20.053236482517683,20.157635844205245,19.98363746118316,20.096736907958984,3241800
2022-12-08,20.070637350439792,20.20113531255727,20.018438497467123,20.18373680114746,2240000
2022-12-09,20.183736898754418,20.36643371472807,20.157636642456055,20.157636642456055,1551000
2022-12-12,20.140234794440733,20.201133728027344,20.044537181392407,20.201133728027344,4156300
2022-12-13,20.768432789960308,20.79502381102275,20.42273599070547,20.475919723510742,3285400
2022-12-14,20.467060442569377,20.546836906436155,20.192275784073136,20.422740936279297,3594300
2022-12-15,20.050448568846235,20.068175354508096,19.695885804720056,19.76679801940918,1770200
2022-12-16,19.64269985296312,19.775660029187726,19.57178764626464,19.68701934814453,2473700
2022-12-19,19.846575969404135,19.873168685923797,19.61611083160911,19.669296264648438,2021500
2022-12-20,19.50087513137351,19.64269954252907,19.47428242027671,19.545194625854492,1691300
2022-12-21,19.75793309826477,19.908620057030625,19.740204624052186,19.855436325073242,5616300
2022-12-22,19.687018921262823,19.687018921262823,19.385643317339408,19.527467727661133,1711300
2022-12-23,19.624973916575666,19.793391063269876,19.58065441566273,19.784526824951172,2072500
2022-12-27,19.846575111953353,20.01499226127356,19.775662894978623,19.864303588867188,2586700
2022-12-28,19.89976029082737,19.952944030215125,19.589518711484377,19.5983829498291,2231000
2022-12-29,19.68701954129109,19.855436667857433,19.66929275745283,19.81111717224121,2102500
2022-12-30,19.687019679043832,19.793388836219588,19.642700183117498,19.704748153686523,3002900
2023-01-03,19.465418980988247,19.607245088636553,19.367915750998073,19.47428321838379,2983800
2023-01-04,20.041584936249542,20.08590443776419,19.873167787268788,19.988399505615234,2083500
2023-01-05,19.7579335776146,19.81111731086228,19.66042865776019,19.704748153686523,2536400
2023-01-06,19.944078105179255,20.413872553635105,19.802253685019085,20.40500831604004,1310700
2023-01-09,20.475921317702603,20.626609981283345,20.378416391067855,20.39614486694336,1123500
2023-01-10,20.378419739308423,20.431603484992678,20.272052247939914,20.422740936279297,1045300
2023-01-11,20.600017400900636,20.70638656616211,20.546833663610162,20.70638656616211,2204200
2023-01-12,20.98117095157806,21.176179113295106,20.706386339458476,21.122995376586914,6437700
2023-01-13,20.99003392675158,21.30027547180003,20.99003392675158,21.282546997070312,5155000
2023-01-17,21.362323087304546,21.450963768798164,21.335730375652346,21.388914108276367,1625800
2023-01-18,21.637108870276712,21.654837345688147,21.14072339351987,21.149587631225586,1833500
2023-01-19,21.255953942805395,21.380051573235342,21.158450714722324,21.326866149902344,1695500
2023-01-20,21.36232559334962,21.610517501831055,21.282549139714707,21.610517501831055,2490400
2023-01-23,21.50414953235731,21.787798387381493,21.486421056248165,21.761205673217773,1048200
2023-01-24,21.672564977818855,21.84098041563301,21.566195820169554,21.823253631591797,1229600
2023-01-25,21.80552655458871,22.05371845387866,21.761205364943713,22.035991668701172,1446800
2023-01-26,22.160086009072028,22.21326974210329,21.965077860837134,22.177814483642578,1062600
2023-01-27,22.06257998461668,22.186677609714753,21.97394099756416,22.106901168823242,3961200
2023-01-30,21.90303028289049,22.03599216413435,21.867575021057867,21.885303497314453,1161500
2023-01-31,21.81439079251771,22.06258269180766,21.778933840801713,22.035991668701172,1015300
2023-02-01,22.062584404519875,22.355097516162534,21.7966640087286,22.26645851135254,3257700
2023-02-02,22.310773544132527,22.31963778097384,21.97394099756416,22.106901168823242,1346200
2023-02-03,21.8232552264213,22.000534914551746,21.699157584981407,21.743478775024414,1159500
2023-02-06,21.504150830681965,21.58392728730913,21.371190633196907,21.53960609436035,888600
2023-02-07,21.397779479358395,21.787797484189085,21.33573150622906,21.752342224121094,7371500
2023-02-08,21.716883513011837,21.743476223917586,21.539602155000836,21.58392333984375,1181200
2023-02-09,21.89416876160143,21.903031309464556,21.46869376490448,21.521879196166992,10430000
2023-02-10,21.47755545362825,21.486419691119636,21.34459527261829,21.42437171936035,1360200
2023-02-13,21.477555727929442,21.699156596003036,21.468691490324844,21.690292358398438,1449500
2023-02-14,21.450962376587118,21.752339659697206,21.380050174130645,21.654834747314453,4326900
2023-02-15,21.025489197915327,21.22049903869629,20.990033939115413,21.22049903869629,1519500
2023-02-16,21.01662542798997,21.291411720532953,20.963441693266997,21.131858825683594,3434100
2023-02-17,20.883666057665707,21.016626244982,20.80388960713983,20.998899459838867,975000
2023-02-21,20.927984827098545,20.99003279462551,20.777296181384344,20.79502296447754,998600
2023-02-22,20.79502444103371,20.83048139109836,20.644337475300258,20.697521209716797,972700
2023-02-23,20.75070606545742,20.77729877944292,20.475921450329356,20.70638656616211,1402400
2023-02-24,20.280911151822874,20.351823363551325,20.227727415696656,20.316368103027344,4777800
2023-02-27,20.360687915192354,20.467057079764853,20.316368416184112,20.39614486694336,1213700
2023-02-28,20.316367441994167,20.41387236395346,20.254319470085687,20.28091049194336,2653900
2023-03-01,20.422736777149733,20.529104246856303,20.342960329529582,20.467056274414062,1646800
2023-03-02,20.28977412267172,20.502510744573186,20.28090988542411,20.475919723510742,1584800
2023-03-03,20.608879390415265,20.821616007047588,20.546831421899213,20.81275177001953,1179600
2023-03-06,20.635473709860946,20.68865744549417,20.55569726107088,20.6088809967041,1653000
2023-03-07,20.52910409782659,20.52910409782659,20.130221862621497,20.156814575195312,3640200
2023-03-08,20.272048604702242,20.431599813080897,20.227727415696656,20.316368103027344,1024200
2023-03-09,20.39614359440694,20.458191565419447,20.059309336509894,20.077037811279297,1972600
2023-03-10,19.952943991045785,20.05931146961249,19.67815936562112,19.72247886657715,2633700
2023-03-13,19.47428530368355,19.76679840633709,19.438830040985245,19.5983829498291,7719500
2023-03-14,19.83770818159893,19.899757842377465,19.687019529640406,19.873165130615234,2678500
2023-03-15,19.341324182241884,19.48314860759423,19.128587544213364,19.359052658081055,4705900
2023-03-16,19.23495840606138,19.589519500732422,19.217229928657666,19.589519500732422,1867300
2023-03-17,19.54519542686774,19.607245088636553,19.403371009899843,19.47428321838379,1671200
2023-03-20,19.58951679172663,19.74020544745839,19.580652554250594,19.660429000854492,1166000
2023-03-21,19.740206553646594,19.775661814857127,19.616108912708416,19.731342315673828,1723800
2023-03-22,19.775660040425453,20.041582083706146,19.616107152593113,19.624971389770508,1331600
2023-03-23,19.704746600547605,19.855435241772334,19.42996202796613,19.536331176757812,2076600
2023-03-24,19.403370883851363,19.545195299897937,19.30586765449459,19.518604278564453,1473400
2023-03-27,19.571787657386515,19.642699864125294,19.492011213470345,19.624971389770508,2567000
2023-03-28,19.713612253069055,19.828845646759852,19.70474801580973,19.81111717224121,1170500
2023-03-29,19.979536169214143,20.059310930655474,19.926350740679197,19.997262954711914,1160800
2023-03-30,20.263184382461244,20.289775405204526,20.192272170678336,20.25432014465332,1164700
2023-03-31,20.31636843267944,20.396144883503457,20.30750419473449,20.334096908569336,1776500
2023-04-03,20.573421348823373,20.697518969940013,20.52910185671902,20.679790496826172,4179800
2023-04-04,20.564560061840574,20.60001531955846,20.440462433127088,20.520238876342773,3992700
2023-04-05,20.43159932405824,20.51137577167839,20.35182287643809,20.467056274414062,1485400
2023-04-06,20.32523185435167,20.55569695962317,20.26318388190943,20.467056274414062,1437400
2023-04-10,20.254318989325277,20.440462900632376,20.218862040116083,20.431598663330078,2163700
2023-04-11,20.546833023351933,20.644337947579896,20.520240310195085,20.6088809967041,2137400
2023-04-12,20.82161647583036,20.8659376619685,20.67092782432145,20.724111557006836,4003600
2023-04-13,20.83934655878711,21.016626244982,20.81275384505165,20.998899459838867,2775400
2023-04-14,20.96344008396525,21.03435228837897,20.73297499695057,20.79502296447754,2579400
2023-04-17,20.750704473469074,20.81275244399441,20.67979226562863,20.786161422729492,1287400
2023-04-18,20.848210612921633,20.901394349243233,20.812753661586903,20.874801635742188,1433800
2023-04-19,20.795023295963418,20.848208718131755,20.795023295963418,20.81275177001953,615500
2023-04-20,20.821616338392406,20.954576514568426,20.76843260605807,20.830480575561523,862400
2023-04-21,20.67092897005627,20.67979320777522,20.529104547914034,20.6088809967041,2752100
2023-04-24,20.608878295051056,20.679790496826172,20.573421348823373,20.679790496826172,561000
2023-04-25,20.511375132735907,20.529103607361566,20.280910034643544,20.30750274658203,2043700
2023-04-26,20.316368910102106,20.369552648341067,20.19227295731768,20.24545669555664,2112500
2023-04-27,20.298640577015007,20.493650436401367,20.23659260018501,20.493650436401367,4082100
2023-04-28,20.28977456328473,20.520239664686198,20.280910325844626,20.511375427246094,3148200
2023-05-01,20.57342341175175,20.617744598980508,20.422736447215236,20.44932746887207,2487700
2023-05-02,20.342960832052075,20.35182337917951,20.112495721087505,20.25432014465332,1290500
2023-05-03,20.139085323969482,20.298638211902222,20.085901591552027,20.10363006591797,1201100
2023-05-04,20.103631643481734,20.183408093708287,20.032719431133742,20.08590316772461,981700
2023-05-05,20.387279785132666,20.69752133739034,20.378415547561826,20.653200149536133,982600
2023-05-08,20.777296991975945,20.777296991975945,20.63547257761546,20.662063598632812,522500
2023-05-09,20.50251263697026,20.600017565013353,20.48478585151923,20.5379695892334,1002900
2023-05-10,20.74183813421885,20.74183813421885,20.40500560378076,20.600013732910156,1076200
2023-05-11,20.360686467648506,20.369550704956055,20.201135268153827,20.369550704956055,2968500
2023-05-12,20.387280775725124,20.413873489729756,20.1834083737312,20.289775848388672,1675200
2023-05-15,20.42273564960832,20.529103113442332,20.36955022701096,20.520238876342773,2699200
2023-05-16,20.360687762972663,20.387280476587105,20.13022265035567,20.147951126098633,761900
2023-05-17,20.280911151822874,20.351823363551325,20.147950966167084,20.316368103027344,602300
2023-05-18,20.17454605497507,20.2365940362081,20.08590535720759,20.22772979736328,857300
2023-05-19,20.458193633411966,20.475922109973432,20.342961917123592,20.38728141784668,1070700
2023-05-22,20.33409767884286,20.4404651568505,20.33409767884286,20.38728141784668,759000
2023-05-23,20.236590690143448,20.289774423737875,20.12135898557545,20.13908576965332,1083900
2023-05-24,19.908622335346795,19.908622335346795,19.722478406853718,19.74907112121582,774900
2023-05-25,19.616107954397386,19.624972191937104,19.46541929758307,19.554059982299805,1275300
2023-05-26,19.72247647865671,19.88202936786931,19.72247647865671,19.873165130615234,830700
2023-05-30,19.855439060125818,19.86430329845314,19.633838173984504,19.72247886657715,1450900
2023-05-31,19.32359524875218,19.421100172877853,19.217227777597333,19.385644912719727,1595200
2023-06-01,19.527468668656596,19.855436999324695,19.509740193841992,19.828845977783203,1729800
2023-06-02,20.03271908692878,20.156815033735406,20.023854849202525,20.13022232055664,1423100
2023-06-05,20.112497153081343,20.139088177717884,19.988399505615234,19.988399505615234,1066400
2023-06-06,19.952941743572282,20.147949892766164,19.952941743572282,20.12135887145996,1185400
2023-06-07,20.05543580562694,20.163795518687408,19.892898819515043,19.91095733642578,2079100
2023-06-08,20.055437625283176,20.208946228027344,20.037379106733965,20.208946228027344,1318900
2023-06-09,20.227008120888208,20.281187125599512,20.163798995005106,20.190889358520508,1506200
2023-06-12,20.227008968664606,20.28118797564672,20.15476971858193,20.272159576416016,1315800
2023-06-13,20.55208616810543,20.588204931482437,20.46178667618358,20.524995803833008,3235300
2023-06-14,20.660445765800148,20.759775386767547,20.461788246185037,20.59723663330078,1487300
2023-06-15,20.687536807549957,20.985523957861037,20.687536807549957,20.97649383544922,1523000
2023-06-16,21.184177753115588,21.184177753115588,21.039699264610746,21.066789627075195,1936700
2023-06-20,21.084851079083833,21.120969842123703,20.967461223985293,21.030672073364258,1221000
2023-06-21,20.84104121366076,21.03067030117916,20.795892333085586,20.95842933654785,1404900
2023-06-22,20.470813722688668,20.524992720775735,20.407604604533876,20.515962600708008,1532500
2023-06-23,19.929020778597067,20.04641063013911,19.919990657530796,20.010290145874023,1085400
2023-06-26,19.938053238490973,20.06447150360926,19.929023116365425,20.028352737426758,796300
2023-06-27,20.127680232637406,20.236038242060012,20.055439263262993,20.190889358520508,989200
2023-06-28,20.055440169557826,20.136709541457055,20.01029128397807,20.064470291137695,1135200
2023-06-29,20.05544072022315,20.199920947148467,20.04641232071497,20.17283058166504,1057500
2023-06-30,20.29924814708139,20.40760788298263,20.281187904044586,20.362457275390625,3844900
2023-07-03,20.39857831413312,20.497907931207145,20.39857831413312,20.47081756591797,774000
2023-07-05,20.434696117131146,20.45275635980728,20.29021762036115,20.29924774169922,7647400
2023-07-06,19.947082000544697,19.947082000544697,19.69424376522796,19.7935733795166,1332800
2023-07-07,19.739394161006615,20.046411399769028,19.721333918180697,19.956111907958984,1257200
2023-07-10,19.694242275615377,19.883871368339857,19.694242275615377,19.856781005859375,961900
2023-07-11,19.956111951561713,20.136709213256836,19.93805170869633,20.136709213256836,949900
2023-07-12,20.470815017226016,20.624323623446394,20.461784896587243,20.615293502807617,1071200
2023-07-13,21.003580623198335,21.18417787369764,21.003580623198335,21.157089233398438,1377700
2023-07-14,21.211270330678257,21.229330574207257,21.030673062347113,21.039701461791992,1286200
2023-07-17,20.859102368045626,20.967460375097797,20.83201200512285,20.94940185546875,785300
2023-07-18,20.904252096925866,21.093881200423684,20.886191854246164,21.030672073364258,1318300
2023-07-19,20.94940449650231,21.003583506858593,20.886193641713678,20.94037437438965,4512400
2023-07-20,21.075820363025205,21.13902948830099,20.94940211247363,20.96746063232422,1516600
2023-07-21,20.922312073880573,20.922312073880573,20.850072826398772,20.895221710205078,1943400
2023-07-24,20.813953220050657,20.99455220753796,20.7958946991576,20.93134307861328,1659200
2023-07-25,20.985520669456566,21.148059402760225,20.985520669456566,21.1299991607666,1340100
2023-07-26,21.075820563872792,21.265447941507258,21.0667904427017,21.193208694458008,2088600
2023-07-27,21.36477705272026,21.382837294640336,20.958430221115904,20.994550704956055,3084400
2023-07-28,20.922310897298104,20.994550140717475,20.841041533161388,20.88619041442871,1353500
2023-07-31,21.012612235749884,21.157090735333586,21.012612235749884,21.093881607055664,1602000
2023-08-01,20.75977431639078,20.83201356728249,20.66044470054483,20.678504943847656,1516700
2023-08-02,20.335369329926348,20.353429573581966,20.136710094353802,20.17283058166504,1734400
2023-08-03,20.091561207534387,20.290218720787298,20.073500963878768,20.17283058166504,1372300
2023-08-04,20.353429204921216,20.57014695790435,20.28118823160724,20.290218353271484,2821700
2023-08-07,20.35343004940883,20.371488571166992,20.20894981910582,20.371488571166992,1166700
2023-08-08,20.082531485864187,20.245070237364185,19.99223198810645,20.236040115356445,1333100
2023-08-09,20.290218097197002,20.353428948048975,20.19089020478306,20.272159576416016,1167700
2023-08-10,20.470815897302124,20.60626426806811,20.254098159612653,20.26312828063965,1837700
2023-08-11,20.136711160327618,20.227010661066252,20.05544178189482,20.091562271118164,1847300
2023-08-14,19.86581310946424,20.028351855930996,19.79357385795897,19.992231369018555,2195100
2023-08-15,19.91999167206801,19.947082036646556,19.730364286976936,19.748424530029297,2421500
2023-08-16,19.640065596746627,19.757453736745617,19.50461721295713,19.531705856323242,2295400
2023-08-17,19.576857618084794,19.631036630325617,19.342079601948235,19.360139846801758,1978200
2023-08-18,19.25177845775734,19.423347324590896,19.224689815107556,19.378196716308594,1666100
2023-08-21,19.396257107967955,19.450437838321108,19.278868970175353,19.42334747314453,906100
2023-08-22,19.441408342283758,19.450438464299904,19.29692983466479,19.324018478393555,988000
2023-08-23,19.441404850437774,19.66715269333609,19.441404850437774,19.64006233215332,1889000
2023-08-24,19.477526405878077,19.549765657083388,19.287899017333984,19.287899017333984,2482500
2023-08-25,19.441408891191998,19.558797036076868,19.233719523596125,19.4323787689209,2463100
2023-08-28,19.5317055268187,19.622005021928207,19.5317055268187,19.603944778442383,881400
2023-08-29,19.594914224902805,19.974170684814453,19.576853983402387,19.974170684814453,1351300
2023-08-30,20.181861771856795,20.263131150289592,20.05544178189482,20.091562271118164,2121100
2023-08-31,20.15476860460479,20.18185896775832,20.01029011242493,20.055438995361328,1606400
2023-09-01,20.190891894162633,20.227010661066252,19.974174125781747,20.091562271118164,1417600
2023-09-05,19.99222669064133,20.019317049486254,19.90192893913002,19.91095733642578,1172600
2023-09-06,19.82969099950399,19.883871725437988,19.6671539886604,19.73939323425293,1822000
2023-09-07,19.66715269333609,19.712301572988007,19.55879297092438,19.64006233215332,970600
2023-09-08,19.612973910269396,19.69424327953412,19.56782502615323,19.59491539001465,957900
2023-09-11,19.99222669064133,20.028347169101227,19.88386869990007,19.91095733642578,1146100
2023-09-12,19.83872193755302,19.94708167156436,19.83872193755302,19.865812301635742,658300
2023-09-13,19.802603059237637,19.856782064768375,19.71230356847338,19.7755126953125,962200
2023-09-14,20.046411153600822,20.199919771096955,20.01029066839254,20.163799285888672,1625200
2023-09-15,20.199920836138563,20.254099844488046,20.073500853563612,20.082530975341797,1868900
2023-09-18,20.046413716368512,20.046413716368512,19.929023846753807,20.019323348999023,4414900
2023-09-19,20.08252939208471,20.127679997416067,19.965141262862154,20.010290145874023,1128900
2023-09-20,20.073496044856885,20.227004633673012,19.90192893913002,19.91095733642578,1146700
2023-09-21,19.459463052196732,19.49558353318588,19.278865814208984,19.278865814208984,1983900
2023-09-22,19.64006294250666,19.703272064911438,19.52267481837199,19.540733337402344,1239700
2023-09-25,19.44140899668298,19.54976701988471,19.396258385082486,19.52267837524414,1974000
2023-09-26,19.40528478999588,19.486554152988536,19.26983642578125,19.26983642578125,2408200
2023-09-27,19.34207672904903,19.360136971220044,19.062149864676243,19.188568115234375,2527800
2023-09-28,19.31498809779612,19.59491670959001,19.278869332534754,19.531705856323242,1440000
2023-09-29,19.766483487116425,19.775513608841948,19.387226986242432,19.42334747314453,1635800
2023-10-02,19.251777449420885,19.269837691787878,18.971850582010518,19.026029586791992,3044700
2023-10-03,18.836400572500096,18.935728452250512,18.70095048883427,18.773191452026367,1436600
2023-10-04,18.881550567709862,18.8996108095749,18.682893074152854,18.872520446777344,1527200
2023-10-05,18.93572864010368,19.089237243771066,18.917670121445866,19.04408836364746,2369500
2023-10-06,19.044088262634787,19.414314589106617,18.935728539665764,19.34207534790039,1547900
2023-10-09,19.15244884185587,19.405287081277976,19.143420442519005,19.378196716308594,1510100
2023-10-10,19.486557078099807,19.667156072375146,19.468496834208345,19.622005462646484,2457400
2023-10-11,19.676186194320877,19.712304959784152,19.486557078099807,19.622005462646484,1512100
2023-10-12,19.513645881000766,19.513645881000766,19.098268916364773,19.16147804260254,3174900
2023-10-13,19.215657623222498,19.296926987055365,19.044088774873174,19.107297897338867,3411600
2023-10-16,19.233716034206424,19.414315002224647,19.18856715336157,19.405284881591797,843300
2023-10-17,19.26080724072479,19.567824466427368,19.251777119695955,19.486555099487305,1526100
2023-10-18,19.369166645691788,19.38722516512692,19.14341879071785,19.170507431030273,2861400
2023-10-19,19.007969670383414,19.161478288496284,18.90864178030064,18.95379066467285,4194500
2023-10-20,18.782222229378565,18.809312594007324,18.610655087021826,18.628713607788086,2051000
2023-10-23,18.60162774561703,18.818345528078297,18.520358361904076,18.664836883544922,3221500
2023-10-24,18.836404028315425,18.93573192628901,18.7822232959811,18.890583038330078,2631200
2023-10-25,18.74610390899452,18.827373282483773,18.637744170235646,18.646774291992188,3189600
2023-10-26,18.655803715706373,18.719012843317454,18.52035533906555,18.610654830932617,3405900
2023-10-27,18.728039703409923,18.755130062948357,18.475201514675632,18.55647087097168,2951100
2023-10-30,18.7731924418984,18.82737144482986,18.66483271371602,18.7822208404541,2264500
2023-10-31,18.646775132734188,18.737074632051385,18.583565999908057,18.728044509887695,1594500
2023-11-01,18.88154935352947,19.08020683431178,18.84543059444148,19.071178436279297,2164300
2023-11-02,19.360137138694625,19.45946502685547,19.305956411712888,19.45946502685547,2654100
2023-11-03,19.622003232381605,19.748423202933125,19.594914591942995,19.694242477416992,1448800
2023-11-06,19.7123018630003,19.7123018630003,19.558793258678214,19.612972259521484,1580500
2023-11-07,19.36916758442598,19.43237671131103,19.314986856536343,19.387226104736328,2022300
2023-11-08,19.54073679153467,19.58588740289017,19.387228157565396,19.4323787689209,2038300
2023-11-09,19.540736239822007,19.622005615647634,19.31498835637741,19.324018478393555,1435400
2023-11-10,19.233718542027006,19.32401803780997,19.08924003770212,19.305957794189453,1440600
2023-11-13,19.233716034206424,19.4233451228575,19.215657515260126,19.405284881591797,1358700
2023-11-14,19.79357400435117,20.05544064712466,19.79357400435117,20.037382125854492,1561200
2023-11-15,20.073500890714453,20.154770264548894,20.010291760469805,20.037382125854492,1618600
2023-11-16,19.86580995066753,19.947079310978534,19.775510470064265,19.847749710083008,1830800
2023-11-17,19.947080987386176,20.055438995361328,19.910960503181467,20.055438995361328,1545400
2023-11-20,20.046410864410696,20.227008120888208,20.037380743238895,20.190889358520508,1449600
2023-11-21,20.236038533985703,20.281187418176525,20.127680522999924,20.163799285888672,1909800
2023-11-22,20.11865263803567,20.145741282633455,20.00126277037953,20.091562271118164,1781000
2023-11-24,20.15476971858193,20.28118797564672,20.15476971858193,20.272159576416016,731200
2023-11-27,20.10961987331654,20.14573863547414,20.03738062668185,20.100589752197266,1082900
2023-11-28,20.236038324564387,20.389546940471867,20.18185931963219,20.326337814331055,1887200
2023-11-29,20.28118782616286,20.317308312097758,20.16379969151357,20.227008819580078,1299500
2023-11-30,20.24506921176517,20.344398826498693,20.15476971858193,20.272159576416016,1855100
2023-12-01,20.335368645596397,20.723655259527344,20.317308402548544,20.705595016479492,1908300
2023-12-04,20.38051751842743,20.524996018082703,20.344398754673396,20.362457275390625,2620300
2023-12-05,20.16380045983723,20.245069833967882,20.109621451190005,20.17283058166504,2223900
2023-12-06,20.579173818488492,20.60626245686903,20.33536573914768,20.353425979614258,2291300
2023-12-07,20.488878212226137,20.579177709312265,20.362458227377697,20.534027099609375,1609100
2023-12-08,20.488877883026408,20.669475151977313,20.47081763943543,20.606266021728516,1528900
2023-12-11,20.543057622918422,20.59723663330078,20.497908734653066,20.59723663330078,1410200
2023-12-12,20.606266169263744,20.651416778564453,20.515966672981957,20.651416778564453,1504700
2023-12-13,20.841042842170108,21.328659057617188,20.74171323035988,21.328659057617188,2822100
2023-12-14,21.581494231359347,21.753063080529554,21.5453754707716,21.662763595581055,3358100
2023-12-15,21.590523083243667,21.716941321350504,21.50022360360193,21.51828384399414,2618000
2023-12-18,21.76209438120198,21.798213143748093,21.653734648924605,21.671794891357422,1975000
2023-12-19,22.051054106132135,22.18650249654067,22.032993861459072,22.141353607177734,2932000
2023-12-20,22.19478748972789,22.259280156441406,21.83547019958496,21.83547019958496,2448600
2023-12-21,22.167146038713206,22.286919634975263,22.084226397391255,22.277706146240234,2540700
2023-12-22,22.379052367172545,22.41590456416419,22.277705750182303,22.332984924316406,2369900
2023-12-26,22.379053149570307,22.51725196838379,22.305345238423573,22.51725196838379,2216000
2023-12-27,22.517253074321225,22.63702492123063,22.498826095629497,22.627811431884766,1996400
2023-12-28,22.563318252563477,22.72915754244495,22.554104763426352,22.563318252563477,1498700
2023-12-29,22.443546378273954,22.544891244059677,22.332986266070094,22.425119400024414,2594100
2024-01-02,22.3606268700816,22.425119537055707,22.24085326802108,22.25006675720215,3100200
2024-01-03,21.955242667757545,22.11186847306684,21.87232302040007,22.01973533630371,2369100
2024-01-04,21.91839095155192,22.075015003027236,21.90917746194276,21.946029663085938,2256000
2024-01-05,21.853896608081918,22.157934737176078,21.826257896441927,21.927602767944336,2114200
2024-01-08,21.81704434585512,22.09344200524375,21.79861736661762,22.084228515625,1685500
2024-01-09,21.8815356545145,21.9183896106966,21.817042988489185,21.85389518737793,1937200
2024-01-10,21.79861632608545,21.872322482223705,21.780189347727543,21.81704330444336,1986800
2024-01-11,21.835470366158262,21.872322565721383,21.53143225126563,21.798616409301758,2986600
2024-01-12,22.010520067440353,22.07501273077256,21.807828588782957,21.844680786132812,4257300
2024-01-16,21.384017746790228,21.42087170289817,21.20896672715754,21.282672882080078,4221900
2024-01-17,20.997060380573473,21.06155304225847,20.914140742037556,21.052339553833008,6857500
2024-01-18,21.135260737196827,21.255032580895772,21.08919329170234,21.245819091796875,3269800
2024-01-19,21.347164506597718,21.448511123657227,21.236604400960683,21.448511123657227,4500400
2024-01-22,21.466936343519013,21.577496449156047,21.393230192192078,21.448511123657227,2336800
2024-01-23,21.605137551122752,21.66963021577136,21.50379093107876,21.632776260375977,2289500
2024-01-24,21.927598859058097,21.936812347060155,21.641987760166888,21.651201248168945,4093700
2024-01-25,21.835468537466575,21.835468537466575,21.6788427485304,21.780187606811523,3364300
2024-01-26,21.853894507322998,21.909175439875895,21.770974865786947,21.826255798339844,2636100
2024-01-29,21.844684762939995,22.01973756477654,21.78019208786695,21.982885360717773,2446500
2024-01-30,21.844683118437434,21.936816257588823,21.743338246935025,21.927602767944336,2710900
2024-01-31,22.093441356434635,22.157934024578488,21.734124058322646,21.761764526367188,4753500
2024-02-01,21.632776640124423,21.881535571530115,21.60513793038602,21.87232208251953,3476600
2024-02-02,21.80783029961727,21.817043789000856,21.632777515915972,21.743337631225586,3064000
2024-02-05,21.568284392877107,21.577497882066478,21.38401812367645,21.522218704223633,2695000
2024-02-06,21.559073918504165,21.770978927612305,21.53143520436444,21.770978927612305,3063600
2024-02-07,21.697269439697266,21.734123395966847,21.632776773518852,21.697269439697266,2331700
2024-02-08,21.6604184684182,21.67884544759742,21.56828532981556,21.669631958007812,1840100
2024-02-09,21.724911245253814,21.79861740504026,21.632778106197385,21.789403915405273,1832000
2024-02-12,21.67884753742172,21.85389858461873,21.67884753742172,21.770978927612305,1541800
2024-02-13,21.310312243623876,21.31952573293265,21.01548761491678,21.1721134185791,3438600
2024-02-14,21.402446008647143,21.53143310546875,21.374807297201652,21.53143310546875,4489700
2024-02-15,21.688054697388953,21.890746156855847,21.688054697388953,21.881532669067383,3283000
2024-02-16,21.780188040932323,21.98288127612111,21.752549332347144,21.863107681274414,1937800
2024-02-20,22.010517983519666,22.0289449590966,21.81704001184124,21.881532669067383,2050200
2024-02-21,21.807832889523436,21.826259870479003,21.669634046943937,21.770978927612305,1888800
2024-02-22,21.881538724292362,22.00131058410036,21.844684762939995,21.982885360717773,1695800
2024-02-23,22.056586387426215,22.084225094707676,21.992093727378553,22.028945922851562,1138600
2024-02-26,22.010521334836895,22.028948313219512,21.89074948993664,21.955242156982422,1443300
2024-02-27,22.065801305556807,22.1210804809952,22.03816083919096,22.10265350341797,1924100
2024-02-28,21.798615100122174,21.86310776345438,21.78940161146139,21.844680786132812,1473600
2024-02-29,22.038162231445312,22.1118683891173,21.927602116290625,22.038162231445312,1697800
2024-03-01,22.12108125805137,22.296134036597614,22.019734635109856,22.28692054748535,1630500
2024-03-04,22.130294799804688,22.17636048818221,22.102654332402153,22.130294799804688,1297800
2024-03-05,22.130294285630853,22.222427417538647,22.001307198042614,22.0658016204834,1491100
2024-03-06,22.434333717481223,22.572532544868672,22.415906738551318,22.452760696411133,1806800
2024-03-07,22.82129005749072,22.85814225574622,22.76600912416749,22.812076568603516,1784200
2024-03-08,23.033195950846004,23.070049907868185,22.78443701282645,22.821290969848633,1848100
2024-03-11,22.388265953956008,22.50803955801536,22.34220026457528,22.489612579345703,2327800
2024-03-12,22.397479443290834,22.498826068680533,22.314559796570794,22.489612579345703,1612500
2024-03-13,22.563317689145606,22.710729997071873,22.563317689145606,22.65545082092285,4396100
2024-03-14,22.489613447361382,22.498826937051817,22.121082646211395,22.222429275512695,3472100
2024-03-15,22.19478838083891,22.20400187035267,22.05658955271942,22.139509201049805,2238000
2024-03-18,22.26849513577962,22.277708625540022,22.157935015948286,22.185575485229492,1436600
2024-03-19,22.10265566683053,22.259281476980956,22.065803465362265,22.222429275512695,1479500
2024-03-20,22.13950591466125,22.51725014218577,22.111865450222925,22.498823165893555,1983700
2024-03-21,22.572529313769238,22.609383266353667,22.489609677747445,22.498823165893555,1192900
2024-03-22,22.415906394778823,22.452760352073444,22.342200237482988,22.35141372680664,2611100
2024-03-25,22.46197151605396,22.590958606029723,22.443546295166016,22.443546295166016,1645400
2024-03-26,22.526466425278894,22.526466425278894,22.36062713265898,22.369840621948242,3471900
2024-03-27,22.508037132906214,22.729155581237634,22.508037132906214,22.719942092895508,1383200
2024-03-28,22.637022455109573,22.76600777731293,22.637022455109573,22.719942092895508,2922000
2024-04-01,22.719944484227938,22.793650641429505,22.54489170188918,22.646238327026367,2192900
2024-04-02,22.517251489316294,22.609384618996202,22.480397534527015,22.590957641601562,2253400
2024-04-03,22.379053264614818,22.65545090366266,22.379053264614818,22.63702392578125,2314200
2024-04-04,22.89499529850728,22.89499529850728,22.48039710157904,22.508037567138672,2183100
2024-04-05,22.554105274411267,22.71073107870413,22.45276040619359,22.627811431884766,2634000
2024-04-08,22.71994383433405,22.80286347847561,22.673878146385782,22.756797790527344,1146200
2024-04-09,22.941062331077852,22.977916287321694,22.71994386549487,22.894996643066406,3558200
2024-04-10,22.47118640525357,22.544892565277824,22.27770839417496,22.37905502319336,3813200
2024-04-11,22.471184091491775,22.508038046355942,22.213213436615767,22.4343318939209,4704200
2024-04-12,22.24085381015917,22.32377345751664,21.98288313597451,22.01973533630371,2882300
2024-04-15,22.259278905732558,22.259278905732558,21.798615018184627,21.863107681274414,3021400
2024-04-16,21.503790462561806,21.540642659860954,21.328737692834345,21.411657333374023,3535900
2024-04-17,21.74333437089638,21.7617613469005,21.52221593072643,21.651201248168945,3551100
2024-04-18,21.632775389466307,21.68805632033384,21.457724380265518,21.466936111450195,2218100
2024-04-19,21.531432193413004,21.632777059909323,21.457726037191417,21.522218704223633,2785900
2024-04-22,21.651205085467364,21.872323564826708,21.623564616562398,21.789403915405273,1742600
2024-04-23,21.817046049219318,22.028951055114636,21.76176686448437,21.982885360717773,1187000
2024-04-24,21.92760134244877,21.94602832053982,21.75255032246387,21.85389518737793,1328900
2024-04-25,21.522219240745127,21.770976425885816,21.45772657210519,21.724910736083984,2271500
2024-04-26,21.79861601039814,21.8815356545145,21.715696366281772,21.85389518737793,2357100
2024-04-29,21.98288205995243,22.056588214296468,21.927601126224403,22.047374725341797,1130900
2024-04-30,21.85389755156863,21.899965001779904,21.503793716430664,21.503793716430664,2298700
2024-05-01,21.51300589263687,21.853896216913828,21.448513223573304,21.54985809326172,3517800
2024-05-02,21.79861734392632,22.019735822665744,21.651205024766703,21.946029663085938,2433300
2024-05-03,22.29613320617505,22.406691556817698,22.130293922917776,22.259279251098633,2088600
2024-05-06,22.452757482456196,22.55410233747702,22.443543994310087,22.498823165893555,1216900
2024-05-07,22.719945079866307,22.766010770339946,22.62781194162558,22.692304611206055,1542100
2024-05-08,22.489611105175218,22.581744235190854,22.471184127713432,22.57253074645996,1593700
2024-05-09,22.397478962682,22.563318252563477,22.397478962682,22.563318252563477,4133600
2024-05-10,22.63702349290575,22.655450470434793,22.52646514231809,22.55410385131836,1787300
2024-05-13,22.683090771281474,22.710729480080147,22.554103686812287,22.590957641601562,1646900
2024-05-14,22.627808966767443,22.719942092895508,22.609383747376405,22.719942092895508,1042200
2024-05-15,22.867356124528396,23.05162239074707,22.7199438144708,23.05162239074707,1394200
2024-05-16,23.180607920359396,23.22667360866014,23.12532874293983,23.15296745300293,1298200
2024-05-17,23.079261641327488,23.254314422607422,23.03319595234016,23.254314422607422,1020900
2024-05-20,23.152965859365082,23.226672009949034,23.09768668575043,23.116113662719727,1071400
2024-05-21,23.12532988730557,23.208249536184912,23.10690290815606,23.143756866455078,1812200
2024-05-22,22.98712806550613,22.98712806550613,22.646236024795797,22.701515197753906,6066100
2024-05-23,22.987128952883687,22.996340684321286,22.49882459390611,22.57253074645996,1785300
2024-05-24,22.62781145865917,22.793650752494123,22.62781145865917,22.766010284423828,1033900
2024-05-28,22.885783608798576,22.885783608798576,22.618597692601195,22.68309211730957,1557800
2024-05-29,22.388266329035442,22.39747981852463,22.286921459241285,22.29613494873047,1895400
2024-05-30,22.48039710157904,22.6001706950442,22.44354490479278,22.508037567138672,1473100
2024-05-31,22.683092795083038,22.71994499586701,22.461972561205435,22.710731506347656,1316200
2024-06-03,22.86735634191106,22.93184900851267,22.719944030452123,22.858142852783203,2169000
2024-06-04,22.69230452730895,22.738371974905718,22.58174616766359,22.710731506347656,2205700
2024-06-05,22.90420956920842,22.98712921142578,22.75679726244273,22.98712921142578,829300
2024-06-06,22.941063693735895,23.143756950529927,22.93185020412767,23.125329971313477,1585700
2024-06-07,22.9410639012889,23.01477006152808,22.784438091118965,22.793651580810547,1097300
2024-06-10,22.692303877564388,22.876570148088515,22.646238188580053,22.821290969848633,712700
2024-06-11,22.538618457774156,22.613747114318397,22.416535062592935,22.585573196411133,1090700
2024-06-12,23.083300782820412,23.13025551966185,22.87669743302634,22.914260864257812,1718500
2024-06-13,22.867307286563676,22.867307286563676,22.63253000803881,22.782787322998047,797400
2024-06-14,22.47287921991594,22.632527825566143,22.43531399919433,22.623136520385742,892100
2024-06-17,22.529226583335028,22.726440421292743,22.454097928686476,22.688875198364258,2993300
2024-06-18,22.820352926091743,22.980001562317778,22.80157210334236,22.94243812561035,1222600
2024-06-20,22.96122014938797,23.026957505342786,22.867308873220257,22.970609664916992,1108600
2024-06-21,22.91426145129441,22.933044062995535,22.82974148984781,22.886089324951172,1264800
2024-06-24,22.92365492243744,23.073912247822335,22.92365492243744,22.970609664916992,2609000
2024-06-25,23.04573917093026,23.064519992424447,22.942436592273825,23.02695655822754,1980600
2024-06-26,22.801568976426648,22.85791501936504,22.69826640503258,22.76400375366211,6328200
2024-06-27,22.942437535912706,22.99878358512989,22.895481002224546,22.970609664916992,1151000
2024-06-28,22.989392869296797,23.083304147878344,22.839135540049785,22.94243812561035,4620000
2024-07-01,22.970607968407315,23.111475767859304,22.820350654119775,22.8579158782959,988700
2024-07-02,22.764004507968856,22.93304443359375,22.735830589961886,22.93304443359375,937000
2024-07-03,23.130256565431758,23.3368617157753,23.120867050605664,23.280515670776367,568600
2024-07-05,23.44955360206958,23.45894490802257,23.214776326870297,23.43077278137207,896700
2024-07-08,23.374424178013445,23.402598094947145,23.21477556447262,23.224166870117188,8202200
2024-07-09,23.280514712736622,23.30868683847251,23.167820836167863,23.26173210144043,1562300
2024-07-10,23.49651124426876,23.61859464502066,23.468337325075915,23.609203338623047,1328400
2024-07-11,23.77824317218627,23.843980525486845,23.712505818885695,23.72189712524414,1651200
2024-07-12,24.003627199773078,24.20084103485071,23.994235894178104,24.069364547729492,2653100
2024-07-15,24.11632272737818,24.125714033616344,23.966065409984612,23.984848022460938,1383700
2024-07-16,23.843978693434412,24.041192529391747,23.80641526209536,24.031801223754883,1707000
2024-07-17,23.909715279301967,24.03180045748,23.85336923848583,23.862760543823242,1614100
2024-07-18,23.937890559078465,23.975455782568243,23.534073362605547,23.581029891967773,1642700
2024-07-19,23.51529274374049,23.581030094202937,23.393207557560125,23.43077278137207,1347100
2024-07-22,23.449553501194398,23.51529264258251,23.38381615101474,23.505901336669922,1127300
2024-07-23,23.40259789740878,23.458943939592164,23.37442398071289,23.37442398071289,1012900
2024-07-24,23.242951820453047,23.318080481961726,22.961219787597656,22.961219787597656,1899800
2024-07-25,22.764004132210626,23.130256104213313,22.735830214668713,22.84852409362793,1600200
2024-07-26,23.13025523400469,23.23355780323014,23.073909192249157,23.17721176147461,1051700
2024-07-29,23.12086543416053,23.12086543416053,22.93304290901733,23.017562866210938,802900
2024-07-30,23.149039272009453,23.214776623311334,23.083301920707576,23.167821884155273,1105100
2024-07-31,23.411989591719266,23.62798424968239,23.336860937157812,23.496509552001953,1701700
2024-08-01,23.36503619241433,23.42138403428845,22.79218079636334,22.94243812561035,3046800
2024-08-02,22.773394400780475,22.792177011619575,22.322622487892144,22.55739974975586,2008300
2024-08-05,21.59950846119938,21.99393433953049,21.552553724506218,21.796720504760742,3649400
2024-08-06,21.871852461435868,22.341407025662054,21.834287236517685,22.172367095947266,1909400
2024-08-07,22.50105336486367,22.55740120100617,22.07845534104578,22.125410079956055,1263600
2024-08-08,22.425923643840758,22.707657437560417,22.36957760158018,22.64192008972168,1002400
2024-08-09,22.69826689015953,22.839132896120432,22.59496431655759,22.81096076965332,1050800
2024-08-12,22.764004232441422,22.84852419423087,22.68887557654063,22.773395538330078,1244900
2024-08-13,22.857914056743304,23.158428661370305,22.857914056743304,23.1302547454834,1431600
2024-08-14,22.98000002055535,23.036347858649012,22.91426266732128,22.989391326904297,887400
2024-08-15,23.12086667496309,23.299296113095522,23.10208406319911,23.195995330810547,646200
2024-08-16,23.224167632823285,23.440162296116597,23.224167632823285,23.43077278137207,866600
2024-08-19,23.665549922136492,23.909716710693285,23.665549922136492,23.853370666503906,840800
2024-08-20,23.82519970397849,23.8345892191284,23.693723206168805,23.72189712524414,727100
2024-08-21,23.919106498622494,24.04119167636149,23.86276045800898,23.975454330444336,1120300
2024-08-22,23.97545750652733,23.984848813075057,23.703114990268926,23.73128890991211,1230000
2024-08-23,23.96606677366249,24.351101395293178,23.928501546572363,24.322927474975586,1529900
2024-08-26,24.388665423256857,24.416839344258428,24.266582014667375,24.294755935668945,762800
2024-08-27,24.163278949558258,24.2665815333062,24.13510682032418,24.247798919677734,687100
2024-08-28,24.28536091341211,24.332315650022775,24.09753838455269,24.219623565673828,1038300
2024-08-29,24.360492011749997,24.557704074758803,24.29475465741373,24.46379280090332,1048100
2024-08-30,24.360493293463946,24.39805673025738,24.097542071075278,24.294755935668945,1301900
2024-09-03,24.23840418907325,24.27596941102392,23.86276092560843,23.947280883789062,1606000
2024-09-04,23.81580665715721,24.04119261966303,23.81580665715721,23.91910743713379,799900
2024-09-05,24.05997466088528,24.116320702374463,23.87215213431018,24.022409439086914,1326100
2024-09-06,24.069367693464606,24.16327897047963,23.54346704987255,23.590423583984375,2383300
2024-09-09,23.881544383845448,24.088147738278813,23.853370466382902,24.00362777709961,1265100
2024-09-10,23.966065033922224,23.97545634001302,23.73128775527771,23.900327682495117,1042300
2024-09-11,23.853370949277416,24.069365613904285,23.534073709738355,24.05058479309082,1347900
2024-09-12,24.219625996571057,24.473184107409725,24.125714722715575,24.46379280090332,1395000
2024-09-13,24.426228992751835,24.510748958809092,24.341709026694573,24.3792724609375,1016600
2024-09-16,24.6046574556237,24.75491475806224,24.52952880440443,24.74552345275879,1203200
2024-09-17,24.77369817373191,24.792480786307216,24.52953137508697,24.604660034179688,1191200
2024-09-18,24.726741025136228,24.98969220195375,24.5201376805564,24.557701110839844,1263800
2024-09-19,25.24325286136157,25.262035474026536,24.999086061551107,25.186906814575195,2163100
2024-09-20,24.999086960214054,24.999086960214054,24.773699182549297,24.895784378051758,1180400
2024-09-23,24.952129260670773,25.055431838004996,24.914565826954654,25.027257919311523,753500
2024-09-24,25.083601286725244,25.252641198416704,25.008472636107744,25.243249893188477,2549500
2024-09-25,25.121167096793975,25.13994970769093,24.811261181827653,24.83004379272461,1159400
2024-09-26,25.26203288676805,25.402898884911195,25.186904235011152,25.327770233154297,1883500
2024-09-27,25.44046591996131,25.524985883114013,25.3559459568086,25.40290069580078,3081900
2024-09-30,25.571939675002195,25.571939675002195,25.29020766906662,25.459247589111328,1880900
2024-10-01,25.412291251216523,25.412291251216523,25.102385325880043,25.271425247192383,2186600
2024-10-02,25.28081607369381,25.384118643917084,25.15873268350953,25.262033462524414,1054900
2024-10-03,25.03665017708847,25.092996225408402,24.91456677386053,25.00847625732422,1222600
2024-10-04,24.848825454711914,24.9051732893128,24.745524673693804,24.848825454711914,3246100
2024-10-07,24.830044370555513,24.886390413349268,24.651613145298803,24.764307022094727,933500
2024-10-08,24.67978525446914,24.736131293135468,24.55770008094911,24.689176559448242,1200000
2024-10-09,24.491963191739426,24.70795783664158,24.482571886586072,24.623437881469727,1568300
2024-10-10,24.576484006294105,24.726741311585258,24.491964048166786,24.717350006103516,1430100
2024-10-11,24.698568153053408,24.942736729446313,24.698568153053408,24.886390686035156,1918200
2024-10-14,24.72674349622656,24.93334686145349,24.707960883603604,24.914566040039062,1515500
2024-10-15,24.914564330350352,24.96151906747708,24.726741799426616,24.764307022094727,2009600
2024-10-16,24.858216760478726,24.93334541540482,24.83943594015352,24.848825454711914,893200
2024-10-17,24.952128026938446,24.98030194423889,24.83943594015352,24.848825454711914,872500
2024-10-18,24.942737579345703,24.98969410979535,24.848826309654896,24.942737579345703,552400
2024-10-21,24.81126184139431,24.87699919007281,24.557701961170018,24.61404800415039,756400
2024-10-22,24.491965189213335,24.557702539439777,24.407445227148347,24.548311233520508,1895400
2024-10-23,24.304144016240258,24.351100548469972,24.11632326094706,24.26658058166504,1618500
2024-10-24,24.463793865222655,24.463793865222655,24.219627050267697,24.407447814941406,771800
2024-10-25,24.473181651063147,24.473181651063147,24.18205834341859,24.219623565673828,1275800
2024-10-28,24.247798812003953,24.398056137947215,24.23840750523142,24.322927474975586,963600
2024-10-29,24.18205880492443,24.257187459660326,24.116321455931576,24.153884887695312,1044900
2024-10-30,23.928498175799366,24.20084066021242,23.928498175799366,24.022409439086914,1214500
2024-10-31,23.87215290692768,23.89093551843476,23.571638287648117,23.806415557861328,927600
2024-11-01,24.059976303621728,24.163277088203543,23.89093637640432,23.900327682495117,1235000
2024-11-04,24.041193100914754,24.144493882959186,23.89093578956972,23.928499221801758,943400
2024-11-05,24.116324685076325,24.294755935668945,24.097542071075278,24.294755935668945,866000
2024-11-06,23.966063671074142,24.17266701969761,23.797023753469315,24.144493103027344,1151500
2024-11-07,24.614046769750203,24.867606637258405,24.595265950504213,24.85821533203125,1609300
2024-11-08,24.529532645816527,24.548313468156238,24.238407509443327,24.360492706298828,1760800
2024-11-11,24.435620889730995,24.454403502910708,24.2947548733003,24.35110092163086,1257200
2024-11-12,24.172666841867954,24.229012883585586,23.825197494866135,23.947280883789062,1614600
2024-11-13,24.04119262832823,24.05058393400374,23.815806665741174,23.95667266845703,918600
2024-11-14,24.182059005278862,24.24779635481637,23.975455650845497,24.00362777709961,1569400
2024-11-15,24.07875691261596,24.097539524632207,23.956673516927317,24.013019561767578,1454600
2024-11-18,24.11632315685871,24.37927257137598,24.08814923764248,24.34170913696289,1797300
2024-11-19,24.304142653244817,24.614048583746953,24.23840530301837,24.548311233520508,1208500
2024-11-20,24.379271510930987,24.41683673491862,24.229014197397397,24.398054122924805,1020100
2024-11-21,24.510746755958614,24.698567492710346,24.426226797497403,24.642221450805664,900800
2024-11-22,24.604657922739335,24.726741311585258,24.567092700812363,24.717350006103516,1610800
2024-11-25,24.820652575194323,24.84882470043118,24.614047437012708,24.717350006103516,1679200
2024-11-26,24.491966826414412,24.491966826414412,24.30414427789062,24.38866424560547,1115300
2024-11-27,24.58587588677238,24.698567972772125,24.55770196966824,24.651613235473633,1328100
2024-11-29,24.65161209566447,24.82065200805664,24.64222079039731,24.82065200805664,2025200
2024-12-02,24.726741320970834,24.783087362674312,24.548310099166724,24.754915237426758,1629300
2024-12-03,24.736131293135468,24.801868636780895,24.63282872957364,24.689176559448242,1745400
2024-12-04,24.491964711380714,24.567093366060686,24.454401279644937,24.53891944885254,1551200
2024-12-05,24.491964819100577,24.54831086255627,24.39805355253547,24.50135612487793,1418800
2024-12-06,24.34170657122434,24.360489182055375,23.90032596394512,24.135103225708008,1855400
2024-12-09,24.576487280171097,24.651615942824694,24.416838648131126,24.43562126159668,2085300
2024-12-10,24.135103313273646,24.135103313273646,24.00362682818773,24.022409439086914,1985000
2024-12-11,23.994235894178104,24.10692977010938,23.95667246300661,24.069364547729492,1804900
2024-12-12,23.815807545877867,23.919108329709264,23.665550231933594,23.665550231933594,1770000
2024-12-13,23.778241458671662,23.778241458671662,23.571638107299805,23.571638107299805,1288300
2024-12-16,23.674941171609152,23.73128901113587,23.59042299473624,23.618595123291016,1144300
2024-12-17,23.682573318481445,23.78761757654076,23.65392620912583,23.682573318481445,1521600
2024-12-18,23.644378654361752,23.663477943224976,22.832677091759233,22.89952278137207,1063100
2024-12-19,22.889972273228924,22.93772049358528,22.698984856028588,22.75628089904785,2033100
2024-12-20,22.50799680478285,22.94727134819254,22.47934969246618,22.698986053466797,1895000
2024-12-23,22.870875266100576,23.052313042875756,22.71808460070653,23.014116287231445,1136100
2024-12-24,23.080960672709576,23.14780635736988,22.928170015940797,23.109609603881836,609700
2024-12-26,23.10960912290513,23.25285013296857,23.071410548803804,23.224201202392578,886300
2024-12-27,23.01411448287133,23.071410522549858,22.870873472970892,22.975915908813477,958100
2024-12-30,22.918621619498975,23.004566596284768,22.72763237743979,22.889972686767578,1033100
2024-12-31,22.794480827499083,22.88997363105969,22.708535847167756,22.784931182861328,1608500
2025-01-02,22.975918869545346,23.014117448525564,22.727633570399423,22.832677841186523,1432300
2025-01-03,23.109609603881836,23.14780635736988,22.956818947113053,23.109609603881836,853000
2025-01-06,23.357893022420036,23.415190884684453,23.166905612430217,23.23375129699707,1008100
2025-01-07,23.453388498180402,23.50113671848506,23.10961041902869,23.128707885742188,896900
2025-01-08,23.21465145604674,23.291046782502765,23.0905097335838,23.262399673461914,2924900
2025-01-10,23.023666487779504,23.023666487779504,22.718085149608125,22.7371826171875,1394200
2025-01-13,22.5939427394174,22.81357910970031,22.574843449460136,22.80402946472168,1142100
2025-01-14,22.842226736190845,22.928171714666902,22.727632824419956,22.89952278137207,785800
2025-01-15,23.300595973938027,23.319695260533557,23.157354967287993,23.252849578857422,628600
2025-01-16,23.18600489985169,23.338795556406865,23.13825668129801,23.23375129699707,948200
2025-01-17,23.128706880310943,23.329245754056124,23.119157236665146,23.14780616760254,1302900
2025-01-21,23.510685198122943,23.70167260565737,23.472486623771093,23.682573318481445,1014300
2025-01-22,23.74942258375872,23.74942258375872,23.55843334066106,23.596630096435547,701900
2025-01-23,23.50113529422217,23.67302523408499,23.462936720293428,23.63482666015625,584800
2025-01-24,23.77806899307124,23.883113255813832,23.739872238424706,23.78761863708496,584100
2025-01-27,23.577530229008193,23.749420166015625,23.577530229008193,23.749420166015625,969900
2025-01-28,23.644378105943883,23.67302703857422,23.47248815297866,23.67302703857422,499600
2025-01-29,23.56798373464798,23.663478359234468,23.44384017626301,23.52978515625,836500
2025-01-30,23.844914574689234,23.96905812491225,23.70167355793128,23.825817108154297,824500
2025-01-31,23.77806917264106,23.930859835197772,23.501136779785156,23.501136779785156,1409800
2025-02-03,23.176456564653268,23.520234650607527,23.128708343403787,23.38654327392578,1701900
2025-02-04,23.434290951514395,23.71122334270312,23.434290951514395,23.663476943969727,1078900
2025-02-05,23.758968409733466,23.921308706299445,23.73032130066246,23.88311195373535,2555700
2025-02-06,23.997705459594727,24.064552968020692,23.91176230586379,23.997705459594727,1129400
2025-02-07,24.026353257753158,24.08364929800558,23.739871235082774,23.806716918945312,1789700
2025-02-10,24.00725529515077,24.035904227561847,23.930859963462947,23.959508895874023,1322900
2025-02-11,23.80671797458793,23.96905828034188,23.77806904248722,23.911762237548828,1283000
2025-02-12,23.94995910943024,24.27463972252638,23.892663066356914,24.121849060058594,3585900
2025-02-13,24.15049841129874,24.513375785603387,24.121849478560847,24.503826141357422,1973600
2025-02-14,24.43697969394736,24.475176448336295,24.284189033574933,24.322385787963867,1962000
2025-02-18,24.236442458597736,24.30328997077948,24.179146412421854,24.274641036987305,2789400
2025-02-19,23.835365085280277,23.940409348241175,23.77806904248722,23.911762237548828,1664100
2025-02-20,23.902212852460252,23.978608184148076,23.80671823249838,23.959508895874023,1124300
2025-02-21,23.778070300073885,23.778070300073885,23.386543981032112,23.44384002685547,2563900
2025-02-24,23.64437670023936,23.673025631166457,23.443837826566227,23.520233154296875,1709000
2025-02-25,23.52978272556435,23.548882012790333,23.262399990033657,23.434289932250977,1846100
2025-02-26,23.348346259744716,23.577532254978717,23.310147683168193,23.338796615600586,2909200
2025-02-27,23.28149960445647,23.28149960445647,22.97591826627229,22.9854679107666,3046600
2025-02-28,22.81357635179438,22.93771990010049,22.66078569342403,22.90907096862793,2518100
2025-03-03,23.21465247839481,23.262400697912764,22.698984457459265,22.870874404907227,3673400
2025-03-04,22.765830696764986,23.119158422744807,22.52709505759707,22.842226028442383,2987400
2025-03-05,23.023664309705193,23.376992015512336,23.014114666114693,23.31014633178711,2458400
2025-03-06,23.033213959615704,23.224201367253293,22.92816970149965,22.937719345092773,2257500
2025-03-07,22.565292362623456,22.88042334114817,22.50799631782126,22.81357765197754,6270400
2025-03-10,22.56529077656114,22.613038995047212,22.154667026030705,22.36475372314453,2132200
2025-03-11,22.336106094865297,22.412501427490675,22.059173697126454,22.26926040649414,2190700
2025-03-12,22.25016066782863,22.317008176255754,22.05917325083338,22.25971031188965,2104100
2025-03-13,22.00187592885745,22.126017651617314,21.935028424316325,21.982776641845703,1537400
2025-03-14,22.18331384570542,22.44114875793457,22.135567449251848,22.44114875793457,1587000
2025-03-17,22.527094801580883,22.813576836763215,22.527094801580883,22.794479370117188,1378800
2025-03-18,22.498445545498033,22.51754483327737,22.307458131929685,22.374303817749023,2217700
2025-03-19,22.36475429384312,22.708534190082144,22.317007895546965,22.58439064025879,2477200
2025-03-20,22.31700837820587,22.56529184040562,22.297909089911002,22.469799041748047,2190400
2025-03-21,22.326555598300686,22.38385346163869,22.221513158331014,22.374303817749023,1791300
2025-03-24,22.57484134141133,22.64168702861113,22.507995654211527,22.632139205932617,1394900
2025-03-25,22.765831550669233,22.804028307236432,22.679886571632476,22.7371826171875,1280800
2025-03-26,22.842224355183195,22.88042110751968,22.55574233773069,22.641685485839844,1763200
2025-03-27,22.63213946468589,22.74673155222186,22.565291955313448,22.679885864257812,1189100
2025-03-28,22.72763134151788,22.72763134151788,22.4029507376612,22.412500381469727,1790900
2025-03-31,22.126018986365807,22.422050667272973,22.001877256117115,22.383853912353516,1763700
2025-04-01,22.49844447711359,22.69898334645694,22.36475311182352,22.641685485839844,2129200
2025-04-02,22.555744539663444,22.823127296345977,22.546194895295006,22.81357765197754,1588700
2025-04-03,22.54619538541182,22.632140365187627,22.183316177156534,22.202415466308594,3907400
2025-04-04,20.90369211360916,20.98008744576501,19.958299195152343,20.19703483581543,6571600
2025-04-07,19.90100142779854,20.779548582205685,19.58587048227251,19.910551071166992,9757900
2025-04-08,20.96098874707907,20.970536569305164,19.68136564260508,19.88190269470215,4164200
2025-04-09,20.2829785667133,21.877732621274973,20.1015389809561,21.782238006591797,5566700
2025-04-10,21.333416435766882,21.486207096070718,20.827296235130213,21.342966079711914,2943700
2025-04-11,21.333417742473554,21.82998832958095,21.21882382952244,21.744043350219727,2266200
2025-04-14,22.126020024426555,22.345656384390864,22.030525400535154,22.24061393737793,3016500
2025-04-15,22.307458877563477,22.4793488305063,22.25971065651914,22.307458877563477,1226500
2025-04-16,22.479347626102804,22.63213828244164,22.269259107580684,22.36475372314453,1106100
2025-04-17,22.431600169686703,22.679885450024397,22.40295123762177,22.546194076538086,2614100
2025-04-21,22.603490069267465,22.603490069267465,22.211963772287756,22.42205047607422,1833300
2025-04-22,22.77538015036567,23.09051111857465,22.75628086225401,22.880422592163086,1492100
2025-04-23,23.13825741128373,23.2719506060436,22.832676088532633,22.918621063232422,1680900
2025-04-24,23.195554855549116,23.434290487303677,23.16690592403157,23.405641555786133,1018300
2025-04-25,23.25285089717588,23.424740843464495,23.224201965658335,23.405641555786133,2327500
2025-04-28,23.224204304538,23.42474320254017,23.224204304538,23.415193557739258,1362500
2025-04-29,23.405643270109383,23.48203860501001,23.319698290670118,23.44384002685547,463100
2025-04-30,23.376993932433773,23.615729577547867,23.20510397652628,23.558433532714844,1885300
2025-05-01,23.577531919538927,23.63482796218018,23.453388368839807,23.53933334350586,1107800
2025-05-02,24.150498251426683,24.24599105043738,24.064553275190345,24.16959571838379,1185100
2025-05-05,23.969056017570686,23.97860566070273,23.864011764526367,23.864011764526367,1134200
2025-05-06,23.835363548105004,23.978606377962254,23.80671643926015,23.921308517456055,1310400
2025-05-07,23.85446341933253,23.90221163759077,23.67302565417606,23.768518447875977,1255600
2025-05-08,23.816267866348447,23.84491497733877,23.6634772030388,23.711223602294922,1172700
2025-05-09,23.921308706299445,23.94995763677871,23.835363736269912,23.88311195373535,821000
2025-05-12,24.03590438107054,24.045454025268555,23.89266336091709,24.045454025268555,1549700
2025-05-13,24.13140001084336,24.34148672776058,24.11230072164858,24.274641036987305,1784200
2025-05-14,24.19824570335668,24.236442460340527,23.9690596972282,24.026355743408203,1687000
2025-05-15,24.26508945189872,24.475176152015198,24.188694122637425,24.398780822753906,857500
2025-05-16,24.245990457777655,24.322385787963867,24.14094801715183,24.322385787963867,1820600
2025-05-19,24.23644022879869,24.503824788700364,24.23644022879869,24.475175857543945,975400
2025-05-20,24.341484488297258,24.475175857543945,24.341484488297258,24.475175857543945,1223500
2025-05-21,24.47517573154145,24.59931927783852,24.23644010402525,24.26508903503418,1687500
2025-05-22,24.217342638094255,24.370133293991962,24.188693707085324,24.26508903503418,1377500
2025-05-23,24.1886928385809,24.551570177956627,24.1886928385809,24.494274139404297,1181200
2025-05-27,24.627971346278876,24.761662731868643,24.59932241162027,24.70436668395996,734400
2025-05-28,24.436979849388592,24.49427589204062,24.379683806736562,24.4083309173584,979000
2025-05-29,24.52292452772709,24.542023815516412,24.341484936545164,24.484725952148438,1830000
2025-05-30,24.503826997802488,24.675716957420857,24.417882017993307,24.64706802368164,2433200
2025-06-02,24.771209390492988,24.981296088437105,24.68526441828669,24.97174644470215,2117400
2025-06-03,24.79985679284434,24.92400034145494,24.761660038862228,24.89535140991211,1014700
2025-06-04,25.09589030562775,25.2295816767721,25.076791017919035,25.14363670349121,822100
2025-06-05,25.315526091796016,25.315526091796016,25.114987218093443,25.172285079956055,1028000
2025-06-06,25.124537311671833,25.210482284596583,25.076790914006224,25.181835174560547,962300
2025-06-09,25.22958082768016,25.38237148139111,25.200931897081258,25.248680114746094,1411500
2025-06-10,25.487416129630574,25.592458567287245,25.449217554913027,25.506513595581055,1504800
2025-06-11,25.477867422509878,25.563812397375383,25.37282315958352,25.401472091674805,2633800
2025-06-12,25.3250765707074,25.449218299354243,25.315526926748664,25.439668655395508,1990500
2025-06-13,25.124536965203625,25.28687726499966,25.067240924513346,25.13408660888672,3655500
2025-06-16,25.392964241481447,25.54809483793542,25.286311262930877,25.29600715637207,2471600
2025-06-17,25.247528035741606,25.29600565075963,24.91787507557214,24.98574447631836,1526200
2025-06-18,25.102091505574986,25.266917985748314,25.02452621192298,25.07300567626953,2089600
2025-06-20,25.10209293579403,25.10209293579403,24.77243995666504,24.77243995666504,2258300
2025-06-23,24.607612276028167,25.014830533518115,24.58822233942578,25.005136489868164,1566600
2025-06-24,25.18935372570484,25.32509438214263,25.12148432213722,25.25722312927246,1127000
2025-06-25,25.228137129869037,25.266918853375508,25.131180047149048,25.23783302307129,1322500
2025-06-26,25.480223344188808,25.66443975656106,25.460831558896224,25.62565803527832,1656400
2025-06-27,25.305703049813268,25.402660134922645,25.160268346800493,25.29600715637207,2326200
2025-06-30,25.35417834696926,25.548092499438447,25.31539662605687,25.519004821777344,1564200
2025-07-01,25.460832607667747,25.58687551865658,25.441440821576386,25.548093795776367,1655900
2025-07-02,25.451137793788455,25.73231315612793,25.41235421996125,25.73231315612793,1674900
2025-07-03,25.61596360558086,25.722616581478675,25.606267712380827,25.674137115478516,2072300
2025-07-07,25.32509268285218,25.40265797448241,25.131178529125396,25.18935203552246,2263500
2025-07-08,25.373572009036437,25.460833199172303,25.28631081890057,25.344484329223633,1734100
2025-07-09,25.412352903411946,25.470528261138835,25.31539767247211,25.44144058227539,1287000
2025-07-10,25.567485165791943,25.771093368530273,25.499613915576692,25.771093368530273,1419000
2025-07-11,25.57718069382425,25.606268374176118,25.470529564472564,25.557790756225586,1739600
2025-07-14,25.50931061926131,25.606267701919485,25.489920682171704,25.586875915527344,1741900
2025-07-15,25.645049757922944,25.654743801243125,25.247527406908244,25.276613235473633,2365700
2025-07-16,25.305702220614954,25.43174513261526,25.189353352435617,25.392963409423828,2567100
2025-07-17,25.208745149706182,25.48992050250273,25.208745149706182,25.480224609375,1674100
2025-07-18,25.80987844628487,25.81957249043601,25.606268382361865,25.645051956176758,1686000
2025-07-21,25.596571639419466,25.73231229396409,25.55778991619423,25.567485809326172,1818300
2025-07-22,25.596571603708743,25.742006301879883,25.52870220118238,25.742006301879883,1551100
2025-07-23,25.897136926595728,26.013485794864327,25.868051096505468,26.0037899017334,4241600
2025-07-24,25.84865866233094,25.95531163479529,25.76139747564238,25.771093368530273,5345600
2025-07-25,25.567485988883234,25.674137115478516,25.528702416083107,25.674137115478516,2489900
2025-07-28,25.49961386236439,25.509309755232053,25.33478738221912,25.422048568725586,3604700
2025-07-29,25.586875746287525,25.615963425683344,25.509310450534535,25.567485809326172,1749700
2025-07-30,25.489920034316675,25.57717937225845,25.23783236553353,25.35417938232422,2908200
2025-07-31,25.296007375343997,25.402660354817797,25.16026856459741,25.228137969970703,6751300
2025-08-01,25.228137734949968,25.228137734949968,25.01483177798948,25.121484756469727,3442300
2025-08-04,25.412353357480903,25.48992050250273,25.39296342052797,25.480224609375,3115700
2025-08-05,25.606266021728516,25.67413542034513,25.52870073055204,25.606266021728516,2546900
2025-08-06,25.800181898644027,25.87774719500448,25.76139832581253,25.84865951538086,2806900
2025-08-07,25.97470364997206,25.994093586616614,25.66444062272675,25.790485382080078,2014900
2025-08-08,25.80987840459499,25.887443702796897,25.780790724280806,25.81957244873047,2033700
2025-08-11,25.83896255493164,25.906831955280975,25.780789047389707,25.83896255493164,1806300
2025-08-12,25.906832391150935,26.168615953447716,25.906832391150935,26.139528274536133,3941000
2025-08-13,26.00378991277171,26.09105110168457,26.00378991277171,26.09105110168457,1880500
2025-08-14,25.906831969257553,25.955311433320702,25.790484954110912,25.926223754882812,2387300
2025-08-15,26.081354355256305,26.100746140891957,26.00378906201616,26.013484954833984,1461600
2025-08-18,26.08135542527433,26.100747211705553,25.92622483242963,26.023181915283203,2483700
2025-08-19,25.93591923378632,25.9747028044179,25.800180435180664,25.800180435180664,5489900
2025-08-20,25.868049849804564,25.89713567849304,25.742005094479715,25.887441635131836,2564300
2025-08-21,26.023180236304285,26.071657849952093,25.926223159706243,26.042572021484375,4394000
2025-08-22,25.99409488922844,26.459488528766883,25.99409488922844,26.430400848388672,4815200
2025-08-25,26.139527862860795,26.15891964849645,25.994093169198333,26.013484954833984,1914400
2025-08-26,26.013486426461736,26.15892112835169,26.003790533095398,26.14922523498535,2739100
2025-08-27,25.965008200482433,26.197704087914005,25.94561641420417,26.178312301635742,2374700
2025-08-28,26.323747011143542,26.323747011143542,26.24618171530053,26.265573501586914,2433300
2025-08-29,26.236486661579512,26.333443746811,26.207400830521877,26.255878448486328,1835400
2025-09-02,25.780788453624414,25.984396649983054,25.722614947422294,25.955310821533203,2955200
2025-09-03,25.751701810185978,25.848658890618733,25.722615980567898,25.790485382080078,2620900
2025-09-04,25.955313132373856,26.081356048583984,25.88744372754513,26.081356048583984,2584900
2025-09-05,26.25587781492091,26.314051324935015,25.99409424590362,26.110443115234375,2223300
2025-09-08,26.236485811168002,26.246181704307133,26.10074700582522,26.178312301635742,2843100
2025-09-09,26.149224383236408,26.197703848489002,26.052269151336237,26.071659088134766,2533000
2025-09-10,26.31405134551525,26.362530811650373,26.226790155774573,26.28496551513672,1792800
2025-09-11,26.255877202720935,26.575834274291992,26.255877202720935,26.575834274291992,7424200
2025-09-12,26.44009651496748,26.478878239169724,26.333443537131807,26.411008834838867,2730500
2025-09-15,26.585529965453162,26.73096466064453,26.537052350156866,26.73096466064453,2597200
2025-09-16,26.556443100858612,26.585530780509647,26.420704294425533,26.5467472076416,3441900
2025-09-17,26.411007754933518,26.556442451024836,26.100746576791376,26.314050674438477,5394700
2025-09-18,26.003789686083643,26.12983444643788,25.906832604880965,26.071659088134766,3564900
2025-09-19,26.052269151336237,26.11044266033684,26.013485579134162,26.071659088134766,2387400
2025-09-22,25.974703246691256,26.120137940431132,25.906831996930343,26.100746154785156,1898800
2025-09-23,26.168615999178268,26.18800778515321,25.994093624008762,26.052268981933594,3467500
2025-09-24,25.780789019288807,25.838962526767332,25.654744262232466,25.664440155029297,4965300
2025-09-25,25.625658433144434,25.732311404607113,25.51900546168175,25.664440155029297,4465400
2025-09-26,25.771093381748127,25.858354568481445,25.74200570306953,25.858354568481445,5534000
2025-09-29,26.04257327003225,26.17831207419572,26.04257327003225,26.158920288085938,4988400
2025-09-30,26.11044289896435,26.188008194774874,26.081355219546957,26.178312301635742,4173900
2025-10-01,26.26557412395264,26.38192114582275,26.217096506390522,26.323747634887695,5580400
2025-10-02,26.4400958905606,26.4400958905606,26.17831232349306,26.352834701538086,2905900
2025-10-03,26.53705277868634,26.701879262378895,26.507965099457355,26.595226287841797,3758000
2025-10-06,26.546747038448334,26.604922397379628,26.498269421974783,26.52735710144043,3227700
2025-10-07,26.459487219832287,26.488573049469053,26.28496484480171,26.314050674438477,3164400
2025-10-08,26.391615981405327,26.459487232295572,26.3334424728019,26.40131187438965,2102800
2025-10-09,26.35283382027543,26.3722256059214,26.00378907585775,26.100746154785156,3935900
2025-10-10,26.21709563361957,26.255877356517704,25.60626731657706,25.63535499572754,5372800
2025-10-13,25.780790112228278,25.91652891853344,25.72261660228357,25.84865951538086,3488600
2025-10-14,25.54809278911428,26.01348454115425,25.528701003787003,25.887441635131836,5819900
2025-10-15,26.02318147218468,26.158920276286928,25.868050881981397,26.071659088134766,6297000
2025-10-16,26.42070470133515,26.45948827480051,26.091051724089883,26.14922523498535,4854000
2025-10-17,25.994093183034764,26.158919662420615,25.935919675399305,26.100746154785156,6695100
2025-10-20,26.28496614510279,26.459488528766883,26.275270251643384,26.430400848388672,2256100
2025-10-21,26.352834918423348,26.38192074880188,26.207400218623068,26.28496551513672,5339900
2025-10-22,26.284965060274054,26.34313856932696,26.091050897694345,26.24618148803711,4448400
2025-10-23,26.333442076123877,26.43039915520406,26.30435439760908,26.362529754638672,2576200
2025-10-24,26.31405112894918,26.37222648783254,26.265573512515573,26.352834701538086,2820100
2025-10-27,26.507964475996165,26.54674619808683,26.420703289664086,26.537052154541016,4273200
2025-10-28,26.556442727048577,26.730965103893112,26.517661004028962,26.68248748779297,2979200
2025-10-29,26.401312295928182,26.430399975345576,26.04257349629296,26.178312301635742,4423900
2025-10-30,25.984397899982607,26.207399741539522,25.974703856234594,26.071659088134766,3274000
2025-10-31,25.965006714117294,26.003788435151236,25.84865785241063,25.955310821533203,2404100
2025-11-03,26.032877808498814,26.05226959493004,25.85835542922289,26.023181915283203,2369600
2025-11-04,25.586874236608793,25.76139660408147,25.557788408231623,25.606266021728516,4889400
2025-11-05,25.751701595962395,25.945615755214764,25.73231165947914,25.858354568481445,2239800
2025-11-06,25.848659265607346,25.85835515872153,25.577179806317762,25.65474510192871,5067200
2025-11-07,25.45113672637952,25.63535499572754,25.33478785908011,25.63535499572754,4141900
2025-11-10,25.897137763492783,26.03287842240986,25.809878421099597,25.994094848632812,3543900
2025-11-11,25.79048661771887,25.877747809358837,25.74200715052856,25.81957244873047,3332500
2025-11-12,25.71291986050539,25.829266876555156,25.71291986050539,25.771093368530273,3721500
2025-11-13,25.460833008253335,25.50931062494195,25.121484143525425,25.150571823120117,3760000
2025-11-14,25.063309796778324,25.266917999235098,25.02452622528038,25.160266876220703,5529500
2025-11-17,25.063311219936956,25.13118062460968,24.753050027545893,24.85970115661621,3851200
2025-11-18,24.627004623413086,24.733657599019036,24.47187403124218,24.627004623413086,8386900
2025-11-19,24.57852783786795,24.675484923578594,24.404005453449304,24.530048370361328,4304100
2025-11-20,24.704569924180934,24.78213522028109,24.181004637830522,24.19070053100586,6614800
2025-11-21,24.365221270437292,24.627004840522,24.29735186692701,24.55913543701172,7086700
2025-11-24,24.510656160131152,24.723960249475798,24.471872589721713,24.665786743164062,5463800
2025-11-25,24.588221482990978,24.869394971608138,24.51065619137565,24.840309143066406,7018300
2025-11-26,24.869397066786995,25.092397067805404,24.869397066786995,25.034223556518555,3472500
2025-11-28,24.976049433723862,25.11178823983731,24.96635354052968,25.063310623168945,1440600
2025-12-01,25.024527654691354,25.131180633100282,24.946962356567383,24.946962356567383,4324300
2025-12-02,25.14087677001953,25.150572663541755,25.02452789705544,25.14087677001953,4068600
2025-12-03,25.218440353029184,25.35417915449944,25.218440353029184,25.334787368774414,2682000
2025-12-04,25.480223769667386,25.54809317002231,25.422048412818203,25.489919662475586,3026600
2025-12-05,25.596570341867306,25.664439741047893,25.470527436146565,25.53839683532715,4336400
2025-12-08,25.606267063896595,25.606267063896595,25.402658859759953,25.44144058227539,3182500
2025-12-09,25.519006116639325,25.66444081371952,25.48992028680479,25.548093795776367,3767200
2025-12-10,25.557789060726908,25.906831955280975,25.548093167919507,25.83896255493164,5816700
2025-12-11,25.809877564888353,25.906832797509427,25.751702206152682,25.829267501831055,3519500
2025-12-12,25.935919218320787,25.97470278892924,25.58687448005446,25.712919235229492,4883800
2025-12-15,25.751701785069702,25.751701785069702,25.54809358073175,25.615962982177734,6154300
2025-12-16,25.58046336526888,25.610046351352437,25.373373058123295,25.462125778198242,4851300
2025-12-17,25.412819485117915,25.462125715744328,25.225452423095703,25.225452423095703,6154000
2025-12-18,25.53115588546207,25.62977023030945,25.422681798950915,25.4522647857666,6075300
2025-12-19,25.511433898713534,25.67907771658972,25.491710654042894,25.52129364013672,3187800
2025-12-22,25.708660781869384,25.826998369345596,25.67907779568444,25.787551879882812,4205200
2025-12-23,26.172147130889325,26.2707595908471,26.13270064217653,26.24117660522461,5605800
2025-12-24,26.201730745548115,26.25103885762287,26.182007500718214,26.23131561279297,2376600
2025-12-26,26.33978844452013,26.34965006646595,26.260897349865612,26.310205459594727,2221000
2025-12-29,26.093254736770078,26.19186907984445,26.05381012808762,26.112977981567383,6725500
2025-12-30,26.13269993614246,26.162284801877753,26.043947219848633,26.043947219848633,3273200
2025-12-31,25.974918327111798,25.99464157137553,25.826997756958008,25.826997756958008,4007100
2026-01-02,26.122838325619238,26.122838325619238,25.886165042369875,26.10311508178711,4216300
2026-01-05,26.00450331568416,26.25103822740281,26.00450331568416,26.24117660522461,5434200
2026-01-06,26.01436301114196,26.152423840481525,25.97491840341073,26.122838973999023,2950000
2026-01-07,26.05381008501936,26.05381008501936,25.876304643961348,25.9058895111084,4227800
2026-01-08,25.866442420887473,26.00450325012207,25.866442420887473,26.00450325012207,4574000
2026-01-09,25.836860663855475,25.91575176392125,25.73824631854521,25.896028518676758,3456200
2026-01-12,25.95519579395795,26.142562857772614,25.9453341715559,26.08339500427246,3333800
2026-01-13,26.21159103052452,26.21159103052452,26.014362354113338,26.043947219848633,4078500
2026-01-14,26.122839638795487,26.18200749235414,26.034086918001435,26.172147750854492,5693900
2026-01-15,26.280620574951172,26.3989581573043,26.221452724230637,26.280620574951172,3899700
2026-01-16,26.38909656543321,26.418681431283215,26.260897360995244,26.369373321533203,3572600
2026-01-20,26.13270057797135,26.241176540752914,26.06367110380566,26.09325408935547,7807900
2026-01-21,26.18200689988908,26.3890972040264,26.12283904766932,26.32992935180664,5338600
2026-01-22,26.694799423217773,26.783552140191468,26.586323462269462,26.694799423217773,4529300
2026-01-23,26.793415110619616,27.030088407489913,26.763830243168766,27.000503540039062,4768900
2026-01-26,27.316069901692238,27.44426723255343,27.237178802490234,27.237178802490234,6018100
2026-01-27,27.542880459542246,27.88802970989254,27.503433971085254,27.848583221435547,5179200
2026-01-28,27.720386513972525,27.82886059782416,27.5921873045404,27.77955436706543,6475900
2026-01-29,28.213455773326743,28.252900380951765,27.572463500983197,28.02608871459961,12572000
2026-01-30,27.720386397691342,27.818998858795148,27.207593323938184,27.365375518798828,11658200
2026-02-02,27.424544069474617,27.60204951343759,27.385099460211833,27.562604904174805,6385100
2026-02-03,27.651356401614546,27.828859956804585,27.454127721298374,27.730247497558594,9574200
2026-02-04,28.233177762461,28.25290100716672,27.779554419702297,27.957059860229492,7285900
2026-02-05,27.62177208269832,27.799277522318235,27.45412826538086,27.45412826538086,5386300
2026-02-06,27.542881082533235,27.858445473678522,27.513296215521315,27.838722229003906,6123400
2026-02-09,28.154286786098847,28.479712801499595,28.114842177429257,28.43040657043457,4273000
2026-02-10,28.34165251589116,28.371237381685056,28.2134551926084,28.243038177490234,7568900
2026-02-11,28.94319849086263,28.982643097953165,28.647355473579303,28.893890380859375,5290100
2026-02-12,29.160149778549854,29.17001140097203,28.62763533413761,28.696664810180664,9202200
2026-02-13,28.66707995120607,28.824862148182163,28.43040665574193,28.75583267211914,7173000
2026-02-17,28.657217738042448,28.9727821254896,28.48957392209713,28.91361427307129,7327400
2026-02-18,28.94319977038611,29.120705212420866,28.805138937185653,28.90375328063965,6895300
2026-02-19,28.83472383900947,29.002367658808275,28.72624787298902,28.962923049926758,4360300
2026-02-20,28.923476643615324,29.317932138129812,28.923476643615324,29.288349151611328,4431300
2026-02-23,29.11084236997971,29.21931645041213,28.903752069314045,29.041812896728516,4100600
2026-02-24,28.93333822402119,29.22917937424884,28.9136149790961,29.170011520385742,4376800
2026-02-25,29.61377464151584,29.79127820019733,29.544743285408888,29.741971969604492,4294900
2026-02-26,29.712386455306458,29.751832943650943,29.40668369428506,29.722248077392578,5971500
2026-02-27,29.692666360249017,29.820863691019845,29.594052016087982,29.672943115234375,6244800
2026-03-02,29.239039831720493,29.64335693201448,29.20945684642372,29.515159606933594,7866400
2026-03-03,28.440267003560177,28.844584100305163,28.02608828483213,28.68680191040039,10237200
2026-03-04,28.775555341665395,28.98264376571418,28.686802622526738,28.943199157714844,8450700
2026-03-05,28.43040524000604,28.598049051059075,27.937335428780884,28.213455200195312,11098900
2026-03-06,27.74996890948015,28.09511816018212,27.63163320581279,27.937335968017578,7848400
2026-03-09,27.799277801475917,28.54874417577933,27.582325870467574,28.459991455078125,10106000
2026-03-10,28.538882579249734,28.953061315926774,28.430406613647225,28.548744201660156,6570400
2026-03-11,28.52901969092059,28.74596973158673,28.410682108158653,28.59804916381836,4242100
2026-03-12,28.440267439678898,28.440267439678898,27.947197618437464,28.02608871459961,6006000
2026-03-13,28.04581311376596,28.144427458257503,27.572464636388982,27.592187881469727,4382600
2026-03-16,28.14442701037026,28.321930570535656,28.035951045064618,28.282485961914062,3130300
2026-03-17,28.479711499040974,28.519157986818712,28.282484702888475,28.302207946777344,4392400
2026-03-18,27.937335871664022,28.03595021165477,27.59218662215244,27.611909866333008,7861700
2026-03-19,27.325929170225233,28.01622768697638,27.247038072389,27.86830711364746,10633600
2026-03-20,27.62177191788825,27.631633540131862,26.82299932527678,26.921611785888672,5905000
2026-03-23,27.661216124513057,28.055673484884483,27.444266081038446,27.70066261291504,9811800
2026-03-24,26.94133573589495,27.3555144764123,26.921612490891224,27.178009033203125,5488200
2026-03-25,27.483713745964224,27.572464586843743,27.29634667985819,27.414682388305664,3956200
2026-03-26,27.079394597518252,27.26676166259564,26.783553447111565,26.793415069580078,3552500
2026-03-27,26.783552809050864,27.03994934438757,26.704661712094346,26.83285903930664,3154700
2026-03-30,26.99064373974187,27.049811593602666,26.67507746368925,26.763830184936523,3588500
2026-03-31,27.039948884638008,27.414681118582006,26.89202831547359,27.37523651123047,7054600
2026-04-01,27.7894153309074,27.878168048899763,27.60204827282218,27.70066261291504,2503500
2026-04-02,27.355514624356985,27.917613943617884,27.316070015048382,27.710525512695312,6877400
2026-04-06,27.740108514439722,27.87816934937489,27.661217414867703,27.828861236572266,4038400
2026-04-07,28.04581200523147,28.203594197816592,27.799277094203198,28.144426345825195,6781800
2026-04-08,29.199596379673373,29.219317743680826,28.893891726155818,29.110843658447266,2915700
2026-04-09,29.179872566983065,29.48557533364021,29.100981469751794,29.357378005981445,2705800
2026-04-10,29.554604185306687,29.62363553972631,29.367239008903972,29.426406860351562,1631000
2026-04-13,29.317932236317485,29.761695844702583,29.288349249699927,29.73211097717285,2237500
2026-04-14,29.732110994269664,29.811002093482138,29.643358272541608,29.761695861816406,1813700
2026-04-15,29.791277598109726,29.880030316112823,29.682803516815344,29.840585708618164,1342700
2026-04-16,29.64335693201448,29.672941798223338,29.41654526714948,29.515159606933594,4997300
2026-04-17,29.949062918398983,30.05753700421202,29.751834229973543,29.791278839111328,3736800
2026-04-20,29.672941819116804,29.682803441193368,29.46585151733314,29.633495330810547,1866700
2026-04-21,29.495436216351333,29.525021082413307,29.041812888873544,29.071395874023438,2105800
2026-04-22,29.022090911865234,29.061535520757843,28.903753323363095,29.022090911865234,2164900
2026-04-23,29.002366349786712,29.110842310911103,28.60791087421449,28.864307403564453,2189100
2026-04-24,28.805138272474856,28.874169627938187,28.71638743441766,28.76569366455078,1774800
2026-04-27,28.884031900160295,28.90375326411009,28.745971067038795,28.785417556762695,1234600
2026-04-28,28.70652641520189,28.755832646370713,28.548744218367077,28.66707992553711,2174100
2026-04-29,28.351515429097116,28.371238673858013,28.085257267561463,28.223318099975586,1638400
2026-04-30,28.84458547764531,29.120705263619524,28.765694378925843,29.08125877380371,1578000
2026-05-01,28.913613632668955,29.08125744490116,28.844584159557826,28.864307403564453,1482000
2026-05-04,28.696663453801797,28.755831304626046,28.38109907485638,28.479711532592773,2063700
2026-05-05,28.745971067038795,28.854447032867366,28.637496982122375,28.785417556762695,1088800
2026-05-06,29.594052033147044,29.72224936399177,29.544743920582018,29.70252799987793,2206000
2026-05-07,29.672941650899016,29.672941650899016,29.071395874023438,29.071395874023438,1859600
2026-05-08,29.209456738664375,29.24890134588525,29.081257533144353,29.130565643310547,1946600
2026-05-11,29.22917874315335,29.29820821798856,29.120704660231794,29.179872512817383,2716700
2026-05-12,28.805138309544287,28.943199139736503,28.657217738042448,28.91361427307129,2318000
2026-05-13,28.60791083407177,28.79527789004769,28.558602724124388,28.716386795043945,1492600
2026-05-14,28.962923024390086,28.98264438835738,28.834723813585832,28.874170303344727,2852200
2026-05-15,28.410682650177286,28.440267516660207,28.223317471855097,28.321929931640625,2612800
2026-05-18,28.469852411246908,28.509297019017637,28.16414776669126,28.410682678222656,3534200
2026-05-19,28.164148339595343,28.302209171881536,28.026089388221294,28.134565353393555,2104000
2026-05-20,28.075395075608768,28.558603276974875,28.045812089979727,28.499435424804688,3656700
2026-05-21,28.351514881563123,28.686802512374577,28.243038918385267,28.58818817138672,1576300
2026-05-22,28.529020271707438,28.529020271707438,28.312068345712575,28.381099700927734,1606800
2026-05-26,28.63749692244182,28.64735666394009,28.459991480878497,28.548744201660156,1362500
2026-05-27,28.617773028215897,28.627634650402538,28.44026759068059,28.529020309448242,1244100
2026-05-28,28.400820467570647,28.647355373993697,28.321929372751754,28.568464279174805,1460600
2026-05-29,28.943199762127026,29.051673847074525,28.844585418701172,28.844585418701172,1354500
2026-06-01,28.627635325109267,28.864308620430307,28.519159359411734,28.726247787475586,1281500
2026-06-02,28.923475932135837,29.091119748294698,28.89389106543294,29.061534881591797,1664400
2026-06-03,28.88403123203808,28.88403123203808,28.736108779907227,28.736108779907227,1350000
2026-06-04,28.676941557007268,28.745971033030273,28.588188836145648,28.637496948242188,1608300
2026-06-05,28.154285925402878,28.154285925402878,27.562603647062126,27.671077728271484,9699700
2026-06-08,27.868307694661198,27.937337171593047,27.64149601876735,27.680940628051758,2834900
2026-06-09,28.08525779750945,28.20359538739562,27.473852245682085,27.85844612121582,4279000
2026-06-10,28.02608864741616,28.24303869111397,27.78941535949707,27.78941535949707,3513300
2026-06-11,27.996503988653842,28.598049775478188,27.92747451427966,28.558603286743164,2659000
2026-06-12,28.736109435546844,28.933338122279853,28.5783272385253,28.815000534057617,2361200
2026-06-15,28.979999542236328,29.040000915527344,28.549999237060547,28.600000381469727,3433200
2026-06-16,29.040000915527344,29.1299991607666,28.969999313354492,28.979999542236328,1409100
2026-06-17,29.059999465942383,29.200000762939453,28.59000015258789,28.649999618530273,2745700
2026-06-18,28.690000534057617,28.760000228881836,28.549999237060547,28.559999465942383,2523600
2026-06-22,28.530000686645508,28.56999969482422,28.420000076293945,28.450000762939453,1369300
2026-06-23,28.059999465942383,28.229999542236328,28.020000457763672,28.020000457763672,1166200
2026-06-24,28.0,28.049999237060547,27.809999465942383,27.90999984741211,3321900
2026-06-25,28.049999237060547,28.100000381469727,27.81999969482422,27.93000030517578,4723500
2026-06-26,27.93000030517578,28.100000381469727,27.8799991607666,27.969999313354492,2675300
2026-06-29,28.1200008392334,28.1299991607666,27.899999618530273,28.110000610351562,1673500
2026-06-30,28.0,28.190000534057617,27.959999084472656,28.15999984741211,2223000
2026-07-01,27.690000534057617,27.860000610351562,27.670000076293945,27.700000762939453,3127600
2026-07-02,28.139999389648438,28.329999923706055,27.899999618530273,28.09000015258789,3355300
2026-07-06,28.280000686645508,28.3700008392334,28.239999771118164,28.329999923706055,1152400
2026-07-07,28.389999389648438,28.43000030517578,28.09000015258789,28.1299991607666,921200
2026-07-08,27.950000762939453,28.1200008392334,27.790000915527344,28.1200008392334,4142100
2026-07-09,28.170000076293945,28.270000457763672,28.139999389648438,28.200000762939453,1764800
2026-07-10,28.360000610351562,28.540000915527344,28.290000915527344,28.450000762939453,2491900
2026-07-13,28.489999771118164,28.559999465942383,28.309999465942383,28.350000381469727,1474200
2026-07-14,28.6299991607666,28.860000610351562,28.6299991607666,28.709999084472656,1293600
2026-07-15,28.700000762939453,28.90999984741211,28.649999618530273,28.799999237060547,1954000
2026-07-16,28.6299991607666,28.760000228881836,28.56999969482422,28.6299991607666,2468400
2026-07-17,28.520000457763672,28.780000686645508,28.489999771118164,28.75,1652700
2026-07-20,28.700000762939453,28.739999771118164,28.479999542236328,28.520000457763672,2262400
2026-07-21,28.530000686645508,28.700000762939453,28.440000534057617,28.68000030517578,1271400
2026-07-22,28.860000610351562,28.950000762939453,28.84000015258789,28.860000610351562,897300
2026-07-23,28.420000076293945,28.559999465942383,28.399999618530273,28.489999771118164,1311100
2026-07-24,28.68000030517578,28.860000610351562,28.610000610351562,28.719999313354492,1178200
2026-07-27,28.889999389648438,28.959999084472656,28.739999771118164,28.8799991607666,1034300
2026-07-28,29.110000610351562,29.420000076293945,29.059999465942383,29.31999969482422,2681200
2026-07-29,29.299999237060547,29.59000015258789,29.079999923706055,29.110000610351562,2052600
2026-07-30,29.5,29.81999969482422,29.459999084472656,29.81999969482422,2070400
