Date,Open,High,Low,Close,Volume
2010-01-04,19.13375002194461,19.16215874534644,19.005907379968672,19.119544982910156,3007500
2010-01-05,19.233178644160255,19.297099952048047,19.084029828866612,19.226076126098633,3820400
2010-01-06,19.282899387638594,19.439152111895748,19.254490663470914,19.37523078918457,1980800
2010-01-07,19.375233051978178,19.382335572516364,19.09824016965794,19.311311721801758,1626000
2010-01-08,19.25448665427782,19.410737991333008,19.176360308416807,19.410737991333008,1922700
2010-01-11,19.524378287466163,19.630913366387393,19.261591849771595,19.35392189025879,2971500
2010-01-12,19.17636198726202,19.17636198726202,18.89226800653227,19.01300811767578,2179400
2010-01-13,19.098234619425643,19.226077242625504,18.863856928448193,19.204771041870117,2033600
2010-01-14,19.261585235595703,19.29709646481968,19.119537609366674,19.261585235595703,1630700
2010-01-15,19.21187289284205,19.226077930298313,18.92777891705146,18.977495193481445,1993300
2010-01-19,19.034315333890707,19.055622891581013,18.92067773554313,18.998804092407227,2454100
2010-01-20,18.58687076338183,18.679200820449953,18.39510677408581,18.565563201904297,3543500
2010-01-21,18.565554255890863,18.608169358311386,18.167822782632285,18.18202781677246,4676400
2010-01-22,18.075497591370322,18.13941890738436,17.762993530264687,17.81270980834961,5439700
2010-01-25,17.933454425325706,17.96186450831901,17.79850924044215,17.862430572509766,2767300
2010-01-26,17.64224919426108,17.947650663299683,17.54281666189192,17.80560302734375,2111200
2010-01-27,17.770097064005068,17.784302102745375,17.55702554690166,17.720380783081055,2301300
2010-01-28,17.855320269520266,17.905036538422394,17.450486245983818,17.535715103149414,3288600
2010-01-29,17.62805091237006,17.76299608275391,17.272933041114687,17.35816192626953,6228500
2010-02-01,17.40077386267442,17.75589169660655,17.40077386267442,17.68486785888672,3687900
2010-02-02,17.84111898048681,17.983165288581837,17.699071317724876,17.897937774658203,2645700
2010-02-03,17.862422711028717,18.01157287176603,17.777195208893158,17.819808959960938,2404900
2010-02-04,17.64935402233066,17.64935402233066,17.237417449724155,17.280031204223633,3742700
2010-02-05,17.258726768680575,17.43628569162859,16.98173528237513,17.40787696838379,4285900
2010-02-08,17.493107937825286,17.59254187543201,17.201911355216524,17.22321891784668,1722500
2010-02-09,17.450491269906987,17.70617656034777,17.34395618377903,17.564128875732422,2398400
2010-02-10,17.5854342921757,17.762993198977153,17.45048914369985,17.699071884155273,4487100
2010-02-11,17.74879067492314,18.132318618170206,17.656460626363923,18.10390853881836,2152100
2010-02-12,17.95475823794821,18.167828397231727,17.876631880699634,18.11100959777832,3792200
2010-02-16,18.38089962716038,18.55845855512806,18.359593422791214,18.522947311401367,2413300
2010-02-17,18.537147970280873,18.686296784288434,18.494534216945397,18.54425048828125,3487700
2010-02-18,18.586866371355654,18.79993651711404,18.57266133372724,18.76442527770996,3968800
2010-02-19,18.579764738052255,18.87806376913109,18.579764738052255,18.77863121032715,4204300
2010-02-22,18.878061509190317,18.927777782640625,18.615273750667022,18.66499137878418,2202700
2010-02-23,18.593971089404867,18.608176128713406,18.14652183385566,18.196239471435547,4846700
2010-02-24,18.238850877499903,18.395102225698533,18.16072452606712,18.26725959777832,2547100
2010-02-25,17.897938648514234,18.35959154303008,17.81981229471401,18.345386505126953,3616900
2010-02-26,18.366691371312626,18.47322643064504,18.224643722424883,18.402202606201172,3795900
2010-03-01,18.558457180594118,18.79283489396556,18.530048458650285,18.77863121032715,3630900
2010-03-02,18.97749574720799,19.140850973387533,18.92777946932738,19.055622100830078,2997000
2010-03-03,19.140853087168143,19.297104457000643,19.076931764357774,19.19767189025879,3743800
2010-03-04,19.233180099593035,19.26869133792158,19.0485186800174,19.140850067138672,2789400
2010-03-05,19.325510464108767,19.4888656853609,19.275794187727787,19.43204689025879,3127100
2010-03-08,19.54568470677983,19.61670854014658,19.432047115259817,19.474660873413086,2653600
2010-03-09,19.38233061387781,19.53147944302075,19.346818020272156,19.43204689025879,4431900
2010-03-10,19.453354775781172,19.60960749183856,19.36102473374757,19.467559814453125,4470000
2010-03-11,19.396528503435665,19.559883675898035,19.297095980371505,19.538576126098633,2131400
2010-03-12,19.701938856701823,19.794270259601795,19.623812493427558,19.666427612304688,3208500
2010-03-15,19.687728202217016,19.723240791153245,19.46045305169216,19.638011932373047,1442400
2010-03-16,19.78006707301621,19.95052350049204,19.744554470625037,19.9221134185791,2795000
2010-03-17,20.021543502807617,20.120976061059125,19.98603090724136,20.021543502807617,4228600
2010-03-18,20.01444202112859,20.078363341794162,19.765859257947707,19.82978057861328,2731700
2010-03-19,19.694835662841797,19.95762346825507,19.60250561776892,19.694835662841797,2065700
2010-03-22,19.446252678475304,19.687732922471014,19.346820114947803,19.6522216796875,2777300
2010-03-23,19.659324175060778,19.851088137057495,19.652221655579375,19.82978057861328,2923500
2010-03-24,19.694835238441033,19.694835238441033,19.488867594024317,19.510173797607422,2777900
2010-03-25,19.716145050637103,19.801372584046845,19.517278548235662,19.54568862915039,4065000
2010-03-26,19.574099391686364,19.645123246694556,19.346824139394034,19.51728057861328,3354100
2010-03-29,19.652221555230305,19.76585915701838,19.588300234891133,19.758756637573242,2720200
2010-03-30,19.787168274296924,19.872395805019142,19.71614442891696,19.82267951965332,2531400
2010-03-31,19.843987079667464,19.943419650399107,19.709041908912244,19.82267951965332,3158100
2010-04-01,20.071255084536222,20.19199517186995,19.950514997202493,20.184892654418945,2359200
2010-04-05,20.29853417066395,20.3695580043155,20.234612855844247,20.33404541015625,2595900
2010-04-06,20.35535453446378,20.454787096434284,20.263024491872173,20.319843292236328,3796000
2010-04-07,20.334041674609832,20.341144192136888,20.07125529944235,20.149381637573242,3496400
2010-04-08,20.064157587213284,20.277227745387677,19.772961072197003,20.213306427001953,4509600
2010-04-09,20.291429852836874,20.362453680191603,20.206202343744664,20.326942443847656,2261200
2010-04-12,20.2843289082488,20.43347909273116,20.24171515039681,20.291431427001953,2139300
2010-04-13,20.227514266967773,20.284333073994816,20.00734155907139,20.227514266967773,2908600
2010-04-14,20.40506968047141,20.497401072594386,20.270125883779343,20.440582275390625,2470200
2010-04-15,20.454787988317943,20.596835672755518,20.3624579417005,20.412174224853516,1807400
2010-04-16,20.319841514046182,20.355352753166045,19.815573519609153,19.93631362915039,5142000
2010-04-19,19.723241485091958,19.978925361094976,19.623807587238804,19.9647216796875,3523600
2010-04-20,20.319840268816744,20.412170297670425,20.213303848651996,20.34114646911621,3961500
2010-04-21,20.426376573978008,20.45478529432369,20.184896355038514,20.291431427001953,3384700
2010-04-22,20.135177412361625,20.348247528076172,19.964721048856635,20.348247528076172,4115200
2010-04-23,20.305640470336034,20.490301930346615,20.17069529673845,20.433483123779297,2326600
2010-04-26,20.48319479894951,20.582627349390936,20.41927348661805,20.490297317504883,2688700
2010-04-27,20.326943226491174,20.46898953200298,19.915006637573242,19.915006637573242,5264700
2010-04-28,20.078359258948133,20.149383084652726,19.83687906435259,19.9647216796875,3763400
2010-04-29,20.135178516389935,20.355351161989446,20.12807599818778,20.326942443847656,2426200
2010-04-30,20.348252508505325,20.383765106260967,20.04995346069336,20.04995346069336,4581500
2010-05-03,20.17069266630048,20.34825158300148,20.042850029529035,20.213306427001953,3071600
2010-05-04,19.879493141941953,19.90080069640068,19.54568291675613,19.623807907104492,7163900
2010-05-05,19.261593205492055,19.552789740550462,18.99170287491731,19.27579689025879,8293100
2010-05-06,19.048519831012886,19.361023894921217,16.15786096519504,18.743118286132812,10236800
2010-05-07,18.728909997140082,18.956185131487377,18.274358373778835,18.7218074798584,7246400
2010-05-10,19.659316198962195,19.68062239409507,19.318403530170908,19.538576126098633,11444700
2010-05-11,19.417843955181908,19.929213166466724,19.41074143569179,19.6522216796875,6005300
2010-05-12,19.836886414546136,20.03575157460467,19.787170124531503,20.000240325927734,2787500
2010-05-13,20.07125672874104,20.09256428283954,19.74454767256472,19.78716278076172,5323400
2010-05-14,19.62380947706158,19.64511703322497,19.147951560081307,19.43204689025879,7153300
2010-05-17,19.45335241512886,19.495967525973402,18.821243172270535,19.204771041870117,6416100
2010-05-18,19.368123310478545,19.559887229513013,18.984595472409612,19.041414260864258,3719800
2010-05-19,18.89226858225446,19.020111216145455,18.366694363221356,18.81414222717285,6383900
2010-05-20,18.18913426411995,18.260156740834006,17.869527700239054,17.897937774658203,9421900
2010-05-21,17.613845264149855,18.309877297321723,17.500207657645696,18.238853454589844,6393300
2010-05-24,18.217541742028942,18.380895594802915,18.004471617077396,18.02577781677246,3609300
2010-05-25,17.358163189324113,18.082602669851358,17.322650586814223,18.061296463012695,4727800
2010-05-26,18.28856715952946,18.50873982175492,18.03288190361155,18.08970069885254,3530000
2010-05-27,18.423513057863214,18.757323324189326,18.37379677933241,18.743118286132812,3230000
2010-05-28,18.885167333724823,18.89226985327071,18.46612816318683,18.586868286132812,3695900
2010-06-01,18.572664978768433,18.878066574382178,18.338287230568824,18.366697311401367,4388500
2010-06-02,18.494536111970913,18.99170023093771,18.466126037058388,18.977495193481445,3386500
2010-06-03,19.098229757239423,19.155048535899866,18.686293273284583,18.941978454589844,10387400
2010-06-04,18.650792978342416,18.778635643940707,18.174934920097304,18.253061294555664,6627000
2010-06-07,18.217545697442016,18.47323098663199,18.096805572509766,18.096805572509766,3037300
2010-06-08,18.182029969625273,18.409305124112237,18.004471085848984,18.402202606201172,7445200
2010-06-09,18.615276133474637,18.75022128916087,18.30277341616666,18.316978454589844,5495300
2010-06-10,18.629480899008946,18.892268687320446,18.629480899008946,18.88516616821289,3720400
2010-06-11,18.75732353361092,18.963292523728985,18.672096013654276,18.88516616821289,2674300
2010-06-14,19.176369152234322,19.26159805563127,18.863864979335467,18.93488883972168,4028500
2010-06-15,19.119545051906993,19.453355342418835,19.027215007184,19.446252822875977,3583400
2010-06-16,19.34681490041796,19.559886363691312,19.304201149629975,19.481760025024414,2679900
2010-06-17,19.602500114479298,19.602500114479298,19.28999611447841,19.481760025024414,5421900
2010-06-18,19.581194257190756,19.65932060262223,19.4888642300446,19.61670684814453,3234400
2010-06-21,19.91500137788892,19.9434100896216,19.43204108643467,19.538576126098633,3093700
2010-06-22,19.60250191221814,19.652218185141372,19.197667855938302,19.233179092407227,4022500
2010-06-23,19.083035913281265,19.133084870325863,18.77559076145669,19.05443572998047,2926000
2010-06-24,19.004385718785212,19.004385718785212,18.682640493157063,18.732690811157227,3619700
2010-06-25,18.832787646772815,19.047283542483736,18.67549074750025,18.897136688232422,4977100
2010-06-28,18.982934231903414,18.982934231903414,18.711239343605953,18.7684383392334,5029000
2010-06-29,18.325146215124082,18.43239553171518,17.796055132450277,17.896154403686523,5560800
2010-06-30,17.76745535744848,18.02485015769619,17.717406406392858,17.781755447387695,8483300
2010-07-01,17.781758545338555,17.860406326243044,17.309865041252248,17.595861434936523,4939600
2010-07-02,17.746008314262085,17.860406326243044,17.495762151654276,17.595861434936523,3195900
2010-07-06,17.767454238171812,17.95335130447596,17.588707216386847,17.746004104614258,1855500
2010-07-07,17.760307336172815,18.210749310730538,17.760307336172815,18.189300537109375,4239500
2010-07-08,18.410948028875996,18.51104595069703,18.12495299243595,18.339448928833008,2501000
2010-07-09,18.54679566926003,18.754141553540833,18.48244661737554,18.73984146118164,2698300
2010-07-12,18.639745575420456,18.818492658213106,18.55394773936991,18.689794540405273,3647100
2010-07-13,19.0472841520633,19.08303437831368,18.889987247756682,18.904287338256836,2657400
2010-07-14,18.968634772023346,19.040132490993155,18.782737702492376,18.811336517333984,2601900
2010-07-15,18.897142370725504,18.94004129002134,18.51819805303811,18.92574119567871,2160300
2010-07-16,18.78989025391823,18.78989025391823,18.26794783517724,18.360897064208984,1666100
2010-07-19,18.38234222570069,18.43239253504768,18.153546266468968,18.28939437866211,1662700
2010-07-20,18.06059756193928,18.63973747671428,18.06059756193928,18.632587432861328,2897800
2010-07-21,18.83279121902452,18.83279121902452,18.23935100701197,18.339448928833008,1942500
2010-07-22,18.63974284673988,18.818489903365666,18.5825438431689,18.754140853881836,1395900
2010-07-23,18.754141797284067,18.91858877035644,18.661193923205037,18.868539810180664,2628700
2010-07-26,18.947184095381782,19.0901822566886,18.868534970289883,19.004383087158203,1519200
2010-07-27,19.16883219385122,19.240331282620296,18.804188068487452,18.904287338256836,3768100
2010-07-28,18.875681640592337,18.961480794785643,18.782733806969937,18.832782745361328,2358100
2010-07-29,19.018683903020456,19.111631756810723,18.739837614186477,18.961484909057617,3710800
2010-07-30,18.77559135659066,19.168834343318736,18.71124230585598,19.061586380004883,2215600
2010-08-02,19.31183156765884,19.53347752921429,19.31183156765884,19.4047794342041,3281600
2010-08-03,19.333277533984983,19.46197423749976,19.254628412060832,19.297527313232422,2682800
2010-08-04,19.390485582140514,19.526332393269563,19.29753632849209,19.469133377075195,2856600
2010-08-05,19.4333752170177,19.49057420587925,19.297527107072234,19.36902618408203,6608400
2010-08-06,19.16883075045682,19.311828917227352,18.99723376857114,19.21887969970703,2097300
2010-08-09,19.22603143357812,19.34757947689255,19.13308357162318,19.290380477905273,2122800
2010-08-10,19.061587921083763,19.240334995635358,18.91144103305176,19.183135986328125,3464900
2010-08-11,18.811335377871668,18.904284588872713,18.432392580851776,18.518190383911133,4001100
2010-08-12,18.289398412031098,18.5181944217193,18.260799592685967,18.44669532775879,1406700
2010-08-13,18.396645103927266,18.582542189927107,18.396645103927266,18.42524528503418,1441900
2010-08-16,18.353743782648664,18.453841675897504,18.282244703014555,18.396642684936523,1135900
2010-08-17,18.811338775894146,19.00438591324638,18.739839684608313,18.91858673095703,1829300
2010-08-18,18.961491559354254,19.168837473791896,18.79704456450163,19.075889587402344,1345100
2010-08-19,19.075882714209634,19.104481529051245,18.689788485861104,18.811336517333984,1804400
2010-08-20,18.668343289656132,18.675493335668282,18.425247180170416,18.654043197631836,1744100
2010-08-23,18.725543872885517,18.782742882073666,18.546796798706055,18.546796798706055,2005600
2010-08-24,18.21074870554003,18.325146706823794,18.06060184025449,18.18214988708496,2559500
2010-08-25,17.99625629912076,18.325150275935943,17.917607146520602,18.282251358032227,2074100
2010-08-26,18.346598371092696,18.53964552573252,18.275099273404035,18.332298278808594,1946000
2010-08-27,18.368043388498794,18.868534205318596,18.203595100543584,18.818485260009766,4758900
2010-08-30,18.818490605425325,18.975788893912693,18.718392686374724,18.73984146118164,1692000
2010-08-31,18.704090849652527,18.847089032444543,18.525343803028374,18.661191940307617,2160100
2010-09-01,19.01153431192702,19.11878225769985,18.91858509218738,19.047283172607422,4250600
2010-09-02,19.11878493483272,19.233182941506687,19.032987111693156,19.2045841217041,2114200
2010-09-03,19.35473534468646,19.604981551936365,19.35473534468646,19.469133377075195,3361800
2010-09-07,19.419080390687522,19.483429441059293,19.268933515641283,19.311832427978516,5026300
2010-09-08,19.37617804466639,19.590673932073237,19.37617804466639,19.390478134155273,2453300
2010-09-09,19.590679576020992,19.64787858672359,19.369033580014932,19.440532684326172,1687100
2010-09-10,19.476276397705078,19.519175303440296,19.390478586234643,19.476276397705078,1982800
2010-09-13,19.712221659844275,19.776570697815625,19.647872621872928,19.740821838378906,1482100
2010-09-14,19.776574992666315,20.01252106189081,19.769424946479894,19.798025131225586,1628700
2010-09-15,19.776568179613808,19.790868267060254,19.604971221450622,19.73366928100586,5020600
2010-09-16,19.705072791892952,19.805172059009987,19.64072375007902,19.783721923828125,2460200
2010-09-17,19.926720959886737,19.94101968689509,19.64787464538235,19.69077491760254,1757800
2010-09-20,19.73367335855416,19.962469350047616,19.662174270279536,19.86237144470215,2266100
2010-09-21,19.912418059203095,19.948166917276836,19.619273059057548,19.812318801879883,3210800
2010-09-22,19.840920652700397,20.6059577353462,19.5477756278311,19.6550235748291,3204200
2010-09-23,19.54062661918414,19.66932470789976,19.39047975817038,19.519176483154297,2886200
2010-09-24,19.819469935752483,19.89096901956192,19.74797221567464,19.87666893005371,2444300
2010-09-27,19.955320228244272,19.969620319307246,19.755123044557887,19.776573181152344,2855200
2010-09-28,19.76226964733242,19.905267805587155,19.526323640824163,19.883817672729492,2900200
2010-09-29,19.898120151091508,20.01966819108666,19.826621063377008,19.94101905822754,1567300
2010-09-30,20.112614432709325,20.22701378208961,19.855219646865468,20.04111671447754,2951200
2010-10-01,20.112609476293276,20.298506498094135,20.091160711602054,20.25560760498047,2022800
2010-10-04,20.23416292153737,20.23416292153737,19.97676812985963,20.126914978027344,2141100
2010-10-05,20.348561086956312,20.57020838436941,20.248463187306267,20.53445816040039,3629900
2010-10-06,20.541612266036566,20.734659422437666,20.53446221982928,20.66316032409668,1337200
2010-10-07,20.69175675803468,20.734655663770035,20.269913654397378,20.41291046142578,3005400
2010-10-08,20.441511171258835,20.713206066271848,20.3914622193142,20.670307159423828,1809300
2010-10-11,20.72035529062223,20.763255559502607,20.613107345884504,20.734655380249023,1815500
2010-10-12,20.62740424372644,20.770401026672907,20.51300627187671,20.741802215576172,3722300
2010-10-13,20.977753860914984,21.149350864971193,20.970603815279503,21.020652770996094,1528600
2010-10-14,21.056401944953514,21.106450898164326,20.81330586044524,20.927703857421875,1718200
2010-10-15,21.020656627831737,21.020656627831737,20.65601241590856,20.791860580444336,1911900
2010-10-18,20.62740424372644,20.841900100011838,20.598804068898307,20.741802215576172,1874300
2010-10-19,20.1555159064275,20.448660932663447,20.11976568144041,20.31281280517578,3736600
2010-10-20,20.37716234317751,20.641708559604556,20.312813300363675,20.59880828857422,1594600
2010-10-21,20.71320855860019,20.720358604557138,20.33426566900478,20.477262496948242,1630800
2010-10-22,20.55590531211602,20.55590531211602,20.37715830940197,20.44150733947754,3116200
2010-10-25,20.706059939261163,20.784709086474567,20.577363194364573,20.648860931396484,2513800
2010-10-26,20.520160519148618,20.656007286216326,20.42006125047617,20.59880828857422,1852100
2010-10-27,20.434363941139196,20.434363941139196,20.14836891653513,20.355714797973633,1734300
2010-10-28,20.434363619609694,20.53446153571314,20.32711565753717,20.44866371154785,1866200
2010-10-29,20.455811859895515,20.691757900059823,20.448661814589723,20.677457809448242,1739200
2010-11-01,20.84190706335782,20.93485629887248,20.663160002156243,20.7561092376709,1380000
2010-11-02,20.992055612427404,20.999205658628373,20.82760727726885,20.891956329345703,2552400
2010-11-03,20.82046219794295,20.970609102951784,20.63456505574241,20.934860229492188,2262300
2010-11-04,21.30665173586947,21.42819980678894,21.22085389976868,21.399600982666016,1991500
2010-11-05,21.4496485069833,21.599795391940862,21.421048321049334,21.456798553466797,3119700
2010-11-08,21.34954465218374,21.578340621161935,21.34954465218374,21.5568904876709,3631400
2010-11-09,21.728484776734113,21.807133892741323,21.199393822984224,21.342391967773438,4495200
2010-11-10,21.4210450838963,21.499694219597313,21.099301223152708,21.492544174194336,2456100
2010-11-11,21.41389471488813,21.44249353051483,21.270896545559786,21.421043395996094,1829000
2010-11-12,21.24229619168341,21.306645230979335,20.799004325124358,21.013500213623047,1800700
2010-11-15,21.113598806320105,21.199396613502266,20.956300553600215,20.99920082092285,2747700
2010-11-16,20.706055267273708,20.727505401782555,20.298512257726877,20.48440933227539,3469700
2010-11-17,20.470109120987765,20.641707468575838,20.405761445306737,20.53445816040039,3060900
2010-11-18,20.77755762219953,21.056403959777274,20.77040757623786,20.9062557220459,3345700
2010-11-19,20.90625322649505,21.170799440570935,20.820455412660255,21.127899169921875,2160900
2010-11-22,21.113600443437186,21.192248212163804,20.877654409794005,21.127899169921875,1829100
2010-11-23,20.86335786885828,20.949155697289026,20.69176084826489,20.770408630371094,3674200
2010-11-24,21.006345871179825,21.199392949572342,20.970597018321058,21.17794418334961,2122800
2010-11-26,20.927705601153708,21.070702427423388,20.877656643772728,21.0063533782959,2142600
2010-11-29,20.934853561285497,21.11360059911287,20.684607435580837,21.049251556396484,5528900
2010-11-30,20.770406755054907,21.13505090229237,20.748957981749733,20.970603942871094,6056200
2010-12-01,21.33524660532968,21.51399364366942,21.27089756242884,21.47824478149414,3493900
2010-12-02,21.59264705245388,21.842891864694693,21.59264705245388,21.764244079589844,3576500
2010-12-03,21.757091393964327,21.84288921525948,21.699892391856963,21.807140350341797,2591800
2010-12-06,21.757088765298555,21.871486755691848,21.70703981496794,21.85003662109375,2187900
2010-12-07,22.157481364047527,22.157481364047527,21.735638270071934,21.742788314819336,3778000
2010-12-08,21.757088833200523,21.82143787346403,21.53544289658823,21.599790573120117,2739300
2010-12-09,21.785689383877294,21.785689383877294,21.578343520530165,21.64269256591797,1788200
2010-12-10,21.67129220893739,21.807140350341797,21.649843435479493,21.807140350341797,1486900
2010-12-13,21.993037797161445,22.121735894878444,21.892939882817913,21.91438865661621,1718900
2010-12-14,21.892936768124226,22.057383707930498,21.828587728420622,21.90008544921875,1779400
2010-12-15,21.814292171676037,21.97873914565362,21.771393257536644,21.85719108581543,1937800
2010-12-16,21.885788977298713,21.885788977298713,21.66414165605607,21.778539657592773,1454800
2010-12-17,21.714191497769708,21.72134017944336,21.4782454543193,21.72134017944336,3314500
2010-12-20,21.707044929292486,21.742793798313706,21.528297856722507,21.61409568786621,3991900
2010-12-21,21.619870806063467,21.836647033691406,21.562063720147375,21.836647033691406,2271600
2010-12-22,21.81496890270749,21.98839014984173,21.81496890270749,21.923357009887695,1913000
2010-12-23,21.923362475730904,22.06788090682163,21.865555378940595,22.038976669311523,2302700
2010-12-27,21.995618155230584,22.060651300943604,21.92335895130171,22.010068893432617,1362800
2010-12-28,22.27742791292014,22.30633214627455,22.125684822498606,22.161813735961914,1103100
2010-12-29,22.320779398926767,22.38581253558838,22.248521583284525,22.3641357421875,1379800
2010-12-30,22.385818400929892,22.472529731941233,22.277430270838103,22.349689483642578,1796300
2010-12-31,22.364143449113225,22.508660508429344,22.291884230340184,22.400272369384766,1892100
2011-01-03,22.631492657901255,22.877173086763126,22.5664595221302,22.58091163635254,1571800
2011-01-04,22.71820544993956,22.747108302043948,22.13290718974314,22.342458724975586,3015600
2011-01-05,22.306334587481373,22.465303753639105,22.212397197028732,22.385818481445312,2016600
2011-01-06,22.47975509462704,22.486981153506612,22.169041453954527,22.277429580688477,1883900
2011-01-07,22.364140771400567,22.414721805016516,22.140137082201647,22.291881561279297,1857100
2011-01-10,22.205167770385742,22.284653030525238,22.0100683381686,22.205167770385742,1421200
2011-01-11,22.335236922768473,22.573691355536365,22.335236922768473,22.530336380004883,1583800
2011-01-12,22.76156137473485,22.76878743262232,22.645947204994567,22.71820640563965,2082900
2011-01-13,22.725434889807335,22.73988562889549,22.494205147409915,22.57369041442871,2388100
2011-01-14,22.501426343452007,22.660396843135654,22.41471641474226,22.631492614746094,2713900
2011-01-18,22.710982337896652,22.812144400726744,22.6893041623346,22.754337310791016,1455600
2011-01-19,22.776016253736152,22.81214516932711,22.429173702435754,22.494205474853516,2431200
2011-01-20,22.248526586498453,22.349688653730354,22.01729683846443,22.291881561279297,2107000
2011-01-21,22.40749186499741,22.544784202624548,22.277425584953765,22.342458724975586,2622900
2011-01-24,22.248529250368346,22.486983707558405,22.226851071267447,22.400272369384766,1432000
2011-01-25,22.241300995034997,22.27020385275298,22.02452336011589,22.19794464111328,2014200
2011-01-26,22.29910707653706,22.595368590405588,22.241299985495147,22.57369041442871,2948800
2011-01-27,22.624271363755643,22.631497422388076,22.436397974001686,22.537561416625977,1774100
2011-01-28,22.49420161780213,22.602591102449164,22.349684601988667,22.40749168395996,2642500
2011-01-31,22.49420575613775,22.653176294477323,22.45807684009501,22.609821319580078,4713600
2011-02-01,22.78323697578263,23.108401274624494,22.776010918711105,23.065046310424805,3219200
2011-02-02,23.18066767806065,23.23847339271901,23.079504231834008,23.101181030273438,2948300
2011-02-03,23.173438920433764,23.317957333533894,23.021695827085388,23.274600982666016,1975100
2011-02-04,23.433571512722104,23.484152543838228,23.19511571763797,23.274600982666016,4677800
2011-02-07,23.37576126511213,23.44802184439014,23.238470299172786,23.260147094726562,2239400
2011-02-08,23.339637817059124,23.339637817059124,23.158990461266935,23.2890567779541,4653200
2011-02-09,23.296282975621022,23.36131613050255,23.06505321480342,23.130084991455078,2916000
2011-02-10,22.942210748966904,23.22402014075534,22.891629717438693,23.20956802368164,3180200
2011-02-11,23.209569244814006,23.382991902363262,23.14453609279049,23.281829833984375,2537400
2011-02-14,23.310729333405376,23.513056209439096,23.310729333405376,23.46969985961914,2059100
2011-02-15,23.49137247991648,23.58530984292948,23.44801889426348,23.46247100830078,5725400
2011-02-16,23.5780901815957,23.87435169125803,23.534733830257498,23.80931854248047,3053400
2011-02-17,23.896030150970905,23.953838623443158,23.765963844368017,23.92493438720703,2855700
2011-02-18,23.997192221337666,24.05500069380992,23.845449115787524,23.92493438720703,1717600
2011-02-22,23.83822197535101,24.040546095208903,23.498604125767205,23.55640983581543,3373000
2011-02-23,23.556414785623534,23.729837465127577,23.46248014249966,23.592546463012695,2549100
2011-02-24,23.816539996500868,23.888800572275766,23.440793271848758,23.563634872436523,2687900
2011-02-25,23.77319500785217,24.01887554144769,23.765967569430472,23.97551918029785,2119500
2011-02-28,24.177839111638903,24.365713887205764,24.14893487594252,24.32958221435547,4269500
2011-03-01,24.430744783612322,24.452421580153384,24.148932646281626,24.1850643157959,4434600
2011-03-02,24.16338831901332,24.365715223524834,24.16338831901332,24.300682067871094,3308100
2011-03-03,24.430744477286066,24.49577762255321,24.32235498302105,24.488550186157227,4468700
2011-03-04,24.618612465114396,24.618612465114396,24.44519261030016,24.553579330444336,3274100
2011-03-07,24.676427643548678,24.719781240833477,24.177839223096328,24.22842025756836,3751500
2011-03-08,24.286230265112078,24.29345494629656,23.997193401456105,24.13448715209961,5082400
2011-03-09,24.18506858777372,24.24287430758031,23.881579600294582,24.00442123413086,2334000
2011-03-10,23.66479976434957,23.71538079523753,23.260148760786436,23.375762939453125,4424300
2011-03-11,23.122858885581675,23.61421985741705,22.86995234087467,23.54918670654297,2318500
2011-03-14,23.151757579406485,23.455243706540276,23.151757579406485,23.44801902770996,2534600
2011-03-15,22.41471633451161,23.17343441003876,22.35690925616887,23.065046310424805,4511900
2011-03-16,22.97834334060024,23.289057016258973,22.566467585696323,22.85550308227539,4058600
2011-03-17,23.317954747565054,23.397440003778158,23.079500357155325,23.346858978271484,6693000
2011-03-18,23.541960442652396,23.635895065906535,23.36853779983198,23.46969985961914,2842000
2011-03-21,23.88880921445829,23.997195982642715,23.80209649215861,23.97551918029785,3252300
2011-03-22,23.98274173748319,24.033322776113334,23.86712754112003,23.953840255737305,2706900
2011-03-23,23.910484054226284,24.062227171105445,23.7948698571098,24.026098251342773,3557600
2011-03-24,24.163390746375757,24.228423908562483,23.975518698091918,24.069456100463867,3840500
2011-03-25,24.06945459136508,24.242874508683283,23.90325935541018,23.939388275146484,4111600
2011-03-28,23.95383893386823,24.069453123851336,23.72983523482484,23.758739471435547,5061700
2011-03-29,23.79486075739815,23.94660381624721,23.643117698549087,23.89602279663086,4772500
2011-03-30,24.156156229574627,24.29344717986745,24.112799886948977,24.235641479492188,3028500
2011-03-31,24.307904978083766,24.409067044739782,24.257323944755758,24.28622817993164,6803400
2011-04-01,24.481323330599068,24.63306640391742,24.416290191111333,24.517452239990234,4389800
2011-04-04,24.58248342493436,24.640289124072297,24.502998176718176,24.568031311035156,3857400
2011-04-05,24.539134178514036,24.763137874032097,24.539134178514036,24.712556838989258,4287900
2011-04-06,24.94378749898517,24.979916419257798,24.589717464809578,24.719783782958984,5257100
2011-04-07,24.712559068768396,24.77036478983608,24.474103233656894,24.546363830566406,2960900
2011-04-08,24.748685562044283,24.849847631337344,24.64029605553906,24.777589797973633,3135100
2011-04-11,24.698107994985474,24.777593276720996,24.264555421013572,24.39461898803711,2915900
2011-04-12,24.206742230001606,24.206742230001606,23.715381271681828,23.932157516479492,4030900
2011-04-13,24.120026608707335,24.19951185627337,23.838217281125097,23.968280792236328,3230500
2011-04-14,23.83822662801397,24.018873986419333,23.765966030775864,23.982742309570312,2530000
2011-04-15,23.939386505325096,24.06222537463911,23.845449115787524,23.92493438720703,2339100
2011-04-18,23.780415184652313,23.780415184652313,23.296281647601287,23.672025680541992,3222200
2011-04-19,23.794868080604143,23.96828798510154,23.78764064331527,23.92493438720703,2316500
2011-04-20,24.26454734802246,24.36570939786122,24.221191002466224,24.26454734802246,2655500
2011-04-21,24.452428817749023,24.524686665246183,24.30068568412887,24.452428817749023,3513200
2011-04-25,24.495782032523646,24.524683513932683,24.21396984799188,24.293455123901367,2764100
2011-04-26,24.307900844288692,24.416290329535784,24.24286770443226,24.36570930480957,2900000
2011-04-27,24.452421511151396,24.48855042410434,23.98273737338501,24.372936248779297,4505200
2011-04-28,24.372940201702708,24.488554395778632,24.25010132644821,24.358488082885742,4599200
2011-04-29,24.271777772161442,24.575263993508482,24.177840379452217,24.35126304626465,5546400
2011-05-02,24.48133284463357,24.799271229877064,24.358491197213475,24.43075180053711,2436900
2011-05-03,24.409069603408568,24.416297041189942,23.78041758296263,23.953840255737305,4034300
2011-05-04,23.968287201122664,23.968287201122664,23.426345193490242,23.672025680541992,3082900
2011-05-05,23.35408805614735,23.41912120925536,22.99279337364945,23.151763916015625,8218800
2011-05-06,23.491377170988248,23.64312302045309,23.122857837052386,23.32518196105957,6529100
2011-05-09,23.419123783508656,23.621447945880053,23.281832781393774,23.592546463012695,3028300
2011-05-10,23.70816244789963,23.7659681744442,23.505835513843163,23.693710327148438,3691100
2011-05-11,23.70815822289795,23.70815822289795,23.137311959026615,23.224021911621094,5170200
2011-05-12,23.093955443715316,23.26015066688919,22.79769391432543,23.151763916015625,3141200
2011-05-13,23.166212772259218,23.187889568089876,22.75433573449135,22.956661224365234,3053300
2011-05-16,22.833822010736238,23.224019513580487,22.783240980573993,22.94943618774414,4430900
2011-05-17,22.841048843815823,23.122858237552474,22.7398854018303,23.057825088500977,6787400
2011-05-18,23.15175937583715,23.462472962369592,23.09395091487338,23.41189193725586,3144800
2011-05-19,23.44801889426348,23.578085164140283,23.303500510349377,23.46247100830078,2239300
2011-05-20,23.390222336079457,23.53474079350614,23.101186799456247,23.368545532226562,2298400
2011-05-23,23.0144693345898,23.101179278230873,22.855498807531653,22.94943618774414,3484500
2011-05-24,23.195117594651247,23.339636019446207,23.101181583295414,23.18789291381836,1678600
2011-05-25,23.11562791066826,23.50582535469758,23.10117579616323,23.426340103149414,1481000
2011-05-26,23.368533958577785,23.520277023315426,23.23846768695725,23.52027702331543,2769400
2011-05-27,23.556411030822392,23.693704767513157,23.50582999829196,23.541961669921875,3363700
2011-05-31,23.968286233867715,24.00441790475277,23.63589581081729,23.773189544677734,6080100
2011-06-01,23.765963287602233,23.802092203821157,23.079504231834008,23.101181030273438,2563200
2011-06-02,23.09395093538847,23.195112985705805,22.826593694341355,23.079500198364258,3178000
2011-06-03,22.65317074715864,23.12285343184714,22.56645944036825,23.01446533203125,3390200
2011-06-06,23.007239314433573,23.065046392983227,22.544782686036346,22.631492614746094,1991500
2011-06-07,22.790466682280986,22.93498371216455,22.653174332396368,22.660400390625,1351400
2011-06-08,22.588137022684528,22.682073005881257,22.40026367806164,22.458070755004883,2859800
2011-06-09,22.530334318247863,22.761562670895767,22.45084905518901,22.682077407836914,1506100
2011-06-10,22.58091419392689,22.61704310534532,22.140134307827957,22.284652709960938,3657900
2011-06-13,22.277425193695667,22.385813299085235,21.99561584403688,22.19071388244629,2905000
2011-06-14,22.450852812631062,22.6459522846663,22.371367536269315,22.59537124633789,4474900
2011-06-15,22.364141437045234,22.47975562538848,22.002846753915133,22.132911682128906,3047500
2011-06-16,21.966716074411316,22.06787952111443,21.713809524998243,21.89445686340332,2703100
2011-06-17,21.94504022080369,22.09678333004757,21.79329573332994,21.851102828979492,2327200
2011-06-20,21.713810265884003,21.96671682392637,21.713810265884003,21.916135787963867,2049200
2011-06-21,22.096781072524834,22.508656759227264,22.075102897034803,22.436397552490234,1543200
2011-06-22,22.33165362450074,22.644441085110778,22.30983066274129,22.389846801757812,1333800
2011-06-23,21.975221608152378,22.164349804809138,21.815190697489715,22.13525390625,2310100
2011-06-24,22.11342989829427,22.157074437791017,21.77881944976107,21.822463989257812,1558200
2011-06-27,21.72789466601508,21.96794164896194,21.64787854255462,21.931570053100586,2712100
2011-06-28,22.04068541142406,22.317104032190517,22.026138158305873,22.309829711914062,2770700
2011-06-29,22.564424311255802,22.80447131935705,22.455312287106995,22.73172950744629,3719000
2011-06-30,22.81174642079546,23.07361501023698,22.789923460244204,23.03724479675293,3137300
2011-07-01,23.0226959487789,23.26274296293926,22.87721370871987,23.20454978942871,3030400
2011-07-05,23.350030457596574,23.451870932395003,23.270015716552734,23.270015716552734,2299900
2011-07-06,23.270014034988332,23.270014034988332,23.066337262413615,23.16090202331543,3142900
2011-07-07,23.42277436997616,23.47369322149749,23.29911231994629,23.29911231994629,3381600
2011-07-08,23.131805402582362,23.30638629112896,23.066337916236026,23.233644485473633,1513900
2011-07-11,22.92085828366644,23.037244630899142,22.644439668412744,22.746278762817383,2055500
2011-07-12,22.60806671968568,23.015418885711814,22.571696510864154,22.840839385986328,2859300
2011-07-13,22.971779259890884,23.386407221085705,22.95723061828373,23.15363311767578,1841300
2011-07-14,23.299117220816424,23.357311791864234,22.920862221050214,22.979055404663086,3204700
2011-07-15,23.175455217733916,23.277292930324958,23.044520223011272,23.24819564819336,1648800
2011-07-18,23.073615286030314,23.168180062114693,22.862665547918915,22.986326217651367,2684900
2011-07-19,23.277294279070905,23.42277792328904,23.26274563716212,23.350034713745117,2207400
2011-07-20,23.437321325943074,23.54643195356345,23.371853839423213,23.45186996459961,2965500
2011-07-21,23.59007843030618,23.79375382660117,23.502789371161064,23.706464767456055,1832200
2011-07-22,23.648267022926024,23.742831776256644,23.604623886672496,23.721010208129883,1214600
2011-07-25,23.611903188901817,23.786484105629036,23.56826004087216,23.691919326782227,2035600
2011-07-26,23.742839302117257,23.742839302117257,23.451874793680034,23.488245010375977,1572600
2011-07-27,23.43004537098916,23.451869716177328,22.840839385986328,22.840839385986328,3395900
2011-07-28,22.86993594734696,23.01541816551518,22.666259176990064,22.811742782592773,2431700
2011-07-29,22.54987392943587,22.62261573572741,22.331649897995796,22.506229400634766,3710500
2011-08-01,22.76809930371007,22.913582924873598,22.3825700662656,22.549875259399414,3502800
2011-08-02,22.4407655437346,22.542603256555296,21.997041702270508,21.997041702270508,2820300
2011-08-03,22.055234632318875,22.12797644956278,21.604237862789226,22.10615348815918,4022600
2011-08-04,21.829737019632002,21.851559981807444,20.920467740510883,21.04412841796875,6272800
2011-08-05,21.087770210069316,21.189607912096392,20.10575923895155,20.680418014526367,7277600
2011-08-08,19.99664699195211,20.149404930707064,19.487457100116373,19.55292320251465,5948000
2011-08-09,19.829342377845883,20.658595423263098,19.451086067242198,20.644046783447266,5736200
2011-08-10,20.440372093689827,20.7677081764351,20.018471236254914,20.31671142578125,4741500
2011-08-11,20.484019517046633,21.255079526495397,20.16395632187671,21.145967483520508,4373500
2011-08-12,21.335092721040883,21.356915681591232,21.022303890326082,21.109594345092773,2187900
2011-08-15,21.356914966816557,21.604236295037648,21.284173154851295,21.596961975097656,1514500
2011-08-16,21.35691386632244,21.4660258849306,21.182334359062466,21.28417205810547,3432600
2011-08-17,21.42238013885435,21.706071648617698,21.349638334766837,21.41510581970215,1954200
2011-08-18,20.898642672559355,20.898642672559355,20.389452760019093,20.534934997558594,2614200
2011-08-19,20.491287423236813,20.818624837120176,20.17849864717815,20.222143173217773,2172200
2011-08-22,20.68769248908443,20.716788380980727,20.22942005166464,20.29488754272461,1694900
2011-08-23,20.403998519209036,20.825899335833792,20.21487176299326,20.818626403808594,3641400
2011-08-24,20.825900697634324,21.02957749352259,20.614950969245278,20.92046546936035,1716600
2011-08-25,20.98592899708751,21.12413827488367,20.665865917561707,20.745882034301758,2447800
2011-08-26,20.629498298245135,20.920464140000337,20.236693371299683,20.876819610595703,2290900
2011-08-29,21.1459598926103,21.342362331922107,21.1241383243097,21.305992126464844,2496600
2011-08-30,21.26234833422758,21.596960085009908,21.116866110463796,21.495121002197266,1568000
2011-08-31,21.567861685475446,21.82245729810692,21.48784695217116,21.742441177368164,3869100
2011-09-01,21.844283373140932,21.909750865375457,21.669703856327082,21.713348388671875,2143300
2011-09-02,21.255074203277715,21.53876710888496,21.23325263260877,21.327816009521484,1354800
2011-09-06,20.80407831668771,21.08049552631775,20.68041765746081,21.07322120666504,3262100
2011-09-07,21.19688293812055,21.509671761836344,21.10959387274176,21.487850189208984,1917700
2011-09-08,21.386007883676914,21.57513601349907,21.305993150338885,21.342363357543945,2791200
2011-09-09,21.095048733628506,21.109597376084352,20.61495463206486,20.68769645690918,1914700
2011-09-12,20.353081057241837,20.585853746076893,20.040292236331734,20.360355377197266,2204900
2011-09-13,20.440370633833773,20.63677310191465,20.33125861404482,20.5567569732666,1897500
2011-09-14,20.585848473800567,20.80407385426936,20.345801526488913,20.60039710998535,2923500
2011-09-15,20.767708566761037,21.015029907226562,20.702241071494587,21.015029907226562,929400
2011-09-16,21.00048348623162,21.116869840776207,20.811355313237968,20.862274169921875,1502100
2011-09-19,20.46946645072775,20.585852789738425,20.294886942211743,20.440370559692383,1567800
2011-09-20,20.47673824056979,20.72405952727109,20.294884434903214,20.425819396972656,3957500
2011-09-21,20.353079710366327,20.353079710366327,19.691131900008376,19.698406219482422,13453700
2011-09-22,18.78914356205568,18.832788106483395,18.374516921404744,18.65093421936035,5247500
2011-09-23,18.367241561388724,18.70912635038155,18.33814427512467,18.49817657470703,3343500
2011-09-26,18.53454067416758,18.96371579278477,18.13446283220522,18.934619903564453,2439800
2011-09-27,19.53110076153056,19.78569638983368,19.225586285053723,19.291053771972656,2847300
2011-09-28,19.43653237315134,19.43653237315134,18.69456997213433,18.73821449279785,3187300
2011-09-29,19.065558294982495,19.109204220973258,18.570916954000968,18.8546085357666,2821400
2011-09-30,18.49817217983392,18.854605527275844,18.439979008566556,18.54181671142578,2988700
2011-10-03,18.42542837842724,18.476347224356186,17.83622240956666,17.865318298339844,4700100
2011-10-04,17.457965357037487,17.74893116883456,17.07970910798408,17.71983528137207,5300000
2011-10-05,17.778031426941492,18.570914264283285,17.68346665509266,18.49089813232422,3070600
2011-10-06,18.5054467171561,19.065555476899128,18.38178605333031,19.051008224487305,2087000
2011-10-07,19.196487065739205,19.240132977559856,18.65092565489083,18.730941772460938,2410100
2011-10-10,19.18194247935803,19.49472989956413,19.109200670324327,19.480182647705078,4086600
2011-10-11,19.276508666851544,19.356524807183654,19.109203452916056,19.341976165771484,3672000
2011-10-12,19.662037272876596,19.97482470575046,19.560198181131124,19.78569793701172,2406800
2011-10-13,19.625665904321554,19.654763184430017,19.291055507682316,19.51655387878418,1316500
2011-10-14,19.81479177338956,20.018468548312644,19.720228398831946,20.011194229125977,1265500
2011-10-17,19.916629191933616,19.945726468278224,19.443809550809735,19.502002716064453,1103200
2011-10-18,19.421993131643063,19.95300607884478,19.218316305519792,19.822071075439453,3069000
2011-10-19,19.858434621026174,19.909354851024915,19.356519126519604,19.400163650512695,1226000
2011-10-20,19.356520762413542,19.582019107442388,19.080102183082488,19.45108413696289,1574800
2011-10-21,19.85116774480855,19.923908177839216,19.647490924992137,19.80752182006836,3344700
2011-10-24,20.033019539813566,20.27306655143197,19.938454766713622,20.251243591308594,1785500
2011-10-25,20.207600476797555,20.229422051017828,19.851167094373697,19.894811630249023,5609600
2011-10-26,20.185776711232627,20.338533274430045,19.81479470247997,20.265792846679688,1721700
2011-10-27,20.854997071600412,21.20415608872875,20.76770662360103,21.058673858642578,2652200
2011-10-28,20.87682262395177,21.145965546135397,20.87682262395177,21.087772369384766,2339900
2011-10-31,20.804081530809544,20.92774220914137,20.534937211816217,20.542211532592773,2550200
2011-11-01,19.77842435927443,20.08393887110624,19.560198915146156,19.872987747192383,4164700
2011-11-02,20.185776030416147,20.360355548511368,19.974824912237747,20.134857177734375,2359100
2011-11-03,20.462189473250643,20.702236439709477,20.08393461431526,20.651317596435547,1861500
2011-11-04,20.40399742126465,20.491287862650218,20.091210025933066,20.40399742126465,4139000
2011-11-07,20.462195391485466,20.585856069817297,20.323987459035347,20.542211532592773,1205700
2011-11-08,20.571307278345305,20.69496794743561,20.418549328323294,20.665870666503906,2454900
2011-11-09,20.13485538231444,20.287611926738496,19.851163864135742,19.851163864135742,1956200
2011-11-10,20.04029648786733,20.105763993920412,19.59657397592807,19.8657169342041,1662900
2011-11-11,20.07666099976591,20.33852954399237,20.025742154706165,20.280336380004883,892600
2011-11-14,20.091208174470864,20.280334903081116,19.902080058426243,20.062110900878906,1197300
2011-11-15,19.974826103717994,20.062116561689738,19.771150680841853,19.945730209350586,1827900
2011-11-16,19.822068183936363,20.178501537081956,19.69840751958506,19.843891143798828,4871900
2011-11-17,19.829337735537457,19.851160690152167,19.218308880668975,19.320146560668945,1990300
2011-11-18,19.44380843925616,19.538373194535605,19.26195463480198,19.349245071411133,2291300
2011-11-21,19.02191155515661,19.02191155515661,18.636382298896805,18.90552520751953,2749600
2011-11-22,18.898253406859876,19.08738159384319,18.832785904156616,18.920076370239258,2834300
2011-11-23,18.672748021577377,18.72366686299363,18.330863381043716,18.374507904052734,1904500
2011-11-25,18.279948823391525,18.374513604589083,18.14901521374343,18.156288146972656,1535900
2011-11-28,18.96371410608914,18.97826274312255,18.65092534704272,18.72366714477539,3857800
2011-11-29,18.82551072241954,19.05828482552032,18.774591864296966,19.014638900756836,5569500
2011-11-30,19.727506845820642,20.003924095579144,19.603846168641486,19.97482681274414,6618900
2011-12-01,19.887534516884546,20.12030719211099,19.79296975042719,19.93117904663086,1725300
2011-12-02,20.120308016646202,20.178501187837583,19.749326030013158,19.778423309326172,1822900
2011-12-05,20.040291374443264,20.243968162131583,19.836615974189552,19.938453674316406,3061300
2011-12-06,19.916632927548417,20.113035417408774,19.76387636039131,19.945730209350586,2015200
2011-12-07,19.865708466436296,20.15667426518403,19.727500579177605,20.062110900878906,3916900
2011-12-08,19.931184280846647,19.9675558880491,19.400171302605358,19.458364486694336,2803300
2011-12-09,19.50928276409514,19.763878457135057,19.443815260529593,19.720233917236328,2193800
2011-12-12,19.378348977415264,19.392897620776086,19.11648033409546,19.312881469726562,1832800
2011-12-13,19.407439549729386,19.55292177070001,18.803684933486732,18.934619903564453,3661800
2011-12-14,18.71640067194756,18.818239786436788,18.410886103349835,18.49817657470703,2015800
2011-12-15,18.75277258998839,18.796417132671472,18.439983694650454,18.505451202392578,2076700
2011-12-16,18.56363502270948,18.767310377428764,18.51998911461166,18.73821449279785,2423400
2011-12-19,18.760043732249425,18.803688267535698,18.432706249015485,18.476350784301758,1980900
2011-12-20,18.847392809384313,19.053940092581506,18.81051001920079,18.899030685424805,3585600
2011-12-21,18.95804606301634,19.120332327319524,18.832642592922113,19.076072692871094,4909800
2011-12-22,19.142466535892712,19.393273524399902,19.061322684614304,19.385896682739258,3570900
2011-12-23,19.43753393002641,19.54080690335009,19.422780246126244,19.474416732788086,1477600
2011-12-27,19.385892813303613,19.518671715726423,19.37113913292717,19.408021926879883,1345700
2011-12-28,19.437534045703508,19.5113010586546,19.053946703948828,19.10558319091797,1912800
2011-12-29,19.105577740994267,19.356384669291298,19.09820090110455,19.319501876831055,1862700
2011-12-30,19.363760670486098,19.63669810663065,19.326877879623343,19.621944427490234,2737600
2012-01-03,20.027663210925684,20.234210523255545,19.97602673459033,20.212080001831055,6790400
2012-01-04,20.116182381583602,20.226832166434043,20.03503854943205,20.175195693969727,1414100
2012-01-05,19.96127636471262,20.130940909799854,19.887509354716695,20.04979705810547,1024000
2012-01-06,20.064545525065633,20.064545525065633,19.754725289221632,19.843244552612305,906400
2012-01-09,19.91701541643897,19.924392257654063,19.732598607027498,19.90226173400879,1731800
2012-01-10,20.20470963172371,20.27847665310674,20.160449981689453,20.160449981689453,973700
2012-01-11,20.175194455794106,20.18257129526319,20.02028364091987,20.064544677734375,3173100
2012-01-12,20.145679929530868,20.226823727829334,19.99814741361011,20.167810440063477,1020200
2012-01-13,19.968647397870537,20.012907028198242,19.703086801927753,20.012907028198242,901200
2012-01-17,20.226837521386045,20.278474007520856,20.04979753735724,20.13094139099121,1121500
2012-01-18,20.101429583040325,20.41124983839791,20.079299062304635,20.381742477416992,1369200
2012-01-19,20.49976921081543,20.6325481058212,20.426002220042232,20.49976921081543,1078100
2012-01-20,20.426004797560825,20.49239495693552,20.374368319600173,20.470264434814453,911900
2012-01-23,20.536655650999084,20.86122962386801,20.536655650999084,20.831722259521484,2424800
2012-01-24,20.632549288564007,20.654679809161077,20.49239354574778,20.551406860351562,4580900
2012-01-25,20.43337943926273,20.964499250113583,20.35223560720655,20.91286277770996,2451000
2012-01-26,21.075150857662464,21.119410493981047,20.735824634239226,20.794837951660156,1717000
2012-01-27,20.71369527778285,20.942371719779025,20.71369527778285,20.84647560119629,2376000
2012-01-30,20.58091442240539,20.77270806160203,20.49977198785226,20.706317901611328,3172300
2012-01-31,20.898112778011964,21.001385741005436,20.57353879961858,20.73582649230957,4552500
2012-02-01,21.00138665982586,21.060399985116646,20.89811369231415,20.920244216918945,4049400
2012-02-02,20.94975128073826,21.08253162139112,20.87598426848792,20.99401092529297,1366900
2012-02-03,21.193178280613722,21.24481475940368,21.060397959731816,21.23006248474121,3194000
2012-02-06,20.99400692603968,21.207931080115305,20.99400692603968,21.104658126831055,1806800
2012-02-07,21.038267474635834,21.112034471099992,20.81696648524335,21.023513793945312,4610100
2012-02-08,21.07514914382778,21.193175769071697,20.87597868610803,21.0308895111084,1515500
2012-02-09,21.09728039827442,21.156293712951186,20.920240454244134,20.9792537689209,2722200
2012-02-10,20.654682159423828,20.72107232178106,20.56616147395133,20.654682159423828,1877600
2012-02-13,20.831722556075327,20.91286640219484,20.698942228602885,20.75795555114746,1545400
2012-02-14,20.69156540101475,20.74320328939022,20.521902274461127,20.67681312561035,1424100
2012-02-15,20.861226481494167,20.861226481494167,20.639925503196004,20.7210693359375,1562800
2012-02-16,20.63992687098631,21.008760452270508,20.595667235188976,21.008760452270508,1373300
2012-02-17,21.10466210855578,21.10466210855578,20.861231953467087,20.93499755859375,914900
2012-02-21,21.082529937192348,21.30382954927589,21.01613977216956,21.20793342590332,3163000
2012-02-22,21.13416199980973,21.34070929301796,21.104656047630456,21.296449661254883,1641700
2012-02-23,21.340714665957233,21.392351150512695,21.20055748860049,21.392351150512695,1397400
2012-02-24,21.37021901545502,21.429232337213367,21.289076577405154,21.31858253479004,1203200
2012-02-27,21.185796908997126,21.340707719226323,21.05301802349981,21.281694412231445,1545000
2012-02-28,21.355462357127948,21.480865815999415,21.252188010006083,21.46611213684082,1437500
2012-02-29,21.584142544853407,21.70954602573727,21.34808926483402,21.407102584838867,3692600
2012-03-01,21.5620068429831,21.69478713284698,21.49561669805116,21.62839698791504,1799700
2012-03-02,21.52513491545081,21.665292115136392,21.384977715765224,21.429237365722656,1008700
2012-03-05,21.333335633395752,21.348089315178893,21.07515183014498,21.11941146850586,950200
2012-03-06,20.72845216898952,20.75795813043378,20.47026832315557,20.588294982910156,2686400
2012-03-07,20.610419834166613,20.72106962134558,20.433379893282584,20.647302627563477,1276900
2012-03-08,20.853851023485603,21.10465797131793,20.780084025831073,21.008760452270508,1575500
2012-03-09,21.075147291852883,21.215304424634386,21.03826450232586,21.089900970458984,852900
2012-03-12,21.03088861303842,21.097278762776646,20.853848682732576,20.905485153198242,1101600
2012-03-13,20.949747052885584,21.237438201904297,20.9349933720152,21.237438201904297,1047000
2012-03-14,21.148913644091245,21.200550110676897,20.809586081261244,20.890729904174805,1270200
2012-03-15,20.920245077553645,21.18580434879265,20.84647806615831,21.0456485748291,1176400
2012-03-16,21.12678343115325,21.230057772800293,21.112031159764996,21.1857967376709,1327600
2012-03-19,21.15629582250526,21.318582102301278,21.134165299674127,21.215309143066406,916800
2012-03-20,20.986635247110577,21.060400851517198,20.787464738439784,21.0456485748291,1227400
2012-03-21,21.03089024061772,21.097280395493875,20.927617291694094,21.060396194458008,1145100
2012-03-22,20.765332450169733,20.83172261409085,20.691565445036428,20.73582649230957,1515300
2012-03-23,20.79483392182345,20.949743322412782,20.698936420230645,20.927614212036133,1273000
2012-03-26,21.15629251918543,21.31857877364226,21.15629251918543,21.296449661254883,1237000
2012-03-27,21.318581951612614,21.35546615607046,21.104659193711257,21.11941146850586,936400
2012-03-28,21.038270867500515,21.10466103432623,20.780087041732582,20.920244216918945,1721000
2012-03-29,20.802214785685596,20.875980377197266,20.492394517575775,20.875980377197266,6181000
2012-03-30,20.95712162366391,21.00875809412958,20.79483537263063,20.905485153198242,1208700
2012-04-02,20.883349675257612,21.296444154864712,20.853843730707368,21.24480628967285,1644300
2012-04-03,21.171044275096655,21.237434420202998,20.831716710443327,20.927614212036133,1406800
2012-04-04,20.69893447197152,20.75057093397442,20.4112448082479,20.558778762817383,1967000
2012-04-05,20.551410876433476,20.610424202569426,20.35224037310389,20.440759658813477,1267400
2012-04-09,20.17519379463392,20.366987393580054,20.145686437724567,20.256336212158203,1399600
2012-04-10,20.138317054140746,20.24896827652809,19.850627252706623,19.93914794921875,1883500
2012-04-11,20.116183789747218,20.21207990146691,20.05717047323007,20.094053268432617,2636400
2012-04-12,20.23421273705275,20.684190206329575,20.204705371925073,20.62517547607422,1587200
2012-04-13,20.580918711686223,20.588295553999103,20.241592407226562,20.241592407226562,1068400
2012-04-16,20.337482346057417,20.396495659589053,20.145688725332498,20.21945571899414,3945500
2012-04-17,20.507140959739804,20.772701516023204,20.433375389206034,20.6177921295166,1950300
2012-04-18,20.521900227005514,20.706317017552994,20.4850174316914,20.580913543701172,722500
2012-04-19,20.55878707450092,20.772709847426338,20.4555127017544,20.529279708862305,3059900
2012-04-20,20.625172839743563,20.765329992207786,20.56615952401996,20.595666885375977,525200
2012-04-23,20.330103705632208,20.366987902690887,20.094050472409673,20.337480545043945,3316200
2012-04-24,20.359608433035977,20.4850118728582,20.337477917659793,20.389114379882812,952700
2012-04-25,20.617797507872226,20.72844729952504,20.514523149606287,20.713693618774414,1188200
2012-04-26,20.654682645964076,20.74320333352176,20.632552122327503,20.73582649230957,1056700
2012-04-27,20.831718663979384,21.01613543834923,20.772705352460566,20.986629486083984,919200
2012-04-30,20.86860773316309,20.95712701760494,20.698943191837007,20.920244216918945,1234600
2012-05-01,20.964498239683806,21.14891500765886,20.88335441153853,21.038265228271484,1160300
2012-05-02,20.875981558072304,20.883358399038446,20.684189320906835,20.84647560119629,942500
2012-05-03,20.839098779159073,20.868606143050442,20.35961537183277,20.418628692626953,1276500
2012-05-04,20.26371865930509,20.2784723418428,19.939146085407103,19.998159408569336,1132500
2012-05-07,19.91701070232922,20.079296949684277,19.865374233033897,20.064544677734375,1622900
2012-05-08,19.79898859391894,19.872755598421573,19.46703777715138,19.666208267211914,2638600
2012-05-09,19.312127136109154,19.717843525225334,19.26786749894831,19.555557250976562,1959800
2012-05-10,19.762108116350795,19.84325056454468,19.58506672195437,19.62932777404785,1384600
2012-05-11,19.52604803740751,19.887504755101673,19.489165244434204,19.61456871032715,979900
2012-05-14,19.326876635267208,19.393266780136283,19.216225455826624,19.223602294921875,3603000
2012-05-15,19.194103426304533,19.26787043748178,18.89165994676766,18.943296432495117,2089900
2012-05-16,18.958047669742598,19.164593585999324,18.75150034649734,18.803136825561523,2562900
2012-05-17,18.80313056915212,18.90640349291824,18.626090668272454,18.640844345092773,1854900
2012-05-18,18.79576019744336,18.88428088183286,18.47856307161476,18.530200958251953,1511400
2012-05-21,18.53757847766327,18.943296333524064,18.53757847766327,18.90641212463379,1597300
2012-05-22,18.943289805573947,19.06131641937287,18.71461341721206,18.817886352539062,2301400
2012-05-23,18.589212337800863,18.99492869866634,18.353157673073394,18.980175018310547,1850800
2012-05-24,19.031815720316846,19.068699929399827,18.6998662805023,18.943296432495117,1361500
2012-05-25,18.86952135904779,18.958042016036526,18.79575437938853,18.840015411376953,1623400
2012-05-29,19.04656068884095,19.216223752024025,18.9359109261993,19.0908203125,3654100
2012-05-30,18.810510464933216,18.82526414415153,18.60396317684169,18.63347053527832,1734800
2012-05-31,18.69985916998889,18.832639458221255,18.46380594957054,18.6777286529541,2855700
2012-06-01,18.44167776984051,18.500691082424467,18.301520624832985,18.33102798461914,1716000
2012-06-04,18.426925902226312,18.426925902226312,18.02120951418316,18.294145584106445,1770600
2012-06-05,18.279398128253767,18.596593918834582,18.279398128253767,18.574464797973633,1623200
2012-06-06,18.80313362863104,19.06131738704378,18.773627677177515,19.002304077148438,1090100
2012-06-07,19.21623219815022,19.29737604968042,18.921165565752247,18.958049774169922,1269700
2012-06-08,18.795755834831184,18.884276498674485,18.62609275336876,18.817886352539062,1766800
2012-06-11,18.95067139159663,19.024438395445255,18.51544761657715,18.51544761657715,1206800
2012-06-12,18.67035316061012,18.82526397705078,18.55232654188784,18.82526397705078,1434300
2012-06-13,18.75150264885662,19.017063324636975,18.69248932168195,18.76625633239746,1402100
2012-06-14,18.87690196518614,18.92116159901984,18.7219911362856,18.86214828491211,1168700
2012-06-15,18.862149609881754,19.00968360900879,18.847395928571352,19.00968360900879,1164300
2012-06-18,18.899032748088963,19.127709167558997,18.82526575268264,19.076072692871094,933600
2012-06-19,19.238358540576293,19.56293246914257,19.208852587245747,19.481788635253906,990200
2012-06-20,19.489164295795597,19.599814076317976,19.230980536584514,19.430150985717773,1050600
2012-06-21,19.375112132782114,19.375112132782114,18.653659310694216,18.68341064453125,1850800
2012-06-22,18.765227833468263,18.839604764731053,18.653663145885062,18.817291259765625,861900
2012-06-25,18.556977663268746,18.616478935889212,18.46772504502693,18.534664154052734,1184200
2012-06-26,18.586721814107932,18.69828648827278,18.415655885813706,18.646223068237305,1561800
2012-06-27,18.698286195303268,18.809852286341872,18.609035024818517,18.772663116455078,1383600
2012-06-28,18.63134523994973,18.69828432041215,18.415653750720985,18.661096572875977,1707000
2012-06-29,19.263551066544096,19.337927996408517,19.092485120891286,19.21892547607422,2015100
2012-07-02,19.285865525245473,19.315615447489936,19.092486065479434,19.30074119567871,1816300
2012-07-03,19.427178960500697,19.828812078162134,19.41974112627821,19.776748657226562,3293700
2012-07-05,19.73955694624744,19.82880810177556,19.680054284399972,19.702367782592773,1502500
2012-07-06,19.449490139709997,19.494115724346997,19.256110714787322,19.30817413330078,1388900
2012-07-09,19.218927200758372,19.34536756728792,19.099924669744926,19.256114959716797,1565600
2012-07-10,19.352796338963564,19.419735408635617,18.876785019226585,19.003225326538086,825600
2012-07-11,19.032985809711725,19.159426177842217,18.98092237906189,19.107362747192383,1329400
2012-07-12,18.87678642610918,18.99579032887881,18.71315836506089,18.92141342163086,1466700
2012-07-13,19.0106691525242,19.18173650596788,19.0106691525242,19.15198516845703,1373200
2012-07-16,19.13711032403071,19.204049417691664,19.018107806104997,19.159423828125,885500
2012-07-17,19.233801532655928,19.30074062901818,19.040422078567417,19.278427124023438,855800
2012-07-18,19.241239752306473,19.419743539966962,19.21892624686566,19.337928771972656,859400
2012-07-19,19.434610018942447,19.583363825144453,19.427173605391637,19.538738250732422,2231000
2012-07-20,19.3676730466668,19.4271742875125,19.31560821963301,19.3602352142334,885400
2012-07-23,19.04042049003505,19.189172921723742,18.86191672083551,19.15198516845703,1560800
2012-07-24,19.1966128544575,19.241239865601894,18.86935661779733,18.951169967651367,759000
2012-07-25,19.032980618304325,19.137107451202514,18.869352535375498,19.077606201171875,1087600
2012-07-26,19.352798948024343,19.47923927238198,19.21148295759602,19.434612274169922,1203400
2012-07-27,19.53130704766775,19.836251177123447,19.18173732865368,19.73212432861328,1622100
2012-07-30,19.709812290366433,19.858566158119892,19.709812290366433,19.784189224243164,1003300
2012-07-31,19.73955905973421,19.851123725400203,19.553617477416992,19.553617477416992,2857200
2012-08-01,19.657746348746468,19.694934101618895,19.464366912841797,19.464366912841797,1891200
2012-08-02,19.337922900253986,19.508988800825517,19.18916907972648,19.263545989990234,1483600
2012-08-03,19.56105627132459,19.732123626014005,19.56105627132459,19.635433197021484,1306600
2012-08-06,19.620556272609196,19.821373533553658,19.620556272609196,19.680057525634766,1254400
2012-08-07,19.85856175542525,20.07425325536418,19.85112392182436,20.037065505981445,1716600
2012-08-08,20.007314856368453,20.1560686962342,19.92550152120187,19.97012710571289,991100
2012-08-09,19.932935588300367,20.19325406808857,19.932935588300367,20.133752822875977,1454500
2012-08-10,20.022189949677305,20.23044503579052,19.985002200088594,20.223007202148438,1364700
2012-08-13,20.141190251775672,20.23787924132324,19.99987426524779,20.074251174926758,1211300
2012-08-14,20.1858195455232,20.245320800493822,20.126318290552575,20.16350746154785,747300
2012-08-15,20.19325734036997,20.312259850079307,20.141193919699862,20.27507209777832,969400
2012-08-16,20.356887983631868,20.587455181647034,20.289948890882,20.565141677856445,1904400
2012-08-17,20.572578254381444,20.646955177179816,20.542828336435182,20.609766006469727,1353300
2012-08-20,20.639519562519087,20.684145153548222,20.52051704069342,20.646957397460938,1870700
2012-08-21,20.7733948287436,20.922147250766134,20.609765320310522,20.67670440673828,2497800
2012-08-22,20.52051540016033,20.639517912472225,20.416388556542884,20.632080078125,1139200
2012-08-23,20.602328975429884,20.632078892487332,20.379198213701073,20.453575134277344,1743900
2012-08-24,20.41639328716174,20.632084858721075,20.40151761502049,20.550270080566406,1227000
2012-08-27,20.52795518429685,20.602332116211723,20.468453922489346,20.520517349243164,733500
2012-08-28,20.59489153829891,20.70645621200188,20.498201114100354,20.513076782226562,1095200
2012-08-29,20.58001529822629,20.594890965939083,20.416387209250832,20.49076271057129,1030300
2012-08-30,20.498202543000534,20.505640377582118,20.2081340874282,20.267635345458984,1134100
2012-08-31,20.46845080211695,20.580015473670475,20.282509209987158,20.453575134277344,1796100
2012-09-04,20.527958362793704,20.535396198999045,20.371766639725937,20.475894927978516,2479800
2012-09-05,20.423823543303655,20.48332621391831,20.37176012513758,20.46845054626465,1948400
2012-09-06,20.661831078732817,20.892398265251213,20.64695541028084,20.870084762573242,1806800
2012-09-07,21.011399816081877,21.234529158184486,21.011399816081877,21.227092742919922,1204300
2012-09-10,21.22709177370761,21.31634293902481,21.130401356222,21.14527702331543,1666100
2012-09-11,21.26427974843549,21.353530914699654,21.18990283080088,21.241966247558594,1904400
2012-09-12,21.30890316365819,21.36840440798804,21.182462842129556,21.256839752197266,3423300
2012-09-13,21.189905476002494,21.703104711261677,21.14527988729966,21.636165618896484,2175800
2012-09-14,21.72541481150926,22.03779674113424,21.72541481150926,21.85929298400879,2099100
2012-09-17,21.851853697265394,21.88904286416586,21.636162203729356,21.695663452148438,1495200
2012-09-18,21.688227700957988,21.70310336914632,21.569225192694933,21.658477783203125,2109400
2012-09-19,21.64359747633781,21.725410796595725,21.584096234958647,21.65103530883789,1186900
2012-09-20,21.479974876445876,21.554351806640625,21.36097235558306,21.554351806640625,1477700
2012-09-21,21.658479945542084,21.695667701103865,21.4799747467041,21.4799747467041,1074400
2012-09-24,21.316341400146484,21.420468225039947,21.25684015468999,21.316341400146484,1061200
2012-09-25,21.509727337434185,21.509727337434185,21.130406250423903,21.13784408569336,2017400
2012-09-26,21.033714374581955,21.11552771419869,20.94446178208335,21.056026458740234,1678600
2012-09-27,21.197342192823506,21.383283791006168,21.093215351800193,21.34609603881836,1083700
2012-09-28,21.241970501157766,21.241970501157766,21.063466714263228,21.18990707397461,2690200
2012-10-01,21.323782536332587,21.546911886703057,21.301469033846814,21.34609603881836,1659600
2012-10-02,21.346094213819992,21.465096712992953,21.28659296423351,21.368406295776367,2201500
2012-10-03,21.331222584715075,21.338660419649063,21.1601566370993,21.21965789794922,2732400
2012-10-04,21.338662414498874,21.55435397326058,21.338662414498874,21.539478302001953,2656900
2012-10-05,21.703103349929624,21.725415433570564,21.42790916317635,21.494848251342773,2255500
2012-10-08,21.4725346900158,21.4725346900158,21.331218689320384,21.44278335571289,903600
2012-10-09,21.457664501083553,21.517165766258557,21.249409363660007,21.294034957885742,2097400
2012-10-10,21.27171862057825,21.286594288555765,21.063463524758355,21.10065269470215,2033000
2012-10-11,21.279156418094928,21.32378200332921,21.189903829004585,21.212217330932617,2023700
2012-10-12,21.15271719872235,21.24196837392073,21.041152520413448,21.093215942382812,1481000
2012-10-15,21.06346309555873,21.22709260273366,20.996524009645672,21.1527156829834,4344000
2012-10-16,21.182466524499656,21.37584595684424,21.175028690337733,21.34609603881836,2875000
2012-10-17,21.40559785968612,21.643602884675854,21.36840868789282,21.61385154724121,4589100
2012-10-18,21.56178708270125,21.643601838068392,21.44278457596092,21.509723663330078,2237500
2012-10-19,21.375851002627876,21.398164510380767,21.152721599587565,21.24941062927246,1089300
2012-10-22,21.137839414043167,21.256841914809858,21.07090033003419,21.241966247558594,1206500
2012-10-23,21.063459920519023,21.063459920519023,20.788267203133014,20.922143936157227,3324800
2012-10-24,21.003963950918088,21.06346520896401,20.82546017678031,20.840335845947266,1120700
2012-10-25,21.041153290400448,21.152717972791983,20.951900693314077,21.0485897064209,1262500
2012-10-26,21.01140148240026,21.13040399677543,20.93702455626031,20.96677589416504,989100
2012-10-31,21.026278957310115,21.234532666042746,20.94446418966687,21.18990707397461,3156100
2012-11-01,21.12296634073331,21.375847040572204,21.1155285061943,21.338659286499023,1878000
2012-11-02,21.38328253900558,21.39815820645845,21.108088365614382,21.11552619934082,1158200
2012-11-05,21.070899136915408,21.197339464148175,21.026273556310205,21.063461303710938,2321500
2012-11-06,21.18246841430664,21.22709542325961,21.08577939881908,21.18246841430664,1455800
2012-11-07,21.07090068100318,21.130401932377616,20.75851875663197,20.892396926879883,2240400
2012-11-08,20.83289198297819,20.929580967340847,20.676700339165915,20.69157600402832,2054300
2012-11-09,20.66183047095223,20.84777206526692,20.580015715494795,20.71389389038086,1180500
2012-11-12,20.780831147451337,20.81801889559007,20.699016399200133,20.736204147338867,631600
2012-11-13,20.55770258609741,20.743644183782436,20.520514834009127,20.609766006469727,1484900
2012-11-14,20.58745862842202,20.624646389010454,20.156074079934367,20.20813751220703,3666900
2012-11-15,20.13375450554958,20.21556925653764,19.93293725419072,20.037065505981445,2913700
2012-11-16,20.02219252370323,20.185820628999746,19.895752172776223,20.156070709228516,1568000
2012-11-19,20.401512753788644,20.557703018188477,20.401512753788644,20.557703018188477,2239000
2012-11-20,20.50563653291733,20.56513777979204,20.401509705541987,20.54282569885254,909500
2012-11-21,20.58001234534277,20.68413916714837,20.505635436072385,20.661827087402344,1396500
2012-11-23,20.77339374535134,20.98164740904621,20.758518078338366,20.959335327148438,590000
2012-11-26,20.825457841755927,20.899834760629403,20.780832257880537,20.892396926879883,895400
2012-11-27,20.884957977137116,20.959334892036242,20.71389206590429,20.736204147338867,1236500
2012-11-28,20.550264170882375,20.877521770768688,20.52051425377731,20.862646102905273,2917900
2012-11-29,20.966773160654924,21.0485864919829,20.922146159616005,20.959335327148438,1104100
2012-11-30,20.989087586680974,21.033714592703976,20.899836411878653,20.90727424621582,3449000
2012-12-03,21.0113999442959,21.070901197127796,20.8254583518685,20.862646102905273,7609100
2012-12-04,20.84033610331062,20.907275196766673,20.788272679205225,20.82546043395996,1903600
2012-12-05,20.877525895042048,21.03371760121944,20.825462465856933,20.899839401245117,1334500
2012-12-06,20.922143936157227,20.996520844696146,20.85520627895589,20.922143936157227,2188300
2012-12-07,21.02627766747358,21.10065459543922,20.89983731551856,20.93702507019043,803000
2012-12-10,21.01884073858022,21.15271893096321,21.01884073858022,21.13040542602539,1266500
2012-12-11,21.145277988792145,21.279156161502414,21.137840154905824,21.227092742919922,1250800
2012-12-12,21.29403374508772,21.450225443915027,21.27915949360768,21.390724182128906,1061200
2012-12-13,21.39072122996868,21.39072122996868,21.212217469245847,21.28659439086914,1115300
2012-12-14,21.241965593354394,21.3089046753018,21.167588678010425,21.19734001159668,1579300
2012-12-17,21.2494052207466,21.30146864029637,21.17502829912331,21.28659439086914,1030000
2012-12-18,21.329553208210935,21.412460061026565,21.26172059000872,21.389848709106445,1570400
2012-12-19,21.314478322638287,21.4953648076005,21.314478322638287,21.427532196044922,1272900
2012-12-20,21.382315978337758,21.465221405029297,21.299409114087887,21.465221405029297,1233200
2012-12-21,21.1411257480316,21.374772029424324,21.110978721838983,21.344623565673828,1467000
2012-12-24,21.322019312796726,21.382314818738067,21.246649570980484,21.299407958984375,422600
2012-12-26,21.30694718414305,21.367242696047516,21.231577434872865,21.2617244720459,1020200
2012-12-27,21.254188537597656,21.299409811597428,21.10344904085392,21.254188537597656,1112900
2012-12-28,21.1938928526141,21.231577007711817,21.10344886779785,21.10344886779785,1261600
2012-12-31,21.04315136283735,21.465219897677336,21.03561424502043,21.404924392700195,2003700
2013-01-02,21.804386339465143,21.90990312988971,21.65364683523709,21.766700744628906,1684300
2013-01-03,21.751622428062436,21.774232341671876,21.49536619839615,21.570735931396484,992500
2013-01-04,21.60842309442941,21.72901410903438,21.578274621999018,21.691329956054688,988500
2013-01-07,21.676255191666478,21.69132942751437,21.54058994415199,21.646106719970703,1012000
2013-01-08,21.600884473392842,21.66117997650014,21.525514735119177,21.631032943725586,812100
2013-01-09,21.683792837947088,21.721476990926785,21.60842309442941,21.691329956054688,1135000
2013-01-10,21.796844352877624,21.940046706158814,21.74408596944722,21.879751205444336,2886200
2013-01-11,21.932516301690047,21.94759054087192,21.79685102417029,21.89483070373535,1479200
2013-01-14,21.95511983206051,21.962656949457493,21.849603063619043,21.94758415222168,1231700
2013-01-15,21.87221827116263,22.007883533105357,21.83453267753498,21.992809295654297,1528000
2013-01-16,21.91743989976885,21.91743989976885,21.819460229872096,21.887292861938477,1592300
2013-01-17,21.90236196651538,22.03802720775751,21.90236196651538,21.977731704711914,1570500
2013-01-18,21.834535288129825,22.00788616442649,21.834535288129825,22.000349044799805,4995700
2013-01-22,22.030489358646513,22.1586174780586,21.985268092253463,22.143543243408203,2294100
2013-01-23,22.143540798152358,22.143540798152358,21.932507286583277,21.940044403076172,2720800
2013-01-24,21.902368082417148,21.992812081019736,21.879758160935445,21.917442321777344,1407400
2013-01-25,21.902365137629914,21.924976493630098,21.751627076970554,21.842069625854492,1085300
2013-01-28,21.864684336620048,21.917442737823627,21.766703216477442,21.857147216796875,1831500
2013-01-29,21.909899084090853,22.000343057438332,21.834529345894314,21.977731704711914,1352500
2013-01-30,21.932511294967835,22.03049095216624,21.86467867169269,21.902362823486328,1399300
2013-01-31,21.849601615789233,21.87221296648188,21.72901062054457,21.759159088134766,3780100
2013-02-01,21.872221041255347,21.93251656113754,21.81946264105325,21.917442321777344,2976800
2013-02-04,21.81945583440849,21.842065748836966,21.729011864020173,21.796844482421875,1546900
2013-02-05,21.902359733778805,21.947582434621616,21.83452712007263,21.909896850585938,1507800
2013-02-06,21.81945961757359,21.977734796248,21.78177402439512,21.970197677612305,805800
2013-02-07,21.89482801896319,21.977734886738794,21.80438547007925,21.842069625854492,2221100
2013-02-08,21.81192258874598,21.924976493630098,21.79684835141252,21.842069625854492,967900
2013-02-11,21.766700744628906,21.804386339465143,21.66118395420434,21.766700744628906,1242900
2013-02-12,21.774231557993744,21.902359668215418,21.721473178059767,21.864675521850586,1259400
2013-02-13,21.87975258326122,21.894825381220407,21.804382843232386,21.834529876708984,2166800
2013-02-14,21.804382058639245,21.834529091031055,21.706400968859974,21.781770706176758,1535700
2013-02-15,21.585814707034185,21.65364734176773,21.517982072300637,21.578277587890625,2212600
2013-02-19,21.53305236934387,21.698866085035935,21.502905335846002,21.66118049621582,1693800
2013-02-20,21.60842226108238,21.60842226108238,21.37477735899074,21.404924392700195,2147300
2013-02-21,21.38985142358878,21.38985142358878,21.17881786245232,21.26926040649414,2321000
2013-02-22,21.17881531501817,21.322017669677734,21.148666845591677,21.322017669677734,1649200
2013-02-25,21.36724126669373,21.457683809721107,21.065763727338624,21.073299407958984,2242600
2013-02-26,21.110985319122612,21.156206591322345,20.96778294667208,21.141132354736328,1953700
2013-02-27,21.088373481848624,21.344629747715807,21.028077974442127,21.32955551147461,1346600
2013-02-28,21.261723288230936,21.34463015156787,21.201427779683616,21.26926040649414,5103500
2013-03-01,21.29187135842991,21.359703983957004,21.14866898925512,21.32955551147461,1417100
2013-03-04,21.261723494915394,21.291871968261287,21.141132476648494,21.24665069580078,3791700
2013-03-05,21.322020234336573,21.412462778378394,21.246650489262844,21.26926040649414,1905100
2013-03-06,21.329553349476214,21.367238936259334,21.23911081631302,21.322017669677734,1291700
2013-03-07,21.382312774658203,21.46521818892815,21.33709007135665,21.382312774658203,1059700
2013-03-08,21.442608530253384,21.49536691384219,21.329553208210935,21.389848709106445,2463900
2013-03-11,21.367238930260555,21.51797696467628,21.367238930260555,21.4953670501709,2208300
2013-03-12,21.480297862834863,21.608426012852355,21.472760743709305,21.533056259155273,1303500
2013-03-13,21.525516677209833,21.57073938678906,21.23911337099964,21.26926040649414,1386600
2013-03-14,21.25418764640891,21.525516716589063,21.25418764640891,21.502906799316406,2704500
2013-03-15,21.495369335809684,21.64610738625364,21.495369335809684,21.608423233032227,2027900
2013-03-18,21.510445247948127,21.53305516661914,21.38231710443155,21.412464141845703,3144500
2013-03-19,21.37477460012281,21.457680010291778,21.246646488889255,21.306941986083984,2121100
2013-03-20,21.382316184543193,21.48783296729091,21.374779066124304,21.442611694335938,5995300
2013-03-21,21.465220762528798,21.51044347125239,21.314482712791705,21.32955551147461,996000
2013-03-22,21.29940617654225,21.487829796535483,21.29940617654225,21.389848709106445,2619800
2013-03-25,21.457684989375807,21.487833463747908,21.201428707446482,21.254188537597656,4252700
2013-03-26,21.420001260588844,21.435075498075125,21.291873117072267,21.412464141845703,3646800
2013-03-27,21.344627442824347,21.41999717833327,21.25418491026015,21.389848709106445,2563100
2013-03-28,21.404918557848756,21.540583766455363,21.291864696529196,21.487825393676758,1157500
2013-04-01,21.487833891718704,21.54059228536228,21.404927023102562,21.412464141845703,647900
2013-04-02,21.43507482932656,21.517980257797742,21.42753771081857,21.45014762878418,1030200
2013-04-03,21.548128415668007,21.548128415668007,20.952709000298135,20.990394592285156,1680000
2013-04-04,20.915024724635565,21.00546870732182,20.839654978656743,20.884876251220703,1360000
2013-04-05,20.726601632590643,20.756750106811523,20.492956707612333,20.756750106811523,2548900
2013-04-08,20.67384324026248,20.76428578780837,20.60601061082388,20.756750106811523,1540200
2013-04-09,20.86980669656188,21.088377412566032,20.809511177916747,21.0280818939209,4203800
2013-04-10,21.043149881128596,21.208962148750857,21.043149881128596,21.17127799987793,2483900
2013-04-11,21.246649383950654,21.254186501821756,21.110984137387305,21.14866828918457,1508900
2013-04-12,20.95270763249237,21.013003138177137,20.75674831718557,20.847190856933594,1426300
2013-04-15,20.477881802033945,20.50802883771235,19.99551773071289,19.99551773071289,5681600
2013-04-16,20.191478895864243,20.34975407083159,20.138719066650108,20.3271427154541,5703200
2013-04-17,20.16887140722427,20.1839456470326,19.844782439138342,19.935226440429688,1607600
2013-04-18,19.99551773071289,20.10857163023397,19.874926712882626,19.99551773071289,3050400
2013-04-19,20.025665860927234,20.13118264790633,19.98798170487996,20.11610984802246,1612700
2013-04-22,20.146254044887236,20.2140866662552,20.003053122051057,20.131179809570312,2013400
2013-04-23,20.161327095665456,20.244233947479316,20.055810329762814,20.138715744018555,1672400
2013-04-24,20.1688695921346,20.49295853105427,20.1688695921346,20.47788429260254,2559300
2013-04-25,20.636156805702427,20.77182205904562,20.553251380093613,20.643693923950195,1272000
2013-04-26,20.590935881300872,20.64369427236737,20.462807744042948,20.538177490234375,2515600
2013-04-29,20.60600643301048,20.86226266169918,20.56832228543312,20.817041397094727,2531900
2013-04-30,20.81704697728477,21.163745828118007,20.719065867226007,21.1185245513916,2796500
2013-05-01,21.073296586151926,21.073296586151926,20.832114586963172,20.930095672607422,5812800
2013-05-02,20.952705915657987,21.08837115172206,20.8547262660329,20.997928619384766,3537100
2013-05-03,21.141131837121694,21.306945560391508,21.110984802246094,21.110984802246094,1237600
2013-05-06,21.178821563720703,21.239117082805432,21.14113596581864,21.178821563720703,1394800
2013-05-07,21.20896489794682,21.322020234336573,21.171280744189115,21.26926040649414,1960600
2013-05-08,21.284332400820272,21.593347029266898,21.284332400820272,21.563199996948242,3409700
2013-05-09,21.50290807502826,21.570740705987216,21.30694730087555,21.36724281311035,2488600
2013-05-10,21.231569701725217,21.359697797549074,21.17881132771972,21.344623565673828,1059200
2013-05-13,21.32201858791234,21.457682393499507,21.20896326025239,21.2918701171875,2253700
2013-05-14,21.186352562393278,21.329553480373505,21.186352562393278,21.239110946655273,1558100
2013-05-15,21.13359537244383,21.178816641858514,20.990393008812724,21.058225631713867,1405700
2013-05-16,20.94517219667148,21.261722527043403,20.94517219667148,21.04315185546875,1406100
2013-05-17,20.93009678391967,21.103446175346047,20.80196866035274,21.050687789916992,3692900
2013-05-20,20.99793088272264,21.322019773240317,20.99793088272264,21.284334182739258,1418000
2013-05-21,21.141128290629943,21.495365594512265,21.09590702712341,21.306941986083984,2746000
2013-05-22,21.329553150213975,21.55566235612593,21.110982499146367,21.17127799987793,2584600
2013-05-23,21.020543441332837,21.163745828118007,20.937638006927504,21.1185245513916,2369400
2013-05-24,20.89241386159886,21.11098598632907,20.89241386159886,21.10344886779785,1002300
2013-05-28,21.208967104844415,21.25418981912929,21.088376075201683,21.1185245513916,3024800
2013-05-29,20.975315891451793,21.21649787860619,20.975315891451793,21.20142364501953,1402700
2013-05-30,21.2014252295299,21.34462758418946,21.1562039629483,21.322017669677734,1711000
2013-05-31,21.224036984818397,21.224036984818397,20.899948120117188,20.899948120117188,1913400
2013-06-03,21.058226413045073,21.16374319144711,20.990393787627113,21.110984802246094,2940100
2013-06-04,20.997933566785484,21.065766200799818,20.877342536884104,20.945175170898438,1374400
2013-06-05,20.8999497285174,20.9150239646771,20.63615634595576,20.658767700195312,2718000
2013-06-06,20.651230502157652,20.801969988054463,20.590934995310583,20.786895751953125,3637300
2013-06-07,20.892412126807603,20.907486362618357,20.73413696346944,20.847190856933594,3073500
2013-06-10,20.85472947768141,20.945173461505295,20.756749812967357,20.907487869262695,1261200
2013-06-11,20.688916633436804,20.824580449221678,20.606009770269672,20.643693923950195,1744600
2013-06-12,20.78689358623199,20.78689358623199,20.39497211377997,20.417583465576172,3195100
2013-06-13,20.44020190993168,20.86227056034105,20.38744207076671,20.8245849609375,1572200
2013-06-14,20.786903251831223,20.862273021972907,20.613553786796505,20.63616371154785,1094500
2013-06-17,20.74167284310592,20.854726729820804,20.74167284310592,20.809505462646484,2980900
2013-06-18,20.711523777270223,20.952705778670346,20.711523777270223,20.892410278320312,1269600
2013-06-19,20.915019763259775,20.930093996391356,20.54570967688395,20.590930938720703,3875600
2013-06-20,20.168865349887156,20.183939585168226,19.867387832056792,19.912609100341797,4037000
2013-06-21,19.852308728654926,19.91260421743553,19.67142226231312,19.837234497070312,3190000
2013-06-24,19.49807791172627,19.678964424453458,19.302117163548925,19.52822494506836,2378900
2013-06-25,19.588525920407715,19.761875363826523,19.505619039834105,19.73926544189453,1778300
2013-06-26,19.852316825685406,19.859853944551826,19.754335717980382,19.822168350219727,2174100
2013-06-27,19.893841112315815,19.97771748839068,19.83284050818022,19.901466369628906,1960800
2013-06-28,19.802346313229588,20.09972563359689,19.779471987764918,19.939598083496094,2523700
2013-07-01,20.053972039287558,20.153098954142624,19.962471837973087,19.992971420288086,5730200
2013-07-02,19.9319642595809,20.053965457538826,19.878588917270434,19.962465286254883,2096100
2013-07-03,19.924337192347906,19.977713984176916,19.878587110863332,19.909088134765625,1136400
2013-07-05,19.939591628824157,19.954842143776922,19.710839722009318,19.855716705322266,899700
2013-07-08,19.95484025381091,20.053965682877184,19.947214997056737,20.023466110229492,825200
2013-07-09,20.168345550123163,20.26747099133073,20.015843305098542,20.259845733642578,1104600
2013-07-10,20.275094985961914,20.38184567820749,20.20646912541287,20.275094985961914,1675800
2013-07-11,20.62585008212738,20.87747777696846,20.62585008212738,20.869853973388672,2506100
2013-07-12,20.877479777719604,20.93085658847809,20.717353708552306,20.770729064941406,1106800
2013-07-15,20.87747777696846,20.938478386191473,20.816477167745447,20.869853973388672,3955400
2013-07-16,20.87747799117241,20.946103859048556,20.808853577665516,20.93085479736328,1664700
2013-07-17,20.94610246464832,21.052854615554224,20.885101858860303,20.95372772216797,1798300
2013-07-18,20.968976703697756,21.21297910900537,20.968976703697756,21.174854278564453,1188400
2013-07-19,21.10623767963201,21.289239563896082,21.10623767963201,21.281614303588867,853000
2013-07-22,21.350232676855878,21.487484405334733,21.319731646363163,21.441734313964844,920000
2013-07-23,21.50273449321474,21.578984159192704,21.441733887810873,21.487483978271484,5864700
2013-07-24,21.540860591727252,21.556111107566476,21.235857546789035,21.30448341369629,1400700
2013-07-25,21.304482265223804,21.456983052287352,21.304482265223804,21.43410873413086,889700
2013-07-26,21.32735858975757,21.426485492324968,21.258732720093768,21.380735397338867,1582600
2013-07-29,21.33498077633049,21.502733524409887,21.319730262074348,21.46460723876953,4027800
2013-07-30,21.38073185343115,21.403606169948077,21.15960376464046,21.174854278564453,1928700
2013-07-31,21.190108375282744,21.289233823810562,21.060481893749877,21.068105697631836,1720300
2013-08-01,21.228225889682953,21.251101656545952,21.07572368600057,21.121475219726562,1407600
2013-08-02,20.93085490322952,21.174857343859184,20.93085490322952,21.045230865478516,982300
2013-08-05,21.06048084388327,21.06048084388327,20.938478172314205,20.976604461669922,3689100
2013-08-06,20.961350621381875,20.984226391367127,20.74022399566711,20.831724166870117,1759300
2013-08-07,20.717348813918747,20.747848387062735,20.625847185748697,20.633472442626953,1247200
2013-08-08,20.808854506445996,21.121482827671496,20.595351635260815,21.07573127746582,1458200
2013-08-09,20.99948130413679,21.18248313925116,20.984230787618266,21.11385726928711,1415100
2013-08-12,21.052853075910644,21.197728595081383,21.052853075910644,21.174854278564453,1482400
2013-08-13,21.129103572285718,21.243480976869336,21.10622925486429,21.205354690551758,1456900
2013-08-14,21.22060649443405,21.289232359606252,21.174856402442316,21.235857009887695,1252000
2013-08-15,21.098606342980222,21.373109817504883,21.037605732460218,21.373109817504883,1700700
2013-08-16,21.31973301072676,21.46461000610025,21.26635765831792,21.373109817504883,1091100
2013-08-19,21.304485314827346,21.350235412058332,21.09098243713379,21.09098243713379,1411100
2013-08-20,21.02998107208248,21.24348394215551,20.976605718156552,21.129106521606445,1323100
2013-08-21,21.022354552306606,21.03760506804728,20.78597737580305,20.808853149414062,1454300
2013-08-22,20.793604317974786,21.007105738161144,20.793604317974786,20.915605545043945,1063100
2013-08-23,20.907979340840804,21.12148220573929,20.907979340840804,21.106231689453125,655100
2013-08-26,21.113858534400087,21.182484408476107,21.075732240819303,21.098608016967773,918100
2013-08-27,20.915603744005136,21.045230218400174,20.801227785272857,20.862228393554688,1303800
2013-08-28,20.80885609407084,20.984232686798425,20.770729799323906,20.90035629272461,914000
2013-08-29,20.90035376525421,21.029980242979242,20.824102639350794,20.93085479736328,1097700
2013-08-30,20.961354351525657,21.022354961305926,20.885103225708008,20.885103225708008,783300
2013-09-03,21.144351829115237,21.20535242634088,20.96135003743831,21.02997589111328,4069100
2013-09-04,20.968978886572135,21.14435545184758,20.961353628816347,21.136730194091797,1225400
2013-09-05,21.182488828334463,21.289239563896082,21.136737266491174,21.281614303588867,1096900
2013-09-06,21.51035583757655,21.53323160737662,21.38835464071417,21.418855667114258,1851600
2013-09-09,21.449357587562627,21.571360252151653,21.449357587562627,21.54085922241211,1350000
2013-09-10,21.594234893170754,21.61711066581767,21.4569831660276,21.548484802246094,1159600
2013-09-11,21.495111139894448,21.655237197875977,21.441735787233938,21.655237197875977,933100
2013-09-12,21.54848723051027,21.54848723051027,21.388359712675687,21.403610229492188,1025600
2013-09-13,21.38073590863677,21.4874866176136,21.38073590863677,21.403610229492188,550000
2013-09-16,21.51798810701461,21.693366157233882,21.51798810701461,21.617115020751953,1048500
2013-09-17,21.571361969763082,21.731488025538223,21.571361969763082,21.693363189697266,584000
2013-09-18,21.60948629937358,22.066991590593737,21.586610525783342,22.005990982055664,2182500
2013-09-19,22.08986547488818,22.08986547488818,21.83823778782677,21.883989334106445,1597600
2013-09-20,21.830613447745424,21.88399025398203,21.61711204027605,21.647611618041992,1181900
2013-09-23,21.56373446711442,21.70098473447681,21.56373446711442,21.639984130859375,962900
2013-09-24,21.59423626617465,21.723862744010738,21.571361946442508,21.647611618041992,1077900
2013-09-25,21.59423924349654,21.800116875686903,21.59423924349654,21.617115020751953,849700
2013-09-26,21.670487714170203,21.784863677638334,21.594236587068355,21.655237197875977,2344800
2013-09-27,21.571361329348438,21.723862122554063,21.571361329348438,21.678112030029297,1700700
2013-09-30,21.56373456923458,21.769610698437695,21.495108708043837,21.58660888671875,2068900
2013-10-01,21.571361329348438,21.708611606922737,21.51798452463879,21.678112030029297,953200
2013-10-02,21.609484556235213,21.670485159852646,21.51798292362451,21.639984130859375,957000
2013-10-03,21.609484864771467,21.670485469259855,21.418857793949115,21.4798583984375,1199400
2013-10-04,21.47985819347498,21.624735173140895,21.418857589568663,21.58660888671875,729900
2013-10-07,21.40361053876616,21.678114027952294,21.373110959061783,21.57898712158203,685000
2013-10-08,21.571359886647194,21.678110580188523,21.296856441119065,21.319730758666992,806700
2013-10-09,21.32735698286618,21.403608105010807,21.205355769182457,21.342607498168945,1373500
2013-10-10,21.47986062360022,21.716237808683598,21.47986062360022,21.655237197875977,1261000
2013-10-11,21.586606816978325,21.75435955241327,21.586606816978325,21.73910903930664,586100
2013-10-14,21.66286319985481,21.815365459294938,21.632363620588386,21.78486442565918,762700
2013-10-15,21.7391160270419,21.75436654505059,21.609489532706895,21.723865509033203,4120100
2013-10-16,21.78486527660323,21.87636692671534,21.716239402611496,21.861116409301758,1087500
2013-10-17,21.891609997818197,22.089862306823075,21.853485169088756,22.066987991333008,1172500
2013-10-18,22.10511728167661,22.288119114378517,22.089866765359126,22.2499942779541,1696800
2013-10-21,22.30336920027233,22.341494035960988,22.2499938485605,22.295743942260742,728600
2013-10-22,22.394870650940902,22.547371446763474,22.394870650940902,22.448246002197266,1518900
2013-10-23,22.333872899991125,22.37199774023361,22.2194954705248,22.25762176513672,1164400
2013-10-24,22.28811868424916,22.31099445828391,22.219492816514165,22.295743942260742,765000
2013-10-25,22.29574035163853,22.364366208321655,22.2271144949554,22.356740951538086,780900
2013-10-28,22.326241378772817,22.410116294654067,22.318616121989244,22.356740951538086,1038900
2013-10-29,22.448245978172118,22.47112029761794,22.379620111096173,22.402494430541992,839000
2013-10-30,22.45587123611047,22.516871845248065,22.24999363488264,22.402494430541992,746200
2013-10-31,22.478743448820275,22.539744052240813,22.364367499202906,22.387243270874023,1477400
2013-11-01,22.37962129412489,22.410120873121333,22.310995423421254,22.318620681762695,1012400
2013-11-04,22.43299335984715,22.43299335984715,22.310992153006072,22.387243270874023,1964700
2013-11-05,22.34911929397257,22.37199506800732,22.219492816514165,22.295743942260742,668900
2013-11-06,22.45587126014378,22.51687186934666,22.394870650940902,22.448246002197266,1449700
2013-11-07,22.51687312498709,22.51687312498709,22.204244803592655,22.219493865966797,903000
2013-11-08,22.188989665406563,22.37199146510523,22.15848863827227,22.356740951538086,884000
2013-11-11,22.303372391637293,22.379623528294562,22.26524755049339,22.326248168945312,1133400
2013-11-12,22.29574181484034,22.32624284397632,22.211865439085518,22.2347412109375,1356000
2013-11-13,22.196616203388704,22.394868528097728,22.112739828297048,22.387243270874023,915600
2013-11-14,22.303366053075795,22.493993113358496,22.303366053075795,22.478742599487305,856800
2013-11-15,22.501620201439753,22.593120383374917,22.45587011047217,22.577871322631836,872400
2013-11-18,22.646499290151443,22.745624738851593,22.53974712881747,22.593122482299805,878900
2013-11-19,22.57025348283521,22.623628848900836,22.471126556396484,22.471126556396484,867500
2013-11-20,22.47874928342638,22.577876198694927,22.402498145766614,22.501625061035156,1822400
2013-11-21,22.50924661140014,22.50924661140014,22.41011971246469,22.448246002197266,616800
2013-11-22,22.402490970010664,22.49399259676734,22.402490970010664,22.455867767333984,999500
2013-11-25,22.387244856152332,22.4329949483651,22.3338695061759,22.379619598388672,1515500
2013-11-26,22.43299833894187,22.43299833894187,22.20424638893471,22.211870193481445,1051400
2013-11-27,22.112742734469293,22.166118087680992,22.082241701565867,22.097492218017578,975700
2013-11-29,22.08223907601609,22.326242947123873,22.074615273065994,22.181365966796875,969100
2013-12-02,21.983116253368323,22.188993862358565,21.983116253368323,22.097492218017578,1337300
2013-12-03,22.066991156117545,22.066991156117545,21.81536346905613,21.883989334106445,1598700
2013-12-04,21.8153641939118,21.853489029375766,21.647611427384163,21.800113677978516,875300
2013-12-05,21.7543643129604,21.792489149700916,21.662862668666143,21.716238021850586,884900
2013-12-06,21.746737066942345,21.899237854334125,21.746737066942345,21.81536293029785,747000
2013-12-09,21.883990810764182,21.975491000759256,21.815364941083228,21.92974090576172,521300
2013-12-10,21.944990052328226,22.036490236611513,21.914489021320993,21.99836540222168,540600
2013-12-11,21.960242836741756,22.005994391009615,21.670490264892578,21.670490264892578,2484400
2013-12-12,21.624734980545927,21.63236023776244,21.487483259386835,21.571359634399414,839500
2013-12-13,21.59423626617465,21.71623748597694,21.548486172341107,21.647611618041992,654200
2013-12-16,21.76960915938851,21.876361299454327,21.73910958677614,21.807735443115234,786400
2013-12-17,21.79248852749414,21.83061336314614,21.73148791782939,21.74673843383789,1142900
2013-12-18,21.706535718674992,22.023475759867402,21.652424220094986,21.868871688842773,1320700
2013-12-19,21.822496588454484,22.023483276367188,21.814766161100735,22.023483276367188,1401600
2013-12-20,22.023477649072944,22.193542584116777,22.023477649072944,22.093050003051758,1105900
2013-12-23,22.263117153746602,22.29403885833805,22.20127521899173,22.247657775878906,962000
2013-12-24,22.209003694900268,22.379070106363148,22.209003694900268,22.355878829956055,711600
2013-12-26,22.34815031352516,22.47956460886864,22.34815031352516,22.471834182739258,835300
2013-12-27,22.355882734436012,22.394533394103647,22.270849513853424,22.30950164794922,933200
2013-12-30,22.371345539222467,22.44091791223459,22.301773166210346,22.43318748474121,1034600
2013-12-31,22.425455085469565,22.56459981925938,22.425455085469565,22.54140853881836,445600
2014-01-02,22.510486108507614,22.59551784630088,22.324958831947015,22.38680076599121,1159400
2014-01-03,22.417726610511707,22.456377273517138,22.36361509253279,22.37134552001953,1576800
2014-01-06,22.008016927914348,22.402259777973242,21.96936627522202,22.224464416503906,1367800
2014-01-07,22.209005266822103,22.25538782291918,22.139432907104492,22.139432907104492,825000
2014-01-08,22.069864668914004,22.16262832400368,22.06213571588245,22.123977661132812,1091100
2014-01-09,22.162624472370528,22.178085324603252,21.969368242745542,22.062131881713867,1049300
2014-01-10,22.03121385675805,22.19354840902965,21.977102339334188,22.162628173828125,1436400
2014-01-13,22.23219654487064,22.23992697088682,22.09305182543542,22.139432907104492,854400
2014-01-14,22.154893957492558,22.170354809663337,21.977098580812616,21.9925594329834,2768300
2014-01-15,22.0080167983159,22.139431080895005,21.99255742198674,22.093050003051758,901100
2014-01-16,22.062131741781176,22.239927118045742,22.062131741781176,22.21673583984375,765600
2014-01-17,22.162620467249308,22.30176516334223,22.147159617810594,22.209001541137695,733300
2014-01-21,22.24765754738122,22.417722497603435,22.24765754738122,22.33268928527832,1323000
2014-01-22,22.324957139035735,22.37133969187268,22.14716177644447,22.185813903808594,992200
2014-01-23,22.116239488473305,22.178081412066362,21.99255564128719,22.108509063720703,1034300
2014-01-24,21.984828563435954,22.038940070514176,21.737460831405237,21.760650634765625,1583900
2014-01-27,21.752923858766504,21.814765802150664,21.41279390736774,21.443714141845703,1589000
2014-01-28,21.513282749898,21.598315960089952,21.42051911383151,21.567394256591797,1239100
2014-01-29,21.52874736690951,21.567398028614022,21.39733305291464,21.443714141845703,4252500
2014-01-30,21.490093658497976,21.636968816200124,21.443712572960294,21.606048583984375,756800
2014-01-31,21.327751472082944,21.629230631585802,21.289100827069408,21.590579986572266,1149000
2014-02-03,21.76838071530184,21.776111141108643,21.281375684897043,21.31229591369629,1631600
2014-02-04,21.32775870114393,21.42052087038927,21.32775870114393,21.3741397857666,814900
2014-02-05,21.034004848045857,21.51328088983263,21.034004848045857,21.459169387817383,1441800
2014-02-06,21.459173219953676,21.791574191038674,21.443712366780396,21.75292205810547,1391100
2014-02-07,21.953909066697545,21.977100346817288,21.81476433483535,21.915258407592773,849600
2014-02-10,21.82249476154193,21.969369920110708,21.82249476154193,21.915258407592773,614300
2014-02-11,21.88433122781335,22.216732120927052,21.88433122781335,22.116239547729492,756800
2014-02-12,22.178081316688022,22.286304313903514,22.178081316688022,22.209001541137695,2884900
2014-02-13,22.123977738156896,22.433187465485194,22.08532560072318,22.37134552001953,1382800
2014-02-14,22.37907766076903,22.51822094289787,22.371347232690475,22.464109420776367,1383900
2014-02-18,22.479566598737126,22.61098090571327,22.479566598737126,22.54140853881836,527800
2014-02-19,22.39453532805148,22.564601783903253,22.355884665046048,22.37134552001953,1270800
2014-02-20,22.33269509229769,22.51822094289787,22.33269509229769,22.464109420776367,1495000
2014-02-21,22.471837977765713,22.510490114940175,22.40226560527995,22.409996032714844,739700
2014-02-24,22.52594566345215,22.672820810873368,22.487295007280892,22.52594566345215,1009900
2014-02-25,22.502756118774414,22.580057432007514,22.464103987729825,22.502756118774414,793700
2014-02-26,22.41772258620683,22.549136881034126,22.37134150404073,22.40226173400879,753300
2014-02-27,22.44091791223459,22.487299002766576,22.36361511172909,22.43318748474121,1314100
2014-02-28,22.487300942519774,22.696018079560066,22.487300942519774,22.556873321533203,973900
2014-03-03,22.44091418353111,22.580057432007514,22.40226205248652,22.502756118774414,1824300
2014-03-04,22.649629620804518,22.68055132540448,22.556867455860697,22.595518112182617,793600
2014-03-05,22.696010332141118,22.750121836362855,22.572326472654893,22.719200134277344,1395500
2014-03-06,22.858348822217636,22.881540102817112,22.726934514343604,22.796506881713867,1468300
2014-03-07,22.742395467322023,22.742395467322023,22.572330498801552,22.634172439575195,914300
2014-03-10,22.51821365721337,22.665088794328256,22.51821365721337,22.62643814086914,691600
2014-03-11,22.696014356269576,22.726934589409506,22.53367834039339,22.572330474853516,800900
2014-03-12,22.4872952967308,22.688281955150025,22.40226208274588,22.680551528930664,1035900
2014-03-13,22.75785632112248,22.78877655429521,22.587789878173837,22.634172439575195,564000
2014-03-14,22.533676031643324,22.64962947428703,22.487294949471448,22.51821517944336,842500
2014-03-17,22.4486445535037,22.703742720046787,22.4486445535037,22.610979080200195,1104500
2014-03-18,22.71920403894221,22.773315552463888,22.626441865598807,22.672822952270508,765500
2014-03-19,22.62644357760702,22.62644357760702,22.278581715178216,22.409996032714844,1166200
2014-03-20,22.36361516804982,22.48729905939879,22.2631210848111,22.44091796875,1749400
2014-03-21,22.61097902060763,22.618709446776805,22.456373446080125,22.487295150756836,1645100
2014-03-24,22.479568631885943,22.587791668209224,22.286312367349637,22.44091796875,592100
2014-03-25,22.471834328112617,22.564597967837305,22.464103901933225,22.549137115478516,830700
2014-03-26,22.502755801671412,22.6264396704151,22.44864429339955,22.51821517944336,1041800
2014-03-27,22.51821532511075,22.62643981678258,22.464103816488848,22.595518112182617,705300
2014-03-28,22.641902890366364,22.78877657834113,22.641902890366364,22.696014404296875,869800
2014-03-31,22.796502984878302,22.889266616991016,22.781042133788194,22.842884063720703,863000
2014-04-01,22.850618727923333,22.97430261073099,22.827428921414516,22.958843231201172,583500
2014-04-02,22.997488119659792,23.097980696308387,22.97429684454343,23.067060470581055,1060400
2014-04-03,23.136634666584186,23.136634666584186,22.91245674586526,22.943378448486328,697100
2014-04-04,23.090251745697415,23.20620517242358,22.97429684454343,23.067060470581055,1438300
2014-04-07,22.8738077337084,23.051603113256398,22.83515707708598,22.850616455078125,2261100
2014-04-08,22.943380498642096,23.15982653861883,22.889268988647913,23.13663673400879,699300
2014-04-09,23.097990519090708,23.384010469449013,23.097990519090708,23.345359802246094,1031500
2014-04-10,23.229398727481314,23.26032043263407,22.93564990067039,22.99749183654785,785200
2014-04-11,22.896997183710052,22.951108688431134,22.77331184865453,22.80423355102539,746700
2014-04-14,22.920188903808594,23.01295254425485,22.82742673779038,22.920188903808594,1942700
2014-04-15,22.80423741358894,22.951112575872283,22.75012589970249,22.927921295166016,1132900
2014-04-16,22.982031012718995,23.06706422756739,22.935649929359897,23.05933380126953,606400
2014-04-17,23.03614082490176,23.175285539153894,23.03614082490176,23.144365310668945,389800
2014-04-21,23.09025565036064,23.19074824400297,23.067064371322534,23.13663673400879,737900
2014-04-22,23.159824720954678,23.22939707818065,23.121174066686006,23.206207275390625,643800
2014-04-23,23.213947020312066,23.260328118939643,23.16756444725595,23.175294876098633,729500
2014-04-24,23.190746307373047,23.244857812848448,23.13663480189765,23.190746307373047,872900
2014-04-25,23.190747983723618,23.190747983723618,23.036142407394244,23.159826278686523,314000
2014-04-28,23.26804908994988,23.26804908994988,23.059332019320816,23.190746307373047,500700
2014-04-29,23.252590177670353,23.492227496657648,23.23712932498006,23.4844970703125,1050100
2014-04-30,23.430384153350158,23.60818099975586,23.376272646611543,23.60818099975586,2022000
2014-05-01,23.55406772814068,23.592719857068765,23.49222579628371,23.569528579711914,1255400
2014-05-02,23.507686597502282,23.69321239267581,23.499956171733224,23.677751541137695,928100
2014-05-05,23.639102762912472,23.639102762912472,23.538610168794712,23.61591148376465,1327600
2014-05-06,23.670024583883777,23.693214388716626,23.577260941268136,23.631372451782227,1319900
2014-05-07,23.69321467694112,23.69321467694112,23.538610569938424,23.670024871826172,660500
2014-05-08,23.731864780566386,23.770515435405613,23.584989638206974,23.65456199645996,1351400
2014-05-09,23.546337152700094,23.60045013285548,23.414924338463717,23.492225646972656,917300
2014-05-12,23.600454091336037,23.69321626687685,23.569532383203633,23.68548583984375,620800
2014-05-13,23.82462685752486,23.82462685752486,23.64683148680971,23.700942993164062,885800
2014-05-14,23.77825136612076,23.801442649050053,23.700948564118097,23.739599227905273,512200
2014-05-15,23.755056209795445,23.755056209795445,23.461307379396708,23.61591148376465,836000
2014-05-16,23.608180533511714,23.608180533511714,23.414924313588777,23.546337127685547,568100
2014-05-19,23.530883806470563,23.623645990226827,23.49996209559959,23.59272575378418,527100
2014-05-20,23.48449154325555,23.546333465034213,23.399459822327213,23.453571319580078,632600
2014-05-21,23.48449557654023,23.65456199645996,23.47676662511476,23.65456199645996,452200
2014-05-22,23.739599453074746,23.863284822109147,23.67775750577171,23.77052116394043,818800
2014-05-23,23.83235758087492,23.86327928456513,23.778246073845036,23.855548858642578,361000
2014-05-27,23.894201166149305,23.93285182400684,23.700944928005473,23.762786865234375,448300
2014-05-28,23.824628978828866,23.824628978828866,23.600452507625125,23.670024871826172,495800
2014-05-29,23.7241380320593,23.75505826583786,23.56180201283021,23.69321632385254,1079700
2014-05-30,23.63137086690308,23.785976436084226,23.569528934116217,23.73186492919922,1805800
2014-06-02,23.793706687040064,23.793706687040064,23.654561970685705,23.70867347717285,1413800
2014-06-03,23.654567697050776,23.79371244708969,23.631376413901513,23.77052116394043,1572900
2014-06-04,23.74732618469456,23.832359401912065,23.623642309338972,23.785978317260742,662300
2014-06-05,23.816894472431326,23.87100597433426,23.693210618245228,23.80916404724121,497100
2014-06-06,23.8091699055326,23.894203129118566,23.78598009868421,23.886472702026367,1521600
2014-06-09,23.886468893723976,24.033344036202507,23.886468893723976,24.002422332763672,640000
2014-06-10,24.002418873645325,24.07199122192829,23.963768224344904,24.04880142211914,802900
2014-06-11,24.048805068069168,24.14156723022461,24.041074642151553,24.14156723022461,885800
2014-06-12,24.242059355387845,24.242059355387845,24.110645074146472,24.195676803588867,965800
2014-06-13,24.257521054300977,24.365745544433594,24.180219742756545,24.365745544433594,968400
2014-06-16,24.350286478946998,24.489431209020907,24.32709519912531,24.46623992919922,870000
2014-06-17,24.427585425951907,24.489427354648377,24.342552221083803,24.404394149780273,485000
2014-06-18,24.404396061477964,24.551271206547877,24.35028455393326,24.520349502563477,865100
2014-06-19,24.597650645012237,24.63630277241084,24.528078290122657,24.61311149597168,692900
2014-06-20,24.667225203014898,24.79864097347943,24.65949477684475,24.767719268798828,721300
2014-06-23,24.82182846780033,24.852750169603556,24.736795262269354,24.829557418823242,735900
2014-06-24,24.806369776628244,24.868210236762955,24.535810760005777,24.574462890625,762600
2014-06-25,24.61730093050757,24.710753944126918,24.56278642499481,24.632875442504883,520000
2014-06-26,24.656235665852677,24.843143149900687,24.61729716370425,24.811992645263672,598000
2014-06-27,24.843141483890292,25.01447296142578,24.811990981342266,25.01447296142578,555200
2014-06-30,25.00668910897748,25.100142111967592,24.92102261839596,25.084566116333008,1731700
2014-07-01,25.12350480395727,25.27147527816053,25.107931779026067,25.209171295166016,2405500
2014-07-02,25.185804392235887,25.232532371328123,25.115713909005986,25.224742889404297,1079600
2014-07-03,25.310414093934398,25.37271807769646,25.193595609789256,25.34156608581543,895700
2014-07-07,25.294838948782626,25.294838948782626,25.045628946987136,25.139081954956055,880900
2014-07-08,25.076780939915963,25.139081954956055,24.92102394608939,25.139081954956055,918300
2014-07-09,25.146871158738925,25.302628150832085,25.08456717357465,25.287052154541016,732600
2014-07-10,25.15465617169635,25.216960153145912,25.037840662704436,25.146869659423828,917500
2014-07-11,25.084563426018274,25.084563426018274,24.928806457194725,24.975534439086914,901300
2014-07-14,24.99111324141447,25.092355728149414,24.983326728965977,25.092355728149414,477700
2014-07-15,25.00669273285439,25.09235923585038,24.81978521437952,24.9210262298584,670800
2014-07-16,24.95996068589248,25.18580816242113,24.936598178257565,25.146869659423828,547900
2014-07-17,25.15465661127994,25.224747106226875,25.06120360828983,25.084566116333008,412100
2014-07-18,25.100139964404377,25.302624919512017,25.100139964404377,25.271472930908203,835700
2014-07-21,25.232536792562342,25.27147529655354,25.139080818002554,25.248109817504883,373700
2014-07-22,25.325988918027107,25.41165540632738,25.279260932367688,25.372716903686523,769900
2014-07-23,25.45059219266266,25.505106686847043,25.372715192632725,25.4973201751709,545700
2014-07-24,25.551835256198896,25.559621768053873,25.442803294508902,25.48174476623535,496100
2014-07-25,25.481747243044744,25.512896264309504,25.40386726283915,25.42723274230957,975400
2014-07-28,25.419441957876426,25.481745938852093,25.357140947718083,25.450593948364258,916400
2014-07-29,25.489532132438892,25.497321615372144,25.318199157714844,25.318199157714844,2753700
2014-07-30,25.396080017089844,25.411656012681313,25.271475023175483,25.396080017089844,1703000
2014-07-31,25.279261586704045,25.318200090352796,24.991113094722408,25.04562759399414,1679700
2014-08-01,24.936592176649334,25.123498134379787,24.687382252464307,24.80419921875,1891900
2014-08-04,24.858716849584425,24.998896335620422,24.77305037027756,24.952171325683594,1477700
2014-08-05,24.86650842947175,24.86650842947175,24.547207942020684,24.648448944091797,1399400
2014-08-06,24.60950843610166,24.804203911885047,24.570568449699824,24.780839920043945,1146300
2014-08-07,24.79641791533683,24.83535641947187,24.500479936439117,24.60951042175293,1431100
2014-08-08,24.53162973494311,24.640658725100998,24.461539245439155,24.61729621887207,635600
2014-08-11,24.757480068382897,24.882085067413104,24.68738957075231,24.850933074951172,376300
2014-08-12,24.850936594897615,24.913239103237398,24.75748357509243,24.85872459411621,1150800
2014-08-13,24.92102710245599,24.967755097767554,24.796422085776427,24.85872459411621,671900
2014-08-14,24.811992122536868,24.967749098666452,24.811992122536868,24.94438362121582,585900
2014-08-15,24.94438247393205,25.05341146096295,24.749688490837677,25.01447296142578,651900
2014-08-18,25.045626422076914,25.12350342573045,25.030050427182754,25.076778411865234,582800
2014-08-19,25.068993498867407,25.209174507651348,25.068993498867407,25.18581199645996,736800
2014-08-20,25.17023280952248,25.27147529655354,25.100142314011354,25.248109817504883,605900
2014-08-21,25.24810557333179,25.318196057060803,25.24810557333179,25.310409545898438,532300
2014-08-22,25.302626700344526,25.325989208033093,25.16244571257839,25.26368522644043,513900
2014-08-25,25.24032416566781,25.35714265244206,25.23253765293104,25.287052154541016,1331700
2014-08-26,25.380504021498375,25.435018520659817,25.357141513519867,25.396080017089844,396300
2014-08-27,25.512896334695373,25.598562827749127,25.44280583772571,25.58298683166504,728000
2014-08-28,25.590775838360273,25.590775838360273,25.481746838620335,25.567413330078125,741600
2014-08-29,25.5674120290395,25.614137043226123,25.481745541940985,25.590774536132812,1103900
2014-09-02,25.582987385762898,25.582987385762898,25.419443879564017,25.489534378051758,3783700
2014-09-03,25.310411431588122,25.69980237668948,25.28704892554353,25.660863876342773,2179400
2014-09-04,25.676437038838113,25.785466016111144,25.4973175803443,25.544042587280273,1092900
2014-09-05,25.582985639467708,25.582985639467708,25.44280465206098,25.575199127197266,764300
2014-09-08,25.458381304038266,25.53626128283809,25.18580880528245,25.248109817504883,975500
2014-09-09,25.193587995451487,25.31040644429022,25.107924499895184,25.30261993408203,583100
2014-09-10,25.279261221838595,25.279261221838595,25.16244571257839,25.26368522644043,1341800
2014-09-11,25.10014095973313,25.216959436221213,25.076778452762422,25.15465545654297,1403500
2014-09-12,25.061203002929688,25.193594506399613,25.022264500192495,25.061203002929688,1034600
2014-09-15,25.092355599559,25.12350462001077,24.952174609665132,25.084566116333008,1851100
2014-09-16,25.092354784238683,25.403865774356333,25.092354784238683,25.32598876953125,888500
2014-09-17,25.380504259053982,25.39608025479124,25.123504785615378,25.17023277282715,9255100
2014-09-18,25.271476158249946,25.325990659859926,25.21696165663997,25.287052154541016,456100
2014-09-19,25.3181975250057,25.325987007436627,24.889868086634795,24.98332405090332,1142000
2014-09-22,24.819779690171423,24.85871819082536,24.60172022444706,24.61729621887207,1899400
2014-09-23,24.554994727215938,24.671811719346714,24.47711623732587,24.500478744506836,889700
2014-09-24,24.453749733564532,24.539416212187323,24.24347827807686,24.477113723754883,787900
2014-09-25,24.39145030371435,24.39145030371435,23.978696823120117,23.978696823120117,1564900
2014-09-26,23.90860682329705,24.188967319489098,23.877454831826427,24.13445281982422,1022300
2014-09-29,24.040996843950694,24.111085845276808,23.83072538374678,24.0332088470459,2463100
2014-09-30,23.916390472206956,24.111085939361004,23.807361485931423,23.900815963745117,1271200
2014-10-01,23.893028627405904,23.931967127749875,23.643818660223918,23.713909149169922,3338800
2014-10-02,23.70612511596066,23.745063622815604,23.293370110417673,23.65939712524414,1592100
2014-10-03,23.620458881927664,23.721699892125383,23.54258038194005,23.573732376098633,1028600
2014-10-06,23.69054986472219,23.846306867862108,23.60488336445435,23.729488372802734,6738800
2014-10-07,23.643818978418853,23.674969482031536,23.340093027095808,23.355669021606445,3123900
2014-10-08,23.332304255895263,23.65939270272597,23.09867028761985,23.636030197143555,2050300
2014-10-09,23.612668562211184,23.62824455775932,23.06752208670463,23.14539909362793,1620200
2014-10-10,23.083096907114463,23.098672902871964,22.64697942376543,22.70928192138672,4743800
2014-10-13,22.69370362743964,22.903975092645585,22.44449366219195,22.46006965637207,3232900
2014-10-14,22.467857870846004,22.58467485751003,22.171919920194657,22.234222412109375,2876900
2014-10-15,21.992801393460198,22.094043875583733,21.611198428290766,22.039527893066406,3157600
2014-10-16,21.587833124798422,22.60025045750853,21.55668262208887,22.37440299987793,3690100
2014-10-17,22.662556265082188,22.787161264973886,22.53016326702116,22.608041763305664,2203100
2014-10-20,22.584676051640727,22.771583537267336,22.52237355643186,22.73264503479004,2192000
2014-10-21,22.888398378416724,23.238850809401715,22.888398378416724,23.207698822021484,795300
2014-10-22,23.17655664327361,23.17655664327361,22.756013575065126,22.76380157470703,1395400
2014-10-23,22.958494356722603,23.17655386432264,22.903979851174814,23.083099365234375,992300
2014-10-24,23.17655154349365,23.285580543671404,23.083097053763634,23.223278045654297,585400
2014-10-27,22.997430841687343,23.137610340820114,22.927340349416635,23.075307846069336,2952500
2014-10-28,23.18433335916936,23.488057770336574,23.160969371614836,23.456907272338867,1278200
2014-10-29,23.59709082037372,23.64381880356005,23.15318537796364,23.270002365112305,1213500
2014-10-30,23.277788990939175,23.34787947618083,23.09866952216983,23.17654800415039,828900
2014-10-31,23.192126096935244,23.30894308777589,23.122035605349133,23.30115509033203,8738400
2014-11-03,23.324521355000112,23.324521355000112,22.911766362715614,22.942916870117188,6768300
2014-11-04,22.77158497291095,22.833887472047707,22.514586978295743,22.615829467773438,2269200
2014-11-05,22.68591638511599,23.005218334797483,22.654765881127926,22.919551849365234,2297500
2014-11-06,22.91176309312779,23.03636807577008,22.748218125029428,22.84946060180664,1107000
2014-11-07,23.028577902637174,23.254425340715656,23.02078990628187,23.24663734436035,1555400
2014-11-10,23.35566779126054,23.425758277457536,23.168760323204715,23.207698822021484,1309600
2014-11-11,23.207703251098327,23.41797474981861,23.19991673817577,23.371248245239258,938300
2014-11-12,23.36345767186693,23.573729147411804,23.33230568197496,23.55815315246582,694500
2014-11-13,23.5581502755483,23.620452762315228,23.28557633891481,23.363454818725586,1132500
2014-11-14,23.363451450553747,23.62044935709351,23.340087464356227,23.612661361694336,662000
2014-11-17,23.410183320306764,23.721695780859395,23.410183320306764,23.620454788208008,1018900
2014-11-18,23.62824400197447,23.799575492747824,23.62824400197447,23.76842498779297,565600
2014-11-19,23.667183362684437,23.799576355712585,23.581518356895902,23.70612335205078,747700
2014-11-20,23.682758705525508,23.94754468428197,23.6360322049828,23.931968688964844,1069100
2014-11-21,24.23569030393006,24.27462879982189,24.09550934206603,24.165599822998047,1105300
2014-11-24,24.150027555224742,24.150027555224742,23.815151091435546,23.908605575561523,623200
2014-11-25,23.978700077085854,24.165607591184354,23.970912078322307,24.072153091430664,984500
2014-11-26,24.13445280138517,24.13445280138517,23.97869730037719,24.09551429748535,649600
2014-11-28,23.55815247232577,23.55815247232577,23.270002515778696,23.316730499267578,1310400
2014-12-01,23.277787844373137,23.38681830793894,23.051941891703077,23.24663734436035,3137200
2014-12-02,23.12203687882328,23.285580377925815,22.98964388580321,23.137611389160156,1313500
2014-12-03,23.1687622730387,23.44133624392088,23.129823770944945,23.386821746826172,1069000
2014-12-04,23.379035857009452,23.379035857009452,22.849463862503686,22.942916870117188,1572800
2014-12-05,22.872826777454694,22.942915787152053,22.73264578724257,22.802736282348633,1687100
2014-12-08,22.63918738440496,22.6703393703588,21.953860032913404,22.195281982421875,1436300
2014-12-09,22.03952899349915,22.351042967517465,22.016166485233875,22.31989097595215,1319700
2014-12-10,22.218649355284413,22.218649355284413,21.58004691466203,21.728015899658203,2587200
2014-12-11,21.611194794376047,22.000585691572013,21.580042809604343,21.696861267089844,2764500
2014-12-12,21.502169934766588,21.634562924574244,21.323048958855985,21.338624954223633,1753600
2014-12-15,21.35420162965025,21.502170619537868,21.066051647806862,21.151718139648438,2474800
2014-12-16,21.16729393488532,21.798106907298624,21.11277943528782,21.455442428588867,3543400
2014-12-17,21.08027546339273,22.13863334171109,21.08027546339273,22.004364013671875,2173100
2014-12-18,22.351887412545835,22.42297127586701,22.02806159362089,22.30449867248535,1870400
2014-12-19,22.304495703164957,22.604627865334542,22.25710696941317,22.55723762512207,3044700
2014-12-22,22.580936785442148,22.596733535006017,22.328194818264073,22.391380310058594,1687500
2014-12-23,22.462460618610713,22.73099929281648,22.399275136824695,22.675710678100586,1848400
2014-12-24,22.72310261301117,22.77049135126775,22.565138143541468,22.7152042388916,637000
2014-12-26,22.786286777932375,22.904759369932986,22.667814185931768,22.809980392456055,459900
2014-12-29,22.762595952517042,22.92056044263477,22.731003958370113,22.794189453125,752600
2014-12-30,22.809984696967952,22.87317019172284,22.731003958370113,22.794189453125,1321600
2014-12-31,22.77049432766903,22.833679822423917,22.675715332306194,22.794189453125,2154700
2015-01-02,22.604630717324877,22.76259368524767,22.533546854498315,22.6599178314209,2421600
2015-01-05,22.446665572860766,22.541444555953788,21.93328330613071,22.051755905151367,3434400
2015-01-06,22.043859436502622,22.043859436502622,21.601560992244657,21.72793197631836,1992700
2015-01-07,21.81480863425768,21.99646670259218,21.688436166654675,21.751623153686523,2172200
2015-01-08,21.901688085355183,22.13073639769551,21.901688085355183,22.020160675048828,1524800
2015-01-09,22.012267980105864,22.043859973663636,21.767422874343378,21.830608367919922,2828900
2015-01-12,21.656847259338086,21.6884392508859,21.356716560559793,21.48308753967285,2488700
2015-01-13,21.562067283109137,21.704235004707883,21.167157614872995,21.388307571411133,1601200
2015-01-14,21.182953997483374,21.26193623105934,20.85912819563663,21.254037857055664,3654800
2015-01-15,21.475187346606383,21.475187346606383,21.12766643024382,21.13556480407715,2980300
2015-01-16,21.017091479458927,21.554168829783368,21.017091479458927,21.530473709106445,2105000
2015-01-20,21.52257448660003,21.538371233094878,21.261934195277608,21.27773094177246,1626200
2015-01-21,21.34091567993164,21.475185007552195,21.19874797933804,21.34091567993164,2590700
2015-01-22,21.340921088081778,21.641051804812662,21.340921088081778,21.522579193115234,1732100
2015-01-23,21.5146769619885,21.67264142024653,21.490981841311577,21.530473709106445,1835700
2015-01-26,21.48308758350267,21.554171447706402,21.380410221225763,21.475189208984375,1180900
2015-01-27,21.356716434417635,21.672643880334277,21.356716434417635,21.63315200805664,2233300
2015-01-28,21.641049354777884,21.648947728858317,21.072379979134055,21.088176727294922,1797500
2015-01-29,21.08817765304693,21.15926151643053,20.685369596026835,20.993398666381836,2561800
2015-01-30,20.677468844625864,21.14346233703422,20.574791495336857,20.882822036743164,3414300
2015-02-02,21.04868623895442,21.483087803136247,21.04868623895442,21.435697555541992,1980300
2015-02-03,21.67264171633682,22.162328831997495,21.625251474335535,22.012264251708984,4998000
2015-02-04,21.77531647054108,21.854298696793588,21.50677780515896,21.6015567779541,2442400
2015-02-05,21.743728857775295,22.083349937994402,21.735830482915183,22.02806282043457,2715400
2015-02-06,21.94118081046275,22.107042141224387,21.720030862986466,21.80691146850586,1532200
2015-02-09,21.870096838285047,22.12283877324527,21.870096838285047,21.95697593688965,1471900
2015-02-10,21.949083068661864,21.949083068661864,21.656849211581605,21.79901695251465,1989500
2015-02-11,21.64104941688183,21.799013886022177,21.60155905282716,21.735828399658203,2144800
2015-02-12,21.996471931219123,22.122842922400203,21.925388060372136,22.09914779663086,1593900
2015-02-13,22.24921115083868,22.336091761410373,22.138636923900783,22.17812728881836,2050500
2015-02-17,22.28079879210834,22.478253591073326,22.162326214021455,22.40717124938965,963300
2015-02-18,22.20181867748036,22.25710578165047,22.067549350298417,22.16232681274414,1445600
2015-02-19,21.893790324400626,22.043856412323564,21.814809600035584,21.980670928955078,1191200
2015-02-20,22.004365054803415,22.035957041828258,21.854298973668513,21.88589096069336,1174700
2015-02-23,21.84640060029713,21.964873187946502,21.759519999672605,21.88589096069336,2517200
2015-02-24,21.870096538626616,22.04385623991577,21.79111430841855,22.012264251708984,2584900
2015-02-25,22.162329836525934,22.265007192388587,22.083347602737923,22.233413696289062,945000
2015-02-26,22.17022218270172,22.288694747941893,22.075444733093743,22.083341598510742,987500
2015-02-27,22.107042183193382,22.31239538342676,22.107042183193382,22.1307373046875,1369700
2015-03-02,22.09124539248009,22.15443087654717,22.012264667241823,22.138635635375977,1098900
2015-03-03,22.20971907399878,22.21761594120492,21.988569130708342,22.012264251708984,808400
2015-03-04,21.893793460734564,22.067554694735144,21.791117600475015,22.02806282043457,1076200
2015-03-05,22.0122594255115,22.11493524774775,21.91748046875,21.91748046875,1043700
2015-03-06,21.743725232537333,21.854299449221433,21.483084931452872,21.538372039794922,1441600
2015-03-09,21.585765490918266,21.63315423607114,21.451496124267578,21.451496124267578,1154200
2015-03-10,21.301423823159762,21.325118942087904,20.993394809397,21.001293182373047,1543700
2015-03-11,21.00919532775879,21.111871181962645,20.92231471588261,21.00919532775879,1487700
2015-03-12,21.246136979676052,21.285628845041217,21.14346114264788,21.159257888793945,2049800
2015-03-13,21.08027744984093,21.08027744984093,20.756451658724483,20.97760009765625,3360300
2015-03-16,21.04078821014861,21.30932692508566,20.993399468236465,21.24614143371582,2505300
2015-03-17,21.143461651793633,21.3172213442027,21.024989065766512,21.269832611083984,1801300
2015-03-18,21.18295616596241,21.814812592791892,21.11187229911333,21.72793197631836,3493800
2015-03-19,21.419905218692442,21.467293966254676,21.190856843629586,21.206653594970703,1505300
2015-03-20,21.53837047694896,21.775315640210682,21.47518499964846,21.680538177490234,2300500
2015-03-23,21.80690964609289,21.87009512488271,21.688435555208915,21.791112899780273,941200
2015-03-24,21.86219652319209,22.028057838358805,21.735825566933457,21.964872360229492,1235900
2015-03-25,22.091248089257103,22.114943213597616,21.720033513354803,21.743728637695312,1031000
2015-03-26,21.830606094390237,21.941181826479124,21.633151259219673,21.69633674621582,1240800
2015-03-27,21.672641125235234,21.720029859483294,21.372508959922563,21.380407333374023,1537100
2015-03-30,21.39620590209961,21.522576875161676,21.372510779727662,21.39620590209961,944800
2015-03-31,21.246142798414546,21.538376656309133,21.167160552513764,21.46729278564453,1862400
2015-04-01,21.5462736961766,21.609459187688984,21.396207588911828,21.562068939208984,1535300
2015-04-02,21.554169051075664,21.846401343454374,21.53047393015547,21.82270622253418,1580600
2015-04-06,21.838506299398894,22.186027260242472,21.838506299398894,22.035961151123047,1343300
2015-04-07,21.996471842560695,22.2966025687908,21.996471842560695,22.114944458007812,1366900
2015-04-08,22.288704193566186,22.37558481457589,22.043860587447334,22.114944458007812,1267000
2015-04-09,22.13073837589628,22.312396463428456,22.13073837589628,22.209720611572266,1933500
2015-04-10,22.27290663761097,22.351887368736687,22.257109888801473,22.312397003173828,1028500
2015-04-13,22.31239717828687,22.415073033432652,22.241313314547135,22.280803680419922,517000
2015-04-14,22.422969073579278,22.509849677207868,22.415070699934795,22.486154556274414,891000
2015-04-15,22.46246370304915,23.03113311721031,22.46246370304915,22.928457260131836,2377000
2015-04-16,22.960047883544128,23.125910727659225,22.817880161862853,23.031131744384766,2043900
2015-04-17,22.99954121339659,23.015336456227047,22.802086366637027,22.912660598754883,955000
2015-04-20,22.920556191221994,23.11801101401379,22.920556191221994,22.99953842163086,1589600
2015-04-21,22.96004647910255,22.991639973748445,22.699406174116916,22.809980392456055,947100
2015-04-22,22.86527065816701,22.888964274400546,22.64412069906863,22.857372283935547,572300
2015-04-23,22.809978434385535,23.228583163744972,22.778386448912325,23.157499313354492,720100
2015-04-24,23.165402078590677,23.22068919349691,23.0469294742972,23.125911712646484,1986500
2015-04-27,23.220687235028215,23.29966946671602,23.1022146407269,23.133808135986328,1070200
2015-04-28,23.173300195724597,23.299671173095703,23.133809830218958,23.299671173095703,868900
2015-04-29,23.244381984389058,23.36285457679393,23.204890115946938,23.331262588500977,1970200
2015-04-30,23.13380776138771,23.15750137598785,22.90475944384807,22.99953842163086,2126500
2015-05-01,22.960049873014437,23.054828864501424,22.896864380843436,23.015336990356445,1539800
2015-05-04,23.118008912689373,23.212786375396565,23.102212166751304,23.16539764404297,935600
2015-05-05,23.268078463700007,23.307570337004265,22.841576777240522,22.904762268066406,939800
2015-05-06,22.975846399089576,22.991643148593848,22.59673344975279,22.731002807617188,1170200
2015-05-07,22.628326327270514,22.65202145245361,22.39927947634461,22.644123077392578,1511000
2015-05-08,22.833673392694028,22.92055398844019,22.730997557552694,22.849470138549805,1330600
2015-05-11,22.81788307211994,22.983745937389653,22.731003958370113,22.794189453125,588900
2015-05-12,22.80208218929829,22.920554774357676,22.746793576907297,22.77838706970215,923800
2015-05-13,22.873164663360097,22.928453276060957,22.67570985166758,22.75469207763672,1099300
2015-05-14,22.888959322917817,22.896857695440655,22.73099639184266,22.786283493041992,1466600
2015-05-15,22.65991370766231,22.85736851147769,22.588829857771923,22.849470138549805,1535300
2015-05-18,22.652017063968778,22.762591280479132,22.636220316907092,22.675710678100586,2260200
2015-05-19,22.50985345159788,22.55724219495006,22.38348246501807,22.494056701660156,1698600
2015-05-20,22.462466702752597,22.604634451893613,22.454568327082416,22.478261947631836,1544200
2015-05-21,22.43876786857594,22.72310331988219,22.43876786857594,22.6599178314209,1008000
2015-05-22,22.51775182656674,22.541446951473326,22.43087120837025,22.494056701660156,2071900
2015-05-26,22.24921275253576,22.288703120296205,21.92538691622503,22.035961151123047,1277700
2015-05-27,21.996468706103624,22.122839678756232,21.94118159387571,22.06755256652832,1581800
2015-05-28,22.012262939840817,22.114938778469597,21.830603369250436,22.107040405273438,1229500
2015-05-29,21.933282808910896,21.99646829405357,21.751624727433295,21.941181182861328,1647200
2015-06-01,21.925387139374006,21.94908226414801,21.680543542553195,21.870100021362305,2694400
2015-06-02,21.97277680544978,22.217620412555494,21.94118481088503,22.09914779663086,1295000
2015-06-03,22.02806189347563,22.217618362758778,22.012266650881045,22.122840881347656,946000
2015-06-04,22.004365716778587,22.03595770475384,21.743725413524643,21.838502883911133,1156700
2015-06-05,21.688438476341215,21.98857067086199,21.648948111701515,21.87799644470215,1483300
2015-06-08,21.870095443336222,21.87799381660754,21.50677780515896,21.6015567779541,1778200
2015-06-09,21.61735308347312,21.885890236916048,21.60945471036294,21.814807891845703,2745600
2015-06-10,22.130738096404418,22.18602520874113,22.059654235839844,22.059654235839844,958200
2015-06-11,22.028059492582006,22.09124497545631,21.901688526833397,22.012264251708984,1238400
2015-06-12,21.7753181889581,21.846402047548928,21.727929452051143,21.767419815063477,1762300
2015-06-15,21.625250076419096,21.822704885944862,21.569962970785586,21.791112899780273,1739000
2015-06-16,21.783214399404983,21.814807891845703,21.68053856189392,21.814807891845703,1088200
2015-06-17,21.80691395309403,21.949081685065295,21.68843983881068,21.901691436767578,2221400
2015-06-18,22.01226259867195,22.051752957580035,21.925382001321402,21.964872360229492,1958600
2015-06-19,21.870097965300854,21.901689955568507,21.617356017316265,21.69633674621582,2491700
2015-06-22,21.759520568813144,21.909586653873166,21.735826954539952,21.854299545288086,1245800
2015-06-23,21.79901087704362,22.020159295561378,21.791112504030753,21.9964656829834,1311300
2015-06-24,21.92538443496046,22.05965377919625,21.885892565208287,21.941181182861328,1589100
2015-06-25,22.030319483978147,22.078072641095403,21.93481165169814,21.96664810180664,2496400
2015-06-26,21.88706092270915,21.934814085124092,21.823389533474003,21.910938262939453,1034000
2015-06-29,21.560741992359414,21.616454260766496,21.266260907577816,21.290138244628906,2364200
2015-06-30,21.337891670793002,21.377687233048572,21.17075486345604,21.22646713256836,1522200
2015-07-01,21.242386781075336,21.33789310079831,21.075248444491756,21.138919830322266,3287300
2015-07-02,21.170751820379788,21.26625811997416,21.051368186864195,21.250341415405273,1377200
2015-07-06,21.04341622142396,21.20259394748281,20.733016847224512,21.01953887939453,1829900
2015-07-07,20.8205625760728,21.019535843442032,20.534040585286526,20.971782684326172,3476700
2015-07-08,20.804640600179994,20.884230196390252,20.573832441020052,20.61362648010254,4011600
2015-07-09,20.892194503372167,20.931988552350802,20.478329714593453,20.51016616821289,1260200
2015-07-10,20.613629635610643,20.74097240182241,20.54199913986083,20.725055694580078,1516000
2015-07-13,20.72505604541808,20.86035640851865,20.653425548455694,20.8205623626709,3920300
2015-07-14,20.75689310516673,20.916072340957776,20.669344373677085,20.90015411376953,1522700
2015-07-15,20.812602897572223,20.85239846079185,20.62954786089849,20.725055694580078,2326500
2015-07-16,20.796681219959193,20.836476776572614,20.73300984742299,20.74892807006836,1637600
2015-07-17,20.74096922682084,20.75688744967195,20.518120179086456,20.61362648010254,3500600
2015-07-20,20.605675525157395,20.621593754309522,20.27935941776823,20.32711410522461,2589800
2015-07-21,20.32710927789209,20.4942460901597,20.21568321833483,20.295272827148438,2914000
2015-07-22,20.104257583618164,20.167928963597703,19.97691482365909,20.104257583618164,3545700
2015-07-23,20.144052540646783,20.18384810371767,19.93712016681471,20.000791549682617,1971300
2015-07-24,19.937118411714284,20.024667124717652,19.841612104842774,19.921201705932617,2052600
2015-07-27,19.873452585285197,19.889370813558344,19.650603461644327,19.69835662841797,1428700
2015-07-28,19.817736513693077,20.056505337981857,19.674475522728915,20.000791549682617,1663500
2015-07-29,20.008750842637657,20.343025985218393,19.953038571881788,20.295272827148438,2704700
2015-07-30,20.263439035917596,20.33506954144657,20.088343087983283,20.31915283203125,1507600
2015-07-31,20.414657361267555,20.494246973511668,20.287314588895207,20.335067749023438,1619200
2015-08-03,20.175893313440856,20.23160559562998,20.032632291785486,20.08834457397461,1396800
2015-08-04,20.183848051070278,20.335066636208673,20.15997071329003,20.215682983398438,1318400
2015-08-05,20.343027922156427,20.470370701164786,20.215685143148065,20.223644256591797,1347300
2015-08-06,20.271396912815973,20.271396912815973,20.096300975564905,20.207725524902344,2416300
2015-08-07,20.096300145416382,20.223642915983294,19.95303914901721,20.024669647216797,1193200
2015-08-10,20.072422190287423,20.454452008302425,20.064463077615702,20.438533782958984,1364800
2015-08-11,20.167927296828843,20.199762225164907,19.921200909554404,20.18384552001953,1397700
2015-08-12,20.144051967501646,20.303231179165145,20.040586542552198,20.271394729614258,1840300
2015-08-13,20.1360920187899,20.167928467018506,19.968955219725935,20.016708374023438,993200
2015-08-14,19.99283471359785,20.15201241778371,19.99283471359785,20.024669647216797,1317400
2015-08-17,19.93712030250809,19.992834091186523,19.83365487391062,19.992834091186523,1050300
2015-08-18,19.897324623717605,19.976914225821556,19.801816797583786,19.929161071777344,1080900
2015-08-19,19.80977929667008,19.833656636797425,19.51529969199443,19.626724243164062,2985000
2015-08-20,19.531216899187534,19.531216899187534,19.22081756591797,19.22081756591797,2786000
2015-08-21,19.013885468894763,19.165105581322468,18.71144676208496,18.71144676208496,3106600
2015-08-24,17.843928163192864,18.623903246695075,17.430063275521725,18.0269832611084,5855200
2015-08-25,18.687570147756066,18.687570147756066,18.05085625711787,18.082691192626953,3739400
2015-08-26,18.504515729952985,18.512474843615227,18.011061309214128,18.4647216796875,4562700
2015-08-27,18.679608073354483,19.300405156854822,18.679608073354483,19.133268356323242,4143200
2015-08-28,18.982049615663154,19.268570082442068,18.942254052190023,19.26061248779297,2411900
2015-08-31,19.117350976183513,19.379995615791056,18.798994067272165,19.31632423400879,4110200
2015-09-01,18.902460666413003,19.037762550852307,18.57614462477331,18.703487396240234,2555000
2015-09-02,18.870625095527352,18.870625095527352,18.488596763291,18.743282318115234,3331600
2015-09-03,18.822870236828578,19.12531044445484,18.743280628608744,18.894500732421875,2748100
2015-09-04,18.6398173192637,18.719406936530145,18.528392765918085,18.60002326965332,1830000
2015-09-08,18.990013157566448,18.99797227211745,18.838793017189193,18.91838264465332,2758100
2015-09-09,19.11734942330609,19.157143464420532,18.72736205181217,18.751237869262695,2577400
2015-09-10,18.71940343431609,18.9661298354409,18.7034852102318,18.838787078857422,2887100
2015-09-11,18.727365517567634,18.743282226131797,18.50451489916725,18.65573501586914,1633800
2015-09-14,18.615939243157115,18.66369392245761,18.496555580997118,18.504514694213867,1496200
2015-09-15,18.49655578586235,18.687569951043113,18.49655578586235,18.65573501586914,1947900
2015-09-16,18.783080952720344,19.22878074645996,18.751244494144565,19.22878074645996,2361800
2015-09-17,19.196941745082633,19.49938044734632,19.10939302056486,19.22081756591797,2691700
2015-09-18,19.00592168793007,19.188978207718566,18.93429272389398,18.97408676147461,2198000
2015-09-21,19.029803197948105,19.188982419297588,18.958172700145397,19.069597244262695,1949400
2015-09-22,18.822872376344545,18.822872376344545,18.51247453885566,18.60002326965332,2079500
2015-09-23,18.615942648092723,18.695532276771882,18.329422110112024,18.345338821411133,1963600
2015-09-24,18.162278207484746,18.401047020814712,18.098606827539175,18.33737564086914,1535100
2015-09-25,18.520431298683,18.528390411202718,18.313498927306906,18.369211196899414,1651500
2015-09-28,18.25778419358396,18.25778419358396,17.76432991027832,17.76432991027832,1992800
2015-09-29,17.708621702723356,17.907594980282045,17.66086854116205,17.772293090820312,2237200
2015-09-30,18.003099519019482,18.305538177490234,17.963303959980333,18.305538177490234,2236700
2015-10-01,18.48063408312642,18.544305459543704,18.17819542465567,18.305538177490234,2154500
2015-10-02,18.162276912426876,18.5841007232666,18.122482872065444,18.5841007232666,2342200
2015-10-05,18.759195315230652,19.021839910180415,18.759195315230652,18.97408676147461,1589600
2015-10-06,19.029804933615218,19.228778219427213,18.96613354287721,19.196943283081055,2939400
2015-10-07,19.39591442930089,19.586928580443864,19.3163248201466,19.49142074584961,3220000
2015-10-08,19.491419306211,19.746104822257195,19.451625263595815,19.72222900390625,1455500
2015-10-09,19.80182176234194,19.93712366442824,19.73019277233934,19.83365821838379,5409800
2015-10-12,19.825696618318485,19.825696618318485,19.634682460157062,19.658559799194336,1519700
2015-10-13,19.467543407689664,19.738147167986927,19.427749362135287,19.49142074584961,1273900
2015-10-14,19.54713157309043,19.754063934389315,19.54713157309043,19.72222900390625,1503000
2015-10-15,19.642645962057262,19.785906992199497,19.547138102613797,19.76202964782715,4564800
2015-10-16,19.76202802346476,19.833658532648126,19.66652017187167,19.69835662841797,1480300
2015-10-19,19.539173549985357,19.61080404512139,19.34815940230443,19.39591407775879,1767900
2015-10-20,19.47550490282176,19.73814958252801,19.43571085239943,19.57897186279297,876800
2015-10-21,19.56304952534068,19.578967749383587,18.9900071222046,19.125308990478516,1997800
2015-10-22,19.173064594354926,19.451627478516926,19.173064594354926,19.443668365478516,1814100
2015-10-23,19.483462412624977,19.5710111380019,19.379996979216823,19.443668365478516,1703900
2015-10-26,19.46754811359471,19.4834663428826,19.220821631816015,19.22878074645996,1114300
2015-10-27,19.07755293737134,19.141224310888553,18.926334374046263,18.99796485900879,1817100
2015-10-28,19.08551502653497,19.45958573260066,19.077555913847878,19.332242965698242,1745700
2015-10-29,19.2606066320134,19.419784283374753,19.220811080639265,19.268564224243164,1035400
2015-10-30,19.20489968030334,19.24469524581003,18.9422550201416,18.9422550201416,3149800
2015-11-02,18.902458788894855,19.1093911514861,18.902458788894855,19.07755470275879,904800
2015-11-03,19.03776349812218,19.34816132926171,18.99796944932581,19.32428550720215,3156000
2015-11-04,19.284487321657462,19.340199589625293,19.02184268834807,19.085514068603516,1457200
2015-11-05,19.021845672567878,19.085517062812333,18.846749728907046,18.902462005615234,1690500
2015-11-06,18.79103662857078,18.83878978964964,18.592063353022326,18.719406127929688,1801800
2015-11-09,18.75123865739281,18.7591977695593,18.496553140246863,18.631855010986328,1724200
2015-11-10,18.536348714609584,18.59206098177025,18.43288177441513,18.560224533081055,1294800
2015-11-11,18.60798103334591,18.64777660136171,18.416966861007175,18.472679138183594,1230100
2015-11-12,18.24982530268447,18.30553756543114,18.114523442565993,18.130441665649414,1817000
2015-11-13,18.034941007117116,18.090653291987902,17.907598207970775,17.971269607543945,6048200
2015-11-16,17.931467910420473,18.32941436767578,17.931467910420473,18.32941436767578,2318500
2015-11-17,18.34533438362676,18.464719556788864,18.249828066751725,18.313499450683594,2527100
2015-11-18,18.353294077628444,18.5045141885229,18.3294182566763,18.488595962524414,2108300
2015-11-19,18.552265407366864,18.639814123152817,18.52043047674633,18.631855010986328,971500
2015-11-20,18.679604597041997,18.703481928979496,18.472672274385744,18.496549606323242,1719600
2015-11-23,18.432884239487898,18.60798017655818,18.353294625166633,18.36125373840332,1806300
2015-11-24,18.385129640204244,18.61593783383411,18.369211414975837,18.520431518554688,1953600
2015-11-25,18.480631385031575,18.607974119274637,18.416960017910046,18.496549606323242,1233800
2015-11-27,18.385128275061742,18.46471787724854,18.345332714945645,18.39308738708496,889200
2015-11-30,18.369211414975837,18.584102901422806,18.369211414975837,18.520431518554688,1439800
2015-12-01,18.560226628146925,18.79899546613167,18.552267515076206,18.783077239990234,1647700
2015-12-02,18.70348488479508,18.830827639162823,18.49655252943616,18.52838897705078,1534800
2015-12-03,18.663689833121566,18.663689833121566,18.297578295596626,18.353290557861328,2208600
2015-12-04,18.313495632148182,18.393085224979227,18.225946928229508,18.3851261138916,1999000
2015-12-07,18.130443134317964,18.146359840645424,17.700660184522548,17.756372451782227,1553400
2015-12-08,17.485767364501953,17.65290567146902,17.390261061702468,17.485767364501953,2726200
2015-12-09,17.493732670265,17.899638395999382,17.414143044387423,17.573322296142578,4387500
2015-12-10,17.493732670265,17.764336487421254,17.485773555872658,17.573322296142578,2654800
2015-12-11,17.382301347770657,17.40617868166575,17.12761585840402,17.167409896850586,4139800
2015-12-14,17.135579836660156,17.231086163276334,16.91272921114625,17.05599021911621,4650200
2015-12-15,17.231086674546862,17.445978192877934,17.215168446956618,17.374347686767578,2309600
2015-12-16,17.41413824513671,17.652907056965933,17.350466865591336,17.61311149597168,2796800
2015-12-17,17.50168613807038,17.54943929097194,17.151492808019782,17.215164184570312,2437500
2015-12-18,17.111698766942713,17.318631120243275,17.111698766942713,17.215164184570312,3695600
2015-12-21,17.36844037671569,17.40877519975664,17.126426822445378,17.20709800720215,2767700
2015-12-22,17.2232342941433,17.344240314181654,17.110294008589147,17.303905487060547,2121400
2015-12-23,17.513650018071203,17.715327249262305,17.473315187303047,17.683059692382812,2137100
2015-12-24,17.73145866394043,17.795995304971132,17.707258385225725,17.73145866394043,1000600
2015-12-28,17.57819224429929,17.57819224429929,17.424917082580304,17.465251922607422,1843100
2015-12-29,17.64272514691568,17.723394809756503,17.57818849343791,17.66692543029785,2197400
2015-12-30,17.63465667737229,17.6427239508445,17.416844909647956,17.47331428527832,1791700
2015-12-31,17.360378553046164,17.42491521337188,17.279707342970184,17.3442440032959,2122100
2016-01-04,17.069956357134085,17.134492993054877,16.827944357099817,17.094158172607422,1942300
2016-01-05,17.094159957524354,17.13449478218344,16.868280938878648,17.01348876953125,2852400
2016-01-06,16.690806287045973,16.819879578016483,16.58593327646056,16.64240264892578,1403600
2016-01-07,16.327787283301518,16.481062398859244,16.23904881555625,16.247116088867188,1983400
2016-01-08,16.35198787800299,16.376188157447462,16.15031067636608,16.174510955810547,1790400
2016-01-11,16.279384504313782,16.31165205753901,15.795358896535399,15.956701278686523,2917500
2016-01-12,16.061572767361056,16.16644577747506,15.722754995417718,15.988968849182129,3143000
2016-01-13,16.126109886406258,16.222915626381038,15.545280062582698,15.634016990661621,3448700
2016-01-14,15.601746723995499,15.916362631534339,15.456538908616105,15.835691452026367,3559300
2016-01-15,15.343600979110713,15.496874535611164,15.158058333657628,15.303264617919922,2587100
2016-01-19,15.416209300611314,15.416209300611314,15.069324188513214,15.23873233795166,3869300
2016-01-20,14.924114215515674,15.198395356624562,14.577229152426487,15.045120239257812,5412900
2016-01-21,15.125788961138044,15.609814515629425,15.053185051030596,15.529143333435059,5820700
2016-01-22,15.972832792355797,16.182577254069237,15.96476705880995,16.142242431640625,3776200
2016-01-25,15.997040594451683,16.06157725768933,15.682424553502578,15.714692115783691,3105500
2016-01-26,15.908299630936433,16.25518471888357,15.86796479969033,16.15838050842285,4163600
2016-01-27,16.118044294054272,16.481063933473365,15.997038260472971,16.182580947875977,3959500
2016-01-28,16.49719740741007,16.610136159575436,16.295520185014716,16.569801330566406,3010400
2016-01-29,16.731147424441303,16.868288040161133,16.545604691019058,16.868288040161133,3694100
2016-02-01,16.77954182798761,16.852145740500408,16.529462539707353,16.787609100341797,3683800
2016-02-02,16.42459382778021,16.448794110221748,16.27131870472491,16.376190185546875,1977100
2016-02-03,16.690804229537406,16.89248141415206,16.295517132333668,16.860212326049805,3138900
2016-02-04,16.940884573739435,17.311969878219294,16.940884573739435,17.1506290435791,4499700
2016-02-05,17.053826496371308,17.09416286656968,16.868283809484392,16.924753189086914,6392200
2016-02-08,16.76340647988272,16.76340647988272,16.497192684087704,16.60206413269043,2386600
2016-02-09,16.456863569330466,16.602071437963215,16.150314821186587,16.295522689819336,3259700
2016-02-10,16.327787293782052,16.521397237343688,16.101908256955944,16.126110076904297,3642200
2016-02-11,15.851824781741879,15.997032586001367,15.71468424868288,15.972830772399902,3533200
2016-02-12,16.126109891337073,16.481062219786413,16.10190807166722,16.464927673339844,2126400
2016-02-16,16.674671049880413,16.731140420005115,16.40038993326763,16.71500587463379,4853700
2016-02-17,16.940881926176136,17.384571075439453,16.91668011235872,17.384571075439453,5485200
2016-02-18,17.48138402001959,17.48138402001959,17.247437672412662,17.37651252746582,1960200
2016-02-19,17.10222981359381,17.199034022868492,16.973156508777453,17.182899475097656,1609000
2016-02-22,17.449111787901558,17.545917527137256,17.287770940742092,17.303905487060547,4572400
2016-02-23,17.223232547689875,17.384573378489215,17.037689899866944,17.086091995239258,2198600
2016-02-24,16.85214371701954,17.166761146356347,16.610131730152478,17.12642478942871,2010500
2016-02-25,17.19902965267818,17.368439283875453,17.10222546800097,17.336170196533203,1541000
2016-02-26,17.50558285107846,17.61045432570334,17.40877711100739,17.449111938476562,2672600
2016-02-29,17.49751557784962,17.61045432570334,17.40877711100739,17.449111938476562,2672300
2016-03-01,17.65885539782009,17.868599873527824,17.610453299941366,17.836332321166992,2570800
2016-03-02,17.763733163425606,17.86860466003418,17.56205590645304,17.86860466003418,3290700
2016-03-03,17.85246937445658,18.126750555729593,17.82020181478197,18.062213897705078,3450000
2016-03-04,18.102547209985957,18.336491978767786,18.09447993676244,18.24775505065918,2072400
2016-03-07,18.183216356039882,18.667240385547444,18.183216356039882,18.586570739746094,3732200
2016-03-08,18.43329648785732,18.473631312606432,18.22355201407708,18.29615592956543,8121400
2016-03-09,18.39296184617554,18.723712363839198,18.39296184617554,18.63497543334961,4000500
2016-03-10,18.651109461547453,18.755980936000547,18.31229167986625,18.48976707458496,6582100
2016-03-11,18.78018244599985,18.90925573797167,18.723711534421543,18.868919372558594,2543900
2016-03-14,18.796315988659327,18.844719628533166,18.643042411750663,18.77211570739746,2826500
2016-03-15,18.53009958644431,18.546234130859375,18.33648966948807,18.546234130859375,2628900
2016-03-16,18.54623625838518,18.997992783106177,18.53816898525221,18.9495906829834,2148200
2016-03-17,19.18353624300303,19.425548272895703,19.078663235021235,19.320676803588867,3266400
2016-03-18,19.38521377716694,19.401346784405863,19.086730832459548,19.127065658569336,4818700
2016-03-21,19.062529013588684,19.175469296311068,18.997992368608028,19.127065658569336,2349400
2016-03-22,19.022193746636187,19.183536124686178,19.01412647386619,19.118999481201172,1245200
2016-03-23,18.981858679745827,18.989925952413092,18.667241200422186,18.71564483642578,3000400
2016-03-24,18.481699510387774,18.626907348632812,18.384895310674423,18.626907348632812,1137000
2016-03-28,18.659174087191868,18.764047094087502,18.538168073498785,18.739845275878906,1860200
2016-03-29,18.63497688115346,18.989929246714293,18.54623840509445,18.93345832824707,1573300
2016-03-30,19.143197612550797,19.361009336872563,19.127063068821457,19.19966697692871,1548400
2016-03-31,19.25614048720563,19.393281050123896,19.127065658569336,19.127065658569336,1627800
2016-04-01,18.852790093938818,19.04640007019043,18.72371523776243,19.04640007019043,2949600
2016-04-04,19.014125696567348,19.05446205876837,18.755979133180375,18.812448501586914,1617900
2016-04-05,18.538169974306008,18.651110265518145,18.489767871600865,18.61884117126465,831000
2016-04-06,18.618835723360135,18.788245341271235,18.497829732666293,18.78017807006836,4200200
2016-04-07,18.643040390926892,18.683375214441252,18.46556347464397,18.570436477661133,2297300
2016-04-08,18.885054845070314,19.054464510765065,18.691444897615664,18.957658767700195,2828700
2016-04-11,19.102864284632155,19.28033966349879,19.102864284632155,19.1351318359375,1031500
2016-04-12,19.2158024368733,19.66755891211127,19.18353488655087,19.586889266967773,2755200
2016-04-13,19.635294928557354,19.748233683213556,19.55462373008501,19.66756248474121,2358800
2016-04-14,19.715965441019847,19.715965441019847,19.546555776254955,19.619159698486328,1961500
2016-04-15,19.546555376877265,19.603024751086746,19.441683901727522,19.554622650146484,1363400
2016-04-18,19.361013732753708,19.748233638126752,19.30454435555453,19.72403335571289,2762400
2016-04-19,19.96604386795039,20.17578835181026,19.925709041262916,20.151586532592773,2243600
2016-04-20,20.111249366639843,20.40973074222892,20.095114822371563,20.264524459838867,2095600
2016-04-21,20.28066187402156,20.30486369568495,20.038649812088313,20.11125373840332,2105300
2016-04-22,20.17578494635596,20.361327579680758,20.119315583054913,20.21611976623535,1845800
2016-04-25,20.18385632177317,20.18385632177317,20.022513932102576,20.078983306884766,4581700
2016-04-26,20.159650402934304,20.2725891295364,20.111248311344088,20.21611976623535,2326600
2016-04-27,20.264528955922042,20.369400439584016,20.103186554791904,20.312931060791016,1894500
2016-04-28,20.304858479421704,20.579139566444066,20.175785207725855,20.37746238708496,2681100
2016-04-29,20.433942365058538,20.58721753181565,20.377472971694225,20.49041175842285,2890400
2016-05-02,20.587207944409595,20.587207944409595,20.28872502590374,20.369396209716797,2721200
2016-05-03,20.0628512998636,20.111253403709703,19.76436832568316,19.869239807128906,3950000
2016-05-04,19.659493335698322,19.732095709172896,19.377144959414373,19.490083694458008,2801700
2016-05-05,19.699833123125938,19.732100681838034,19.39328439132241,19.48202133178711,3311700
2016-05-06,19.35294853923389,19.594962160111532,19.32068097965538,19.506223678588867,3159500
2016-05-09,19.32067451622399,19.34487479314322,19.110930063766894,19.19966697692871,2541100
2016-05-10,19.264206967154813,19.594959016492574,19.264206967154813,19.554622650146484,4631400
2016-05-11,19.63529396057129,19.748232709659806,19.50622066484868,19.63529396057129,2790400
2016-05-12,19.836972684934384,19.90957661163009,19.498154873246143,19.69176483154297,3200500
2016-05-13,19.546553345575877,19.659493620933,19.441681881324502,19.473949432373047,2933400
2016-05-16,19.643356342928552,19.820831695689144,19.63528907162016,19.764362335205078,2122600
2016-05-17,19.69176400585364,19.925710323991424,19.65142917656959,19.804702758789062,4720500
2016-05-18,19.62722943110615,19.828906676201232,19.44975400934558,19.522357940673828,6973100
2016-05-19,19.256139754809954,19.377145767211914,19.110931924457628,19.377145767211914,3979700
2016-05-20,19.449748871563813,19.562687606607447,19.401345237680943,19.490083694458008,3126700
2016-05-23,19.44974789837793,19.562686627770567,19.32067462516497,19.457815170288086,1590400
2016-05-24,19.465881877516573,19.699828158592513,19.457816143877626,19.490083694458008,2592700
2016-05-25,19.603022807173687,19.901505733835833,19.594957073379348,19.853103637695312,2775600
2016-05-26,20.11125159340243,20.1435191468369,19.893439837688504,19.949909210205078,2514500
2016-05-27,19.861172284254035,19.998312848369284,19.820835919117197,19.949909210205078,2065700
2016-05-31,19.901508919264874,20.022514948321806,19.715966238799233,19.748233795166016,8511300
2016-06-01,19.667557955686213,19.828900315476904,19.578821042608634,19.796632766723633,2820300
2016-06-02,19.66755944825268,19.893438461366596,19.651426441989102,19.853103637695312,1122900
2016-06-03,20.087049479928744,20.26452640657977,20.046714654058047,20.20805549621582,2879200
2016-06-06,20.288729894601673,20.522676229932287,20.288729894601673,20.48233985900879,1859900
2016-06-07,20.554944676396516,20.724354364246775,20.514609842404937,20.69208526611328,2947200
2016-06-08,20.93409666782309,20.982498771219152,20.667882791132083,20.70821762084961,1606300
2016-06-09,20.5307408965629,20.603344816328743,20.458136976797057,20.554941177368164,2159600
2016-06-10,20.442001794555814,20.490403893335646,20.13545157870858,20.20805549621582,1783300
2016-06-13,20.04671656189222,20.248393787789176,20.04671656189222,20.087051391601562,2107500
2016-06-14,19.982178308459307,20.078982507467487,19.780501098738096,19.828903198242188,2463600
2016-06-15,19.764362335205078,19.92570468402356,19.732093249971513,19.764362335205078,2819100
2016-06-16,19.562691003799756,19.699831579600204,19.344879229526963,19.66756248474121,2110700
2016-06-17,19.828903198242188,19.95797648936976,19.780501098738096,19.828903198242188,1784700
2016-06-20,20.159655029948336,20.216124406210152,20.062850824549542,20.103185653686523,3099600
2016-06-21,20.103185368875238,20.183856564681395,19.982179344503542,20.119319915771484,1315600
2016-06-22,20.172986267940058,20.221773325800285,20.026628196085976,20.042890548706055,2488000
2016-06-23,20.319342320726708,20.433175676029382,20.28681916958158,20.368127822875977,2659800
2016-06-24,19.5225021851061,19.904658059095805,19.384275328409757,19.628204345703125,3755900
2016-06-27,19.441192595415146,19.45745494396644,19.059036709637233,19.205394744873047,2408100
2016-06-28,19.449324321330216,19.514372166517425,19.33549097996835,19.498109817504883,2102000
2016-06-29,19.668863729631276,19.85587611302311,19.644470203198935,19.815221786499023,3076800
2016-06-30,19.912793815810296,19.969710496219914,19.717650246893086,19.92905616760254,6703400
2016-07-01,20.02662861085413,20.19738021517473,19.98597427932526,20.18924903869629,2061200
2016-07-05,20.14045875821304,20.189244254660156,19.97783836890535,19.98596954345703,3189300
2016-07-06,19.953447281037743,20.11606612669452,19.766433359781043,20.107934951782227,2658600
2016-07-07,20.213637550024515,20.2868165693002,19.831480104726378,19.912790298461914,2889700
2016-07-08,19.9859702087161,20.132328253792146,19.9859702087161,20.03475570678711,1303400
2016-07-11,20.026628047178995,20.15672531630897,20.026628047178995,20.051021575927734,1666400
2016-07-12,20.286815078002302,20.441302728794078,20.27868390414018,20.38438606262207,2533600
2016-07-13,20.41691303952425,20.555139908900554,20.33560284268001,20.44943618774414,1532900
2016-07-14,20.652711720415823,20.734021920472642,20.555140721038097,20.660842895507812,853100
2016-07-15,20.677104059281596,20.685235233907033,20.50635249387334,20.555139541625977,2080900
2016-07-18,20.514483390491357,20.644579081009386,20.44130437071709,20.63644790649414,920700
2016-07-19,20.49009132385254,20.51448329642347,20.425043478891798,20.49009132385254,709200
2016-07-20,20.37625643202402,20.555139168813284,20.35186445945309,20.49009132385254,780200
2016-07-21,20.490092209498965,20.595794380555347,20.433173985693045,20.44130516052246,1180800
2016-07-22,20.49009109748768,20.49009109748768,20.311208362674634,20.416912078857422,1574000
2016-07-25,20.262425199949906,20.303079525708018,20.124198321163952,20.156723022460938,864400
2016-07-26,20.172982152490004,20.30307784518344,20.172982152490004,20.294946670532227,1256100
2016-07-27,20.32747187406209,20.416913246584134,20.091672455908718,20.28681755065918,1193500
2016-07-28,20.30307945702748,20.37625848383503,20.221770805786296,20.31121063232422,1055500
2016-07-29,20.35999280367734,20.579528280612756,20.31120576359148,20.522611618041992,809200
2016-08-01,20.425042797065423,20.45756594302863,20.246160066247604,20.270553588867188,1565300
2016-08-02,20.408782815817485,20.46569949100191,20.156722589630867,20.24616241455078,1849400
2016-08-03,20.213639406613254,20.408782958984375,20.1892458809932,20.408782958984375,1360700
2016-08-04,20.351865486145286,20.48196118262972,20.31934078659266,20.43317413330078,1795800
2016-08-05,20.3030771882865,20.416912078857422,20.27868521598504,20.416912078857422,1118800
2016-08-08,20.481963227012745,20.644582088418378,20.449438524213704,20.595796585083008,5489800
2016-08-09,20.636447984115588,20.790937198760453,20.636447984115588,20.717758178710938,6738400
2016-08-10,20.88851092051244,20.921034069667034,20.742152872159146,20.75841522216797,1150600
2016-08-11,20.88851282860989,21.03487089033252,20.855988125621217,20.99421501159668,3666900
2016-08-12,21.04299646289832,21.04299646289832,20.864115283497945,20.921031951904297,1516200
2016-08-15,21.018604131743874,21.08365197321906,20.994210609617102,21.026735305786133,1265800
2016-08-16,21.099917346047132,21.108046970391925,20.969821644447112,21.051130294799805,1210200
2016-08-17,20.986079435574847,21.08365197321906,20.88037727475125,21.026735305786133,1750600
2016-08-18,21.099912877916267,21.197483858023045,21.091781704430243,21.173091888427734,977900
2016-08-19,21.010474716188043,21.051129038939045,20.904770995654626,21.034868240356445,967800
2016-08-22,20.90476872451906,20.994210085889783,20.815328914011168,20.969818115234375,932700
2016-08-23,21.067390000997595,21.197485686268998,21.067390000997595,21.09178352355957,897900
2016-08-24,21.026735665398576,21.099914682167572,20.88037763186059,20.921031951904297,1066200
2016-08-25,20.896642833006222,20.945428333891385,20.831594981538302,20.888511657714844,823900
2016-08-26,21.018609066258747,21.205621460546727,20.75841763927317,20.81533432006836,2275500
2016-08-29,20.758420341137814,20.912908051728717,20.725895633099665,20.85599136352539,958900
2016-08-30,20.823463071340207,20.95355876968468,20.734021697154734,20.75841522216797,2038700
2016-08-31,20.66084473794734,20.701499066169582,20.490094698378076,20.57953453063965,2319500
2016-09-01,20.530743781418593,20.758411993542957,20.530743781418593,20.725887298583984,2793400
2016-09-02,20.92916276814192,21.099914321303572,20.92916276814192,21.026735305786133,1874600
2016-09-06,21.205620029248543,21.303192583213978,21.124309826087867,21.278799057006836,2864900
2016-09-07,21.30319059695365,21.311320220734913,21.099915883436395,21.197486877441406,1897500
2016-09-08,21.14057129855254,21.254404647730105,21.05112992370556,21.15683364868164,1850000
2016-09-09,20.87225005471738,20.912904381767287,20.547010785728613,20.612058639526367,1966700
2016-09-12,20.40065105850866,20.734021475815474,20.368126358838218,20.68523597717285,4025600
2016-09-13,20.400650446778254,20.416912796125835,20.08354238881541,20.140459060668945,2877700
2016-09-14,20.09980538688339,20.34373600120219,20.09167421131978,20.12419891357422,2814900
2016-09-15,20.140460526713785,20.490093308821923,20.140460526713785,20.400651931762695,2296300
2016-09-16,20.254295349121094,20.303080853393702,20.164853965568632,20.254295349121094,1161600
2016-09-19,20.457570307449494,20.490095011214432,20.303081066292506,20.32747459411621,1329900
2016-09-20,20.351865916270942,20.433174565144853,20.319341216030924,20.343734741210938,1243200
2016-09-21,20.47383015476613,20.7828070484197,20.47383015476613,20.76654624938965,2256200
2016-09-22,21.051128962734055,21.124307984111358,20.937295618752916,20.95355796813965,1485800
2016-09-23,20.799069472860435,20.847854971851525,20.628319450960078,20.677104949951172,1044100
2016-09-26,20.636447811866994,20.65271016082292,20.45756662594069,20.49009132385254,1173000
2016-09-27,20.359997823550025,20.498223151951983,20.27868762088884,20.473831176757812,902100
2016-09-28,20.490091647220684,20.896641072357102,20.408781452020804,20.88037872314453,1954400
2016-09-29,20.937294872516723,21.026736240092934,20.725888990613,20.823461532592773,1957500
2016-09-30,21.00234501006793,21.026738535942066,20.847855781257948,20.888511657714844,1578900
2016-10-03,20.880377403278413,20.888508577370718,20.717757023158022,20.84785270690918,3227900
2016-10-04,20.717759125867605,20.782806974345092,20.408782233315304,20.514484405517578,2768700
2016-10-05,20.62019178272854,20.750287502738036,20.595798253653015,20.693370819091797,1900500
2016-10-06,20.6283209906916,20.69336884448935,20.538879610145997,20.612058639526367,1144500
2016-10-07,20.660842228327663,20.66897340315708,20.319340639807248,20.44130516052246,1295900
2016-10-10,20.620188570910937,20.799069770345486,20.571401520359,20.660842895507812,1825700
2016-10-11,20.62018635916196,20.62018635916196,20.44943480227137,20.506351470947266,2380100
2016-10-12,20.49822336912147,20.62832062527556,20.416914716461974,20.54701042175293,1369900
2016-10-13,20.47382906877808,20.725889275298897,20.335602203744802,20.63644790649414,2770600
2016-10-14,20.78280918933007,20.88851292366105,20.660844654293957,20.668975830078125,1473200
2016-10-17,20.668970633268597,20.758411993542957,20.65270828578911,20.725887298583984,1712200
2016-10-18,20.945427236205106,20.98608155966832,20.82346271495243,20.92916488647461,1318500
2016-10-19,21.059262932268513,21.22188334599172,20.97795272540691,21.075525283813477,2956300
2016-10-20,20.953558411070354,21.01047508426407,20.855985863550398,20.92916488647461,1640100
2016-10-21,20.7584195971526,20.90477612548852,20.685240557552948,20.89664649963379,1132200
2016-10-24,20.87224938530976,20.91290371105582,20.72589133124297,20.799070358276367,1152900
2016-10-25,20.847856156471643,20.89664320909797,20.75841632838298,20.782808303833008,1681500
2016-10-26,20.66083975187468,20.807197779535358,20.644577404165084,20.709625244140625,1902900
2016-10-27,20.847855342562053,20.847855342562053,20.693367667866028,20.74215316772461,1163700
2016-10-28,20.72589397366251,20.839727340954994,20.628322959087047,20.693370819091797,1955700
2016-10-31,20.620189815108983,20.725891995956644,20.587665112778524,20.612058639526367,1478700
2016-11-01,20.734020449814146,20.782805946042668,20.522614565006602,20.63644790649414,2249500
2016-11-02,20.595795336148814,20.620188861768867,20.384389433364326,20.408782958984375,3600800
2016-11-03,20.4494339026562,20.506350568828204,20.343731744174306,20.38438606262207,1846600
2016-11-04,20.278684763073716,20.351863780069568,20.17298104925175,20.270553588867188,1326600
2016-11-07,20.44943816261294,20.555141893977506,20.425046186808164,20.53074836730957,1287600
2016-11-08,20.481961696073263,20.701497220104685,20.465699345889284,20.660842895507812,1408500
2016-11-09,20.39252349728026,20.72589397366251,20.376261144563244,20.693370819091797,9953000
2016-11-10,20.587663946313167,20.725890821659565,20.49822257083518,20.571401596069336,3434400
2016-11-11,20.490092193801885,20.498221817762055,20.116065906250334,20.205507278442383,2745200
2016-11-14,20.246160654423218,20.262423003308715,20.12419613950788,20.23802947998047,3406700
2016-11-15,20.359998107055706,20.628320693969727,20.319342229727432,20.628320693969727,1683700
2016-11-16,20.555140501355403,20.636449149680164,20.490092652177758,20.587663650512695,2007600
2016-11-17,20.677107005862293,20.799071540898407,20.64458230272562,20.668975830078125,1965400
2016-11-18,20.677104151145876,20.72588964825227,20.603925130054787,20.701496124267578,2663800
2016-11-21,20.929162205914317,21.132436898921483,20.929162205914317,21.124305725097656,1660500
2016-11-22,21.221878260120743,21.23000943394457,21.042995537722224,21.124305725097656,1884100
2016-11-23,20.95355870573907,21.14870225266025,20.95355870573907,21.083654403686523,1507200
2016-11-25,21.018611102921483,21.091790142709986,21.018611102921483,21.04300308227539,1018900
2016-11-28,21.189357022707306,21.197488197858057,21.042998971719985,21.059261322021484,1796300
2016-11-29,20.96168761073395,21.083652120494012,20.90476939204056,21.018604278564453,2133600
2016-11-30,21.181223860800635,21.311319549283745,21.124307190947142,21.148700714111328,12249300
2016-12-01,21.351977419184344,21.408894094363678,21.213750543378925,21.230012893676758,3818600
2016-12-02,21.327579498291016,21.39262733521342,21.24626931442232,21.327579498291016,2553600
2016-12-05,21.441416522069638,21.506464365502517,21.37636867863676,21.400760650634766,1305400
2016-12-06,21.384499618145725,21.4495474655819,21.34384529507175,21.433286666870117,7082300
2016-12-07,21.48207407217246,21.701611158336362,21.441419745488695,21.669086456298828,1752200
2016-12-08,21.709740425616705,21.856096919331804,21.693478076027354,21.83983612060547,1263400
2016-12-09,21.904882431030273,21.953667925512022,21.880488908357947,21.904882431030273,2266600
2016-12-12,22.00245791350271,22.06750576971724,21.92927888140346,21.953672409057617,2067700
2016-12-13,21.99432541061108,22.173208167555735,21.99432541061108,22.09189796447754,3101200
2016-12-14,22.067508122492587,22.091901652747513,21.579649924301155,21.612173080444336,3497200
2016-12-15,21.40889183817571,21.61216654288716,21.368237517578585,21.57151222229004,4020900
2016-12-16,21.57151098617791,21.66908197036506,21.56337981235184,21.620296478271484,2466200
2016-12-19,21.587774707119628,21.604037056974565,21.498334884643555,21.498334884643555,1263000
2016-12-20,21.55525639404623,21.669089766842443,21.55525639404623,21.612173080444336,2458600
2016-12-21,21.672117816897543,21.672117816897543,21.548934433780342,21.598207473754883,2061800
2016-12-22,21.483237107534894,21.540722583457498,21.433964066224338,21.5242977142334,1241300
2016-12-23,21.392901684281004,21.48323689776976,21.392901684281004,21.409326553344727,1083500
2016-12-27,21.4750244632379,21.491449332301624,21.376478381579005,21.409326553344727,3307200
2016-12-28,21.425752537679763,21.475025581074014,21.335417319488798,21.368267059326172,4060900
2016-12-29,21.310780495263423,21.573572135126856,21.310780495263423,21.4914493560791,4239800
2016-12-30,21.581781429441317,21.680327496870433,21.41753589524412,21.475021362304688,5172400
2017-01-03,21.499661393805802,21.704967554455035,21.499661393805802,21.598207473754883,3723400
2017-01-04,21.81172635462425,22.000609215331643,21.78709061749499,21.95954704284668,1763200
2017-01-05,22.041667969259493,22.24697411534696,22.00060736658663,22.123790740966797,3203300
2017-01-06,22.173064548254146,22.181276982346528,22.01703143322221,22.08272933959961,868700
2017-01-09,22.025246681015446,22.025246681015446,21.852790242129274,21.926700592041016,911300
2017-01-10,21.943122173852693,22.066307124945865,21.943122173852693,21.95954704284668,1137600
2017-01-11,21.910271065151825,22.189487535173697,21.90205863175571,22.16485023498535,3590500
2017-01-12,22.263400396797806,22.35373404168705,22.049881803343954,22.173065185546875,2303400
2017-01-13,22.140218845637346,22.312676860274376,22.115583105233434,22.279827117919922,1242200
2017-01-17,22.41122443609567,22.435860176406273,22.288039469094944,22.30446434020996,1571400
2017-01-18,22.279822301557935,22.279822301557935,21.877422442876618,21.934907913208008,1951900
2017-01-19,21.95133561928746,21.95133561928746,21.787091620868736,21.86100196838379,3273400
2017-01-20,21.861002274011838,22.06630844967687,21.861002274011838,22.033458709716797,1966100
2017-01-23,22.025243759155273,22.074516797105947,21.869210644889566,22.025243759155273,7393500
2017-01-24,22.082727835999208,22.460491946718737,22.082727835999208,22.419429779052734,2296600
2017-01-25,22.501553143876613,22.657586252416188,22.501553143876613,22.616525650024414,1459600
2017-01-26,22.600102240983308,22.600102240983308,22.468706425216332,22.559040069580078,2085300
2017-01-27,22.550831155107968,22.575468461795378,22.353737400694456,22.386587142944336,1292600
2017-01-30,22.361947089859367,22.361947089859367,22.123792753244516,22.181278228759766,1617700
2017-01-31,22.304459836791114,22.39479504332252,22.17306402712449,22.320884704589844,1563000
2017-02-01,22.246975553943305,22.320885896623118,22.09915486858368,22.25518798828125,1992200
2017-02-02,22.32088791115336,22.394798260503816,22.25518999688205,22.31267547607422,1630300
2017-02-03,22.378373408636882,22.501556802201048,22.29625062414016,22.394798278808594,9923500
2017-02-06,22.296249284990587,22.329099023361,22.164853464232415,22.2387638092041,1364700
2017-02-07,22.132004580266464,22.21412579082729,22.107367277281206,22.173065185546875,2189600
2017-02-08,22.1566403425876,22.271612856957137,22.041669394579753,22.25518798828125,1173900
2017-02-09,22.41122055053711,22.460493588977506,22.361945945735066,22.41122055053711,1436000
2017-02-10,22.534403673510887,22.698647655231294,22.517978805430356,22.6575870513916,3185800
2017-02-13,22.698647075590888,22.76434497987369,22.657586472799732,22.731496810913086,1072900
2017-02-14,22.788983609165108,22.83825664865771,22.632950490016583,22.805408477783203,1507200
2017-02-15,22.73971196769167,22.862895357177223,22.723287098063786,22.85468292236328,1190400
2017-02-16,22.91216900940923,22.928593879474192,22.854683530543692,22.862895965576172,1731300
2017-02-17,22.797190934013354,22.830039097525706,22.747917905564158,22.813615798950195,965900
2017-02-21,22.813622314655355,22.887532661619044,22.77256014058565,22.85468292236328,1136300
2017-02-22,22.756132546043144,22.780769847534792,22.657586472799732,22.731496810913086,1288100
2017-02-23,22.887531120566067,22.912166856987344,22.657587660343506,22.665800094604492,5880400
2017-02-24,22.608313816691172,22.61652625065994,22.329097327199445,22.35373306274414,3111500
2017-02-27,22.34552365002896,22.386585825424675,22.222340256565477,22.31267547607422,3543600
2017-02-28,22.13200423156929,22.230550309234324,21.90206077308143,21.918485641479492,6027100
2017-03-01,22.008822195166186,22.115582287508776,21.926700975040344,22.074520111083984,12775900
2017-03-02,22.01703494044773,22.05809711745067,21.910276412963867,21.910276412963867,2317300
2017-03-03,21.893854840868283,22.07452374781659,21.877429967592402,22.041675567626953,1515400
2017-03-06,21.984186455673182,22.08273254636894,21.885638798615553,22.074520111083984,2001500
2017-03-07,22.074519318305075,22.090944188285114,21.984185666138494,22.033458709716797,2748700
2017-03-08,22.033457149253834,22.066306886887414,21.762453079223633,21.762453079223633,3486600
2017-03-09,21.77066551363203,21.893848897034538,21.655694564637912,21.762453079223633,2351400
2017-03-10,21.885634465349078,21.95133236825896,21.67211588930158,21.78708839416504,2187700
2017-03-13,21.77887937003723,21.9184876313719,21.770666935092628,21.893850326538086,1786300
2017-03-14,21.713177379953443,21.754237980605076,21.58178157823439,21.6146297454834,2484800
2017-03-15,21.696752273491708,22.04987907409668,21.672114973555956,22.04987907409668,3751600
2017-03-16,22.09094280493663,22.214126189349468,22.04988219891959,22.066307067871094,2043300
2017-03-17,22.14842649326859,22.19770109614829,21.934907913208008,21.934907913208008,2568700
2017-03-20,21.926699270628433,21.959547442853033,21.770666145066773,21.8527889251709,1620600
2017-03-21,21.975968363151214,22.090939294820114,21.606416702270508,21.606416702270508,8127700
2017-03-22,21.53250969504444,21.75424072581154,21.458599351455405,21.737815856933594,2632500
2017-03-23,21.704965812816944,21.934907691821728,21.696753379086548,21.819936752319336,6234100
2017-03-24,21.81172412878027,21.893846899008008,21.75423865952932,21.78708839416504,3051000
2017-03-27,21.746029446492713,21.902062576398023,21.61463362121302,21.86100196838379,1880900
2017-03-28,21.869213142640046,22.09915662327513,21.869213142640046,22.033458709716797,1840200
2017-03-29,22.008818264783613,22.205913543701172,21.959545228235022,22.205913543701172,1678300
2017-03-30,22.23876568405941,22.27982629412233,22.066309242160894,22.074520111083984,3393200
2017-03-31,22.123794722793733,22.18128020342657,22.049884371590977,22.074520111083984,1948400
2017-04-03,22.041668438529754,22.099153910040265,21.762451948597313,21.992395401000977,3569400
2017-04-04,21.869213928045635,22.0909449816539,21.85279062383759,22.074520111083984,2688100
2017-04-05,22.1402158209181,22.24697590262296,21.97597183067006,21.98418426513672,2665800
2017-04-06,22.066311063233822,22.164857162062322,22.01703644745757,22.099159240722656,1699700
2017-04-07,22.173065583332427,22.197702886759682,22.04166976444384,22.066307067871094,1729600
2017-04-10,22.058094263255644,22.312673462285172,22.058094263255644,22.25518798828125,1386800
2017-04-11,22.271609116086626,22.279819982683733,22.033453259373353,22.230546951293945,2543400
2017-04-12,22.22233902153679,22.312674236025064,22.14021624167125,22.214126586914062,2565800
2017-04-13,22.238762743433355,22.246975177632386,21.918485641479492,21.918485641479492,3369000
2017-04-17,22.02524442029041,22.27161275016232,22.02524442029041,22.197702407836914,2183900
2017-04-18,22.066306620242223,22.107367225426323,21.877423763854985,22.008819580078125,2780200
2017-04-19,21.959546191389887,22.025244098456746,21.713179431479578,21.754240036010742,1760900
2017-04-20,21.729604156437954,21.943122759977925,21.729604156437954,21.885637283325195,2545600
2017-04-21,21.787088583759328,21.869209788340136,21.754238848837744,21.819936752319336,1269800
2017-04-24,22.16484947191175,22.16484947191175,22.000605508728437,22.01702880859375,1664600
2017-04-25,21.934908363128844,22.017031136584553,21.8938477595818,21.992395401000977,1825500
2017-04-26,21.943121323032756,22.041668966813877,21.746027601832175,21.754240036010742,3431000
2017-04-27,21.754241184285565,21.795303357345812,21.335416417241483,21.5242977142334,4273400
2017-04-28,21.499661207416857,21.63105702378431,21.44217573355131,21.565359115600586,1927400
2017-05-01,21.58178154308455,21.672115177643327,21.532506942749023,21.532506942749023,1441700
2017-05-02,21.516083642332024,21.589993976473803,21.458596608607245,21.532506942749023,2276200
2017-05-03,21.4668134329939,21.57357352253027,21.41754038894117,21.458600997924805,4991400
2017-05-04,21.360052049963578,21.43396238932787,21.154745899809786,21.1958065032959,8855800
2017-05-05,21.228651434769994,21.614626345816262,21.22043900265906,21.589990615844727,3069900
2017-05-08,21.622842178886028,21.647479479093917,21.516083677374866,21.6146297454834,2825800
2017-05-09,21.57357352253027,21.63105900165209,21.368267344888444,21.458600997924805,3351100
2017-05-10,21.51608860182227,21.67212017309908,21.47502642541111,21.655696868896484,1850000
2017-05-11,21.516083529034738,21.557144129403287,21.41753589524412,21.475021362304688,2533400
2017-05-12,21.46680873760732,21.53250663742828,21.351837804511014,21.44217300415039,2348800
2017-05-15,21.63927199833202,21.7460305242773,21.631059563049785,21.655696868896484,1585500
2017-05-16,21.77066407490237,21.844574413331802,21.62284339804351,21.63105583190918,1938900
2017-05-17,21.458595576093952,21.54071833967352,21.154743387119407,21.187591552734375,5423300
2017-05-18,21.146533465840243,21.327202314085394,21.0069252210812,21.1958065032959,3900400
2017-05-19,21.351837953174012,21.62284198761753,21.318988219854074,21.5817813873291,2896200
2017-05-22,21.581786012501826,21.803515494484078,21.581786012501826,21.70496940612793,2211100
2017-05-23,21.721393749970918,21.811727401048184,21.647483402313835,21.672119140625,2684700
2017-05-24,21.6639060158138,21.713180623590496,21.532510194466102,21.68854331970215,1442100
2017-05-25,21.803510399286395,21.869208298291692,21.52429393692352,21.606416702270508,2140200
2017-05-26,21.66390609741211,21.688543401393254,21.573572448871413,21.66390609741211,1472500
2017-05-30,21.581778183733793,21.663899372120596,21.573565751622862,21.589990615844727,2733800
2017-05-31,21.548936134152186,21.606421613052134,21.36826726241495,21.483238220214844,3896300
2017-06-01,21.466812783957582,21.72139356431687,21.466812783957582,21.639270782470703,2163400
2017-06-02,21.639268265774852,21.68854130260727,21.55714549347975,21.63105583190918,1938400
2017-06-05,21.639270782470703,21.6721189553921,21.483237653599172,21.639270782470703,1805800
2017-06-06,21.672117260586752,21.754240036010742,21.55714631481016,21.754240036010742,1717100
2017-06-07,21.704970495105318,21.811729023907716,21.466814564632557,21.499664306640625,3433200
2017-06-08,21.507873828195173,21.606419908144254,21.491448959416427,21.598207473754883,2750000
2017-06-09,21.639270300951207,21.85278890245528,21.622845431675106,21.770666122436523,2708400
2017-06-12,21.787096807138326,21.967765718314457,21.74603462298773,21.828157424926758,4025300
2017-06-13,21.992401209208765,22.000613645359408,21.861005363522548,21.967763900756836,2838500
2017-06-14,22.115583086761575,22.115583086761575,21.663908527936655,21.696758270263672,2256800
2017-06-15,21.491446377166977,21.655691912496547,21.44217334311271,21.6146297454834,2766300
2017-06-16,21.713182730971635,21.811728823365964,21.557149590591735,21.803516387939453,2389300
2017-06-19,21.893852318672256,21.975975109228894,21.795306223093846,21.86921501159668,2116300
2017-06-20,21.815396612803475,21.815396612803475,21.591860863790917,21.60841941833496,3325700
2017-06-21,21.583583272254756,21.716048560731647,21.459397261696523,21.509071350097656,2070700
2017-06-22,21.641533133711857,21.856789587403554,21.616696883088938,21.740882873535156,3840600
2017-06-23,21.666373944586972,21.898188983330442,21.624979135112778,21.82367706298828,1422400
2017-06-26,21.8899092213815,22.022374503701542,21.79883874761995,21.881629943847656,1699300
2017-06-27,21.989259003536386,22.047212371405692,21.8816315459378,21.972702026367188,1935000
2017-06-28,22.06377421052837,22.35354267210003,22.06377421052837,22.328704833984375,2403000
2017-06-29,22.34525877917436,22.34525877917436,22.047211099767765,22.179677963256836,4298400
2017-06-30,22.312147430916003,22.312147430916003,22.03893753327304,22.154844284057617,2408400
2017-07-03,22.353539522861244,22.40321361298323,22.22935350800085,22.303865432739258,3206300
2017-07-05,22.146565004842856,22.29558887248648,21.923029203377414,22.154844284057617,5581500
2017-07-06,22.096887405798675,22.229352694013972,22.038934039593332,22.063770294189453,2804700
2017-07-07,22.121727167198568,22.16312356327238,21.93958776180694,22.154844284057617,2140800
2017-07-10,22.10516920616787,22.34526197628903,22.063772811932512,22.270750045776367,2315200
2017-07-11,22.204516353303248,22.27074900186427,22.09688889155817,22.25419044494629,1727900
2017-07-12,22.3535393232512,22.72609894361639,22.34526004511966,22.5936336517334,4101200
2017-07-13,22.58535613127656,22.65158878237252,22.527401179845498,22.626750946044922,2076600
2017-07-14,22.65986900951709,22.858566971120954,22.651589730394722,22.80889129638672,1251800
2017-07-17,22.81717069910118,22.883403353327893,22.692984669814976,22.709543228149414,1523800
2017-07-18,22.81716656484648,22.891678484739554,22.65986502650399,22.800609588623047,1607500
2017-07-19,22.89996029773257,23.048984154017617,22.891681019148855,23.00758934020996,1422500
2017-07-20,23.048981758274387,23.148329932730746,23.007586948769365,23.065540313720703,1523100
2017-07-21,23.09037724852212,23.098656526489364,22.88340003667345,23.015865325927734,1256100
2017-07-24,23.057262761786344,23.057262761786344,22.916518188179758,23.032424926757812,1069300
2017-07-25,23.09865778866516,23.280798755675605,23.073821532517115,23.13177490234375,1133400
2017-07-26,23.18972430561986,23.305631025447543,23.032421200774703,23.164886474609375,3559200
2017-07-27,23.16489176618505,23.198008881764004,22.833728505950468,22.991031646728516,2317600
2017-07-28,23.048981613766852,23.13177281136859,23.015864503081854,23.098655700683594,2701900
2017-07-31,23.06554016910935,23.198005453627836,22.991028249178857,23.098655700683594,2722700
2017-08-01,23.14005640600021,23.181451222968235,22.825450112243455,23.040706634521484,3350500
2017-08-02,22.974469693836358,23.14832978760034,22.966190416165112,23.098655700683594,1680800
2017-08-03,23.048985019880693,23.16489176618505,22.949635252254826,22.991031646728516,1745800
2017-08-04,22.999310925623252,23.057264298775433,22.86684562152942,22.991031646728516,1345200
2017-08-07,22.899961499796543,22.974473431850342,22.833728846761055,22.96619415283203,943600
2017-08-08,22.89995784039073,22.99930759362341,22.858563031025056,22.933074951171875,1710800
2017-08-09,22.80889129638672,22.883403229377045,22.726101663385048,22.80889129638672,1603300
2017-08-10,22.80061258093733,22.825448838087322,22.46944774723514,22.494285583496094,3018200
2017-08-11,22.55224071600732,22.593637113006825,22.45289252143067,22.527402877807617,3819600
2017-08-14,22.560516732897547,22.767493950630552,22.527399620087056,22.601911544799805,2861500
2017-08-15,22.568799274807123,22.585357833606924,22.486008059919193,22.527402877807617,1753300
2017-08-16,22.593633541100353,22.74265580940588,22.593633541100353,22.692981719970703,2439400
2017-08-17,22.651589096231195,22.717821748244873,22.52740149198344,22.535680770874023,2115800
2017-08-18,22.64330669378045,22.659865249277424,22.502562130277703,22.57707405090332,1637900
2017-08-21,22.60191016017079,22.62674799325705,22.519120541438095,22.61018943786621,1144800
2017-08-22,22.717822851423428,22.726102130716054,22.659869475486115,22.68470573425293,1217200
2017-08-23,22.527399902046866,22.87512169535494,22.51912220285149,22.83372688293457,2088700
2017-08-24,22.89167924131963,22.95791188573463,22.817167318963904,22.883399963378906,1343900
2017-08-25,22.966193109286184,23.00758950249676,22.899960459260196,22.949634552001953,955100
2017-08-28,23.015864530827336,23.015864530827336,22.817166603810083,22.86684226989746,1026600
2017-08-29,22.80061466211047,22.89168357849121,22.659870068673573,22.89168357849121,1988500
2017-08-30,22.85856434180616,22.85856434180616,22.72609904930712,22.79233169555664,1856300
2017-08-31,22.949630627502998,23.14005084548699,22.89995654325575,23.07381820678711,2962600
2017-09-01,23.19800813675892,23.322194157969776,23.164891022243527,23.272520065307617,3436300
2017-09-05,23.247679014239594,23.28907382254795,22.991027728684212,23.090375900268555,1944000
2017-09-06,23.098653451641173,23.52088709709883,23.090374174776052,23.355304718017578,8831600
2017-09-07,23.520893440321093,23.537451998516925,23.413265970270228,23.496055603027344,1406300
2017-09-08,23.529170056956108,23.529170056956108,23.38014620827858,23.41326332092285,2354100
2017-09-11,23.49605096755146,23.587121440550455,23.454656159339578,23.578842163085938,1404300
2017-09-12,23.562284652589977,23.645075851794296,23.48777431032795,23.595401763916016,1949600
2017-09-13,23.645077239961754,23.653356518279328,23.529170501737465,23.58712387084961,1595300
2017-09-14,23.496054976295444,23.686475232246217,23.496054976295444,23.67819595336914,4542700
2017-09-15,23.719588334659637,23.736146890714632,23.603681600496305,23.66991424560547,2113000
2017-09-18,23.7030306090739,23.74442700066177,23.48777568926047,23.58712387084961,2644100
2017-09-19,23.66163724649362,23.760987013281415,23.603683873830306,23.71131134033203,1545000
2017-09-20,23.810661809431277,23.96796495352215,23.603684570036826,23.752708435058594,2484300
2017-09-21,23.71959033791808,23.91000901130005,23.70303178046462,23.868614196777344,3529100
2017-09-22,23.91000796538834,23.967962913940298,23.785821948141624,23.852054595947266,1242300
2017-09-25,23.85205425510498,23.926566180210422,23.802380164738306,23.87689208984375,1503700
2017-09-26,23.90173026613466,23.91000796538834,23.752706413794247,23.852054595947266,1570600
2017-09-27,23.852055639323883,23.992800219456413,23.84377636059715,23.868614196777344,5054300
2017-09-28,23.860332708191205,24.01763583120834,23.860332708191205,23.95968246459961,1658200
2017-09-29,23.88517054207101,24.042473665088146,23.88517054207101,23.95968246459961,4560400
2017-10-02,23.93484344209925,24.042472471122657,23.876890078368522,23.976238250732422,2376400
2017-10-03,23.976240373396735,24.092148690230516,23.976240373396735,24.075590133666992,1548600
2017-10-04,24.100427627563477,24.1418224392758,24.042474259521885,24.100427627563477,2856900
2017-10-05,23.99279646719698,24.092146217269388,23.976237912333126,24.001075744628906,2151500
2017-10-06,23.984515424852173,23.984515424852173,23.885167261201055,23.967958450317383,1213200
2017-10-09,24.00935536092754,24.05075016956071,23.95140199719681,23.976238250732422,725800
2017-10-10,24.133543161111163,24.1666602737697,24.083869071234208,24.100427627563477,1520300
2017-10-11,24.141823029234754,24.2494520688943,24.12526447250084,24.241172790527344,1606700
2017-10-12,24.19149795126589,24.2163357872199,24.125265301166138,24.158382415771484,2244600
2017-10-13,24.208052727632158,24.25772681267089,24.1749371973099,24.224611282348633,1472800
2017-10-16,24.18321815013539,24.2246145424977,24.125264779939055,24.150102615356445,2572400
2017-10-17,24.11698498006101,24.17493992811527,24.042474633641557,24.141822814941406,1856700
2017-10-18,24.25772976815037,24.290846881618197,24.199776398692563,24.241172790527344,1276700
2017-10-19,24.158380061112577,24.32396088066773,24.150100783268204,24.28256607055664,1035800
2017-10-20,24.199771450995165,24.199771450995165,24.067306182428453,24.092144012451172,1624400
2017-10-23,24.075584026039834,24.11697882783651,24.01763067188031,24.034189224243164,2262800
2017-10-24,24.092148837587626,24.141822928471147,24.0176369117069,24.0424747467041,1337900
2017-10-25,24.042474278401595,24.05903125563302,23.678193934425884,23.777542114257812,2943300
2017-10-26,23.777544514684767,23.818940909719554,23.71131186174011,23.71959114074707,1904500
2017-10-27,23.63679912976172,23.868614196777344,23.595404315239016,23.868614196777344,1677900
2017-10-30,23.802378302814546,23.951402141368145,23.802378302814546,23.94312286376953,1636300
2017-10-31,23.860335067038775,23.934846996933675,23.810660973479166,23.835498809814453,1934900
2017-11-01,23.934847742643065,23.992801116786687,23.868615089463066,23.918289184570312,2038900
2017-11-02,23.918287310505608,24.00935779365911,23.90173033284115,23.984519958496094,1567700
2017-11-03,24.06731051490494,24.12526388294653,24.001077868698715,24.100427627563477,2124900
2017-11-06,24.10870597315711,24.29912462624539,24.07558886177961,24.28256607055664,1554500
2017-11-07,24.224615618620685,24.24945345514144,24.125265851648656,24.232894897460938,1840600
2017-11-08,24.27428593138628,24.33223929512976,24.2163325676428,24.299123764038086,1696800
2017-11-09,24.24117129790941,24.38191586325974,24.191495630766386,24.348798751831055,2263200
2017-11-10,24.332243458498457,24.373639853334595,24.216336711179274,24.274290084838867,4320800
2017-11-13,24.166662737592844,24.28256948549287,24.15010417957541,24.174942016601562,1236600
2017-11-14,24.067309433103137,24.141821354124758,23.97623895649654,24.017635345458984,1773200
2017-11-15,23.82721889317707,23.967963470420674,23.802381057506693,23.92656707763672,1869300
2017-11-16,23.918286111341256,24.06730995662613,23.885170578561734,24.025915145874023,1728800
2017-11-17,23.976242614728687,24.092150942397737,23.926568519505388,24.05075454711914,1667400
2017-11-20,24.0424747467041,24.083869559255223,23.984519798377303,24.0424747467041,2322400
2017-11-21,24.09214976567173,24.26600988001698,24.09214976567173,24.158382415771484,1674600
2017-11-22,24.26601221656964,24.348803431943956,24.232896677886565,24.332244873046875,1794600
2017-11-24,24.299124663798818,24.38191586325974,24.299124663798818,24.348798751831055,727300
2017-11-27,24.373637869825835,24.3819171481193,24.133543536647938,24.141822814941406,1502900
2017-11-28,24.141818430552924,24.15009770734279,24.025911713715928,24.067306518554688,2051500
2017-11-29,24.03419435020625,24.03419435020625,23.81893786091106,23.893449783325195,1816200
2017-11-30,23.967961742559545,24.050751363937273,23.94312390867974,23.95968246459961,4466800
2017-12-01,24.216331709543475,24.357076264694992,24.166657625110787,24.31568145751953,3490500
2017-12-04,24.398474503954926,24.43987089606421,24.174940303008373,24.183218002319336,1790400
2017-12-05,24.24117291809189,24.290847009444146,24.116985321044922,24.116985321044922,2230200
2017-12-06,24.133540984048825,24.191494346862502,23.934843063354492,23.934843063354492,2925600
2017-12-07,23.885171616610258,24.083869559255223,23.810659690729537,24.0424747467041,1100300
2017-12-08,24.133544400049626,24.150102957228956,24.059032471853566,24.12526512145996,1086700
2017-12-11,24.059031611117618,24.199776183884794,24.059031611117618,24.141822814941406,1788400
2017-12-12,24.191498995507988,24.199778274516706,24.10870936364283,24.174942016601562,1395400
2017-12-13,24.241172790527344,24.315684716719066,24.191497120325607,24.241172790527344,2406600
2017-12-14,24.21633822132523,24.307408716532944,24.141826285084573,24.166664123535156,1385700
2017-12-15,24.266008762318837,24.266008762318837,24.001078174122586,24.009357452392578,1583900
2017-12-18,24.1501055645681,24.299129437049416,24.116988446633986,24.166664123535156,1806000
2017-12-19,24.140666961669922,24.22451655471146,24.123896403330225,24.140666961669922,2425000
2017-12-20,24.21613139381291,24.266443069077717,24.123896521151046,24.241287231445312,2106100
2017-12-21,24.383836224660072,24.517997506830056,24.31675558357508,24.44253158569336,1979100
2017-12-22,24.383835077287372,24.467686274530184,24.33352499867311,24.459300994873047,1407800
2017-12-26,24.484455168338254,24.576690039635547,24.47606988925151,24.534765243530273,872100
2017-12-27,24.66053944139154,24.685695276826046,24.585073534416356,24.63538360595703,2107200
2017-12-28,24.73600431465173,24.845009731655924,24.66053841083026,24.836626052856445,1822000
2017-12-29,24.970787758632515,25.004327272425552,24.786314835121757,24.853395462036133,3205000
2018-01-02,25.02949147228059,25.113342683779237,24.853403768200547,25.079801559448242,2506200
2018-01-03,25.113341758545857,25.21396192917409,25.071415354676784,25.17203712463379,2781500
2018-01-04,25.281033391181197,25.39004040230867,25.1971822132358,25.348114013671875,1542800
2018-01-05,25.515819302447063,25.658365841540615,25.431968114863494,25.440353393554688,1546900
2018-01-08,25.423583164025207,25.473893237492778,25.348117254159654,25.356502532958984,2498400
2018-01-09,25.406813698471122,25.406813698471122,25.281037709731855,25.2894229888916,2465100
2018-01-10,25.230728947178694,25.314580143811543,24.970791677012556,25.037872314453125,4996900
2018-01-11,25.04625788827878,25.172033885041326,25.029487328889488,25.16364860534668,1654400
2018-01-12,25.247493743896484,25.28941853297974,25.130101455672627,25.247493743896484,1762800
2018-01-16,25.490660536380588,25.507431091835308,25.272648113453837,25.348114013671875,6620600
2018-01-17,25.390045615625635,25.50743632925601,25.180418427383664,25.406814575195312,5869200
2018-01-18,25.331343458217155,25.415194636162553,25.264262835726477,25.348114013671875,4103200
2018-01-19,25.364891969644425,25.398433090339896,25.26427020688668,25.272655487060547,1572600
2018-01-22,25.31458230133762,25.390048224806183,25.27265589978359,25.37327766418457,1801400
2018-01-23,25.281038763802,25.448741155332204,25.16364804932798,25.431970596313477,2904500
2018-01-24,25.61644218830856,25.62482746789674,25.373275477565574,25.507436752319336,1890700
2018-01-25,25.5912843186964,25.61643855456421,25.2391106225922,25.322961807250977,3777500
2018-01-26,25.390044467423856,25.482279338535836,25.28942271791353,25.423583984375,2698100
2018-01-29,25.322962068876386,25.33973102651873,25.188800811767578,25.188800811767578,1936700
2018-01-30,25.10495161553424,25.188802807703613,24.99594458591551,25.02948570251465,2811300
2018-01-31,25.138491008037384,25.155261566253717,24.995944461855476,25.05463981628418,2980000
2018-02-01,25.004332290910316,25.04625869072681,24.85340045022818,24.970792770385742,2884500
2018-02-02,24.702465096971743,24.719235654513646,24.274827074951975,24.28321075439453,8993700
2018-02-05,24.115511923401048,24.157436721311296,23.587250513492187,23.604021072387695,7210500
2018-02-06,23.20153206836509,23.76333287115074,22.949980138478807,23.70463752746582,10299500
2018-02-07,23.58725027258812,23.746567381811246,23.520169637019723,23.528554916381836,3778800
2018-02-08,23.578865767275502,23.578865767275502,22.99190902709961,22.99190902709961,5596800
2018-02-09,23.11768182248014,23.12606710039096,22.572651552902833,23.033830642700195,10877400
2018-02-12,23.2853844375123,23.40277513089522,23.092527841432283,23.318923950195312,9810400
2018-02-13,23.22669554310813,23.344086269101744,23.167998580782626,23.33570098876953,5994600
2018-02-14,23.126070833569592,23.738181825916623,23.075760757311496,23.662715911865234,2780000
2018-02-15,23.788492079567092,23.81364631652832,23.511784277694805,23.81364631652832,2313200
2018-02-16,23.77171814872404,23.86395300337399,23.65432586202603,23.70463752746582,4849500
2018-02-20,23.55370730951384,23.713024395435326,23.52855147510678,23.5788631439209,5163100
2018-02-21,23.57048288405003,23.880730244482145,23.520171204524328,23.612407684326172,4276600
2018-02-22,23.67109915715538,23.813645693745197,23.545323177653387,23.56209373474121,4802100
2018-02-23,23.704640952488756,23.88911228777061,23.645945600323095,23.863956451416016,4535300
2018-02-26,23.92265649267046,23.98973713228487,23.822034733584537,23.981351852416992,2685400
2018-02-27,23.863954988566626,23.99811784157196,23.729793734889594,23.75494956970215,4312100
2018-02-28,23.981353904541727,23.981353904541727,23.26862104806848,23.302162170410156,4597400
2018-03-01,23.268616751563595,23.32731210549481,22.94998414479625,23.151226043701172,5383900
2018-03-02,22.933217529120355,23.05060825716316,22.857751604141775,23.04222297668457,2848400
2018-03-05,22.78228083358694,23.126069263444926,22.7655102761967,23.109298706054688,3271100
2018-03-06,23.327315475422633,23.36085659641645,23.15961466843957,23.260234832763672,17124200
2018-03-07,23.058986225187123,23.268613372688822,22.975135046320798,23.167991638183594,3597900
2018-03-08,23.22669531109853,23.293775953757493,23.109302986948844,23.260234832763672,6043600
2018-03-09,23.46985835388044,23.503399469604958,23.277001736449737,23.495014190673828,3319300
2018-03-12,23.453087038164995,23.57886461873919,23.402776965532343,23.478242874145508,3189900
2018-03-13,23.503399493631527,23.60401964225109,23.26861648130517,23.28538703918457,4934000
2018-03-14,23.469856707643707,23.50339782101556,23.285385382083433,23.360851287841797,3564600
2018-03-15,23.39439209561833,23.469858005550034,23.15961068634494,23.235074996948242,3095400
2018-03-16,23.2434609745543,23.386007519896598,23.151226103564657,23.201536178588867,2379200
2018-03-19,23.193151749717074,23.277002944050103,22.96675400481644,23.058990478515625,3464500
2018-03-20,23.10091684677838,23.26023396691115,23.025450926680154,23.14284324645996,5868300
2018-03-21,23.25184589965635,23.61240489705279,23.209921104329126,23.495014190673828,3167500
2018-03-22,23.31054285879341,23.3440839768287,22.991910234100867,23.025449752807617,3503700
2018-03-23,23.226696729652858,23.293777376408723,22.790671726075356,22.799057006835938,4612200
2018-03-26,22.941597436342047,23.00029278661614,22.75712450767678,22.95836639404297,2819200
2018-03-27,23.017064311631476,23.100913901647434,22.723585948590383,22.790666580200195,3175800
2018-03-28,22.773894439202163,22.866130901001444,22.68165797740288,22.70681381225586,2593000
2018-03-29,22.7655102761967,23.134454542140045,22.748739718806462,23.109298706054688,4286700
2018-04-02,23.017066818831964,23.10930169776215,22.64812250512545,22.782283782958984,3360800
2018-04-03,22.916442296914248,22.991908206509983,22.799051592800165,22.924827575683594,3611100
2018-04-04,22.63135133528063,23.02544987837319,22.56427069817278,23.000295639038086,5117200
2018-04-05,23.017064388264323,23.352467547430084,22.97513799378834,23.3105411529541,1767000
2018-04-06,23.28538822341626,23.360854138383136,22.941599766046487,23.058990478515625,2515100
2018-04-09,23.285382391872478,23.377617243144048,23.05059942640426,23.21830177307129,1783100
2018-04-10,23.52016748245081,23.570479154014674,23.444701574433367,23.453086853027344,2861500
2018-04-11,23.36085539483254,23.578867872092687,23.318928995746784,23.486631393432617,1721800
2018-04-12,23.461475553981163,23.578867872092687,23.411165474406854,23.486631393432617,1809000
2018-04-13,23.55371389395318,23.612409257982996,23.38601148301481,23.436323165893555,1523700
2018-04-16,23.511785382828116,23.5788660167584,23.453088428726705,23.53693962097168,1298500
2018-04-17,23.58724695302251,23.738178761642047,23.578863274168786,23.67948341369629,1351300
2018-04-18,23.67948999353493,23.880731927837473,23.66271943251087,23.7968807220459,3529600
2018-04-19,23.855576004047904,23.880730244482145,23.56209760412908,23.612407684326172,2270600
2018-04-20,23.528552557568094,23.5704789501754,23.461471928724748,23.511783599853516,1265300
2018-04-23,23.427932739257812,23.511783926308333,23.344081552207292,23.427932739257812,1277500
2018-04-24,23.50340019287921,23.54532498949659,23.293773011135354,23.377622604370117,1678100
2018-04-25,23.310540825105576,23.453087365662245,23.21830595721248,23.394392013549805,1602100
2018-04-26,23.5033970537157,23.595631913820554,23.444700107231192,23.553707122802734,1586700
2018-04-27,23.553707253844255,23.679483226925726,23.54532197572839,23.654327392578125,1815500
2018-04-30,23.63756334234688,23.763339341536863,23.587251663208008,23.587251663208008,2151100
2018-05-01,23.57048270282365,23.71302926172659,23.394395024494795,23.587251663208008,2898200
2018-05-02,23.629173026097416,23.746563720409913,23.520166010525873,23.553707122802734,3095600
2018-05-03,23.562095067661414,23.629175700479156,23.36923844822647,23.570480346679688,5533000
2018-05-04,23.453090851730135,23.805264616080297,23.352470690103594,23.738183975219727,3362800
2018-05-07,23.90588336019553,23.931039197091906,23.754951537474163,23.805261611938477,3645200
2018-05-08,23.729793920801033,23.780105590820312,23.612403222746003,23.780105590820312,3076900
2018-05-09,23.94781458914962,24.090361171199927,23.905889782387884,24.031665802001953,3904100
2018-05-10,24.241285184602745,24.367061163487765,24.165819277406065,24.350292205810547,4097700
2018-05-11,24.33352279663086,24.392218149590672,24.299981681037586,24.33352279663086,2620900
2018-05-14,24.39222168511668,24.568307769518878,24.39222168511668,24.467687606811523,3394600
2018-05-15,24.31675420159455,24.42575963741438,24.22451772559647,24.383834838867188,2475900
2018-05-16,24.4928424764515,24.568308400083236,24.43414711347764,24.509613037109375,2505400
2018-05-17,24.53476720654929,24.66054320425686,24.53476720654929,24.5850772857666,2998300
2018-05-18,24.39222017511029,24.459300812538768,24.33352481727644,24.434144973754883,2012900
2018-05-21,24.601846179423287,24.694082651183262,24.568305062663853,24.660541534423828,1643500
2018-05-22,24.677311789348042,24.828243614252557,24.509609406270037,24.534765243530273,3938600
2018-05-23,24.27482964040171,24.484456833844458,24.27482964040171,24.459300994873047,2046200
2018-05-24,24.350294320951065,24.40898967624064,24.232902011043432,24.291597366333008,1880800
2018-05-25,24.115509033203125,24.19936021830274,24.023272569660715,24.115509033203125,1164100
2018-05-29,23.92265193646259,23.92265193646259,23.67948366459278,23.75494956970215,3924900
2018-05-30,23.82203167793361,24.2329007427858,23.82203167793361,24.207746505737305,5476800
2018-05-31,24.073583787497004,24.132280739392016,23.939422524679504,24.098739624023438,4275500
2018-06-01,24.19936207237107,24.19936207237107,24.04004496840833,24.065200805664062,2511300
2018-06-04,24.165824138351635,24.29998542272592,23.629179000854492,23.629179000854492,3257000
2018-06-05,24.04842771180595,24.157433129763593,24.00650132080048,24.1490478515625,2930800
2018-06-06,24.383832047169797,24.568303378717342,24.19097543700713,24.266441345214844,4162800
2018-06-07,24.32513784781565,24.39221848058404,24.149050187218354,24.249671936035156,2015300
2018-06-08,24.216128472322236,24.358675003051758,24.174203680654614,24.358675003051758,1794000
2018-06-11,24.291595256291085,24.408987556001666,24.26644102011109,24.350292205810547,1838100
2018-06-12,24.333523371137307,24.36706288819402,24.24128690040655,24.325138092041016,1948600
2018-06-13,24.40060139404767,24.467682020312836,24.258054863318147,24.358675003051758,1271200
2018-06-14,24.42575863537446,24.517995107588643,24.232902011043432,24.291597366333008,1540200
2018-06-15,24.11551088084708,24.207747351456316,24.014889131152596,24.065200805664062,1617100
2018-06-18,23.981345947060383,24.165817260742188,23.956190113651324,24.165817260742188,1828000
2018-06-19,23.881877899169922,23.941033035448466,23.814271798872078,23.881877899169922,2187900
2018-06-20,23.941027076318214,24.050886357511065,23.93257611440243,24.0170841217041,2041100
2018-06-21,23.983283326403335,23.983283326403335,23.831170828128315,23.864973068237305,2134100
2018-06-22,23.98328445826757,24.126947612187646,23.974835106733845,24.0931453704834,1745100
2018-06-25,23.957931402597296,23.97483332812375,23.611449988586624,23.645252227783203,2125400
2018-06-26,23.78891381778024,23.91567502723929,23.679054532744065,23.822717666625977,2407500
2018-06-27,23.898777194808957,23.94948136148324,23.611450897227353,23.62835121154785,5578700
2018-06-28,23.695958970470706,23.814269230266856,23.6029999881415,23.763565063476562,1745900
2018-06-29,23.974835106733845,24.1776533925287,23.941031253173144,24.0931453704834,2690300
2018-07-02,23.763564704393822,24.084693238355083,23.763564704393822,23.96638298034668,3244100
2018-07-03,24.152297293318124,24.25370722866976,24.008634158486117,24.033987045288086,1417800
2018-07-05,24.194553707452595,24.203004670842773,24.033990238608624,24.0931453704834,2415200
2018-07-06,24.084693633624315,24.338216079762013,24.059340744267985,24.32131576538086,1637400
2018-07-09,24.481878487764128,24.490329450627012,24.397372082847994,24.448076248168945,1321400
2018-07-10,24.464979425817145,24.6170919295639,24.45652846252181,24.608642578125,2387700
2018-07-11,24.397375565858592,24.54103873132451,24.18610629969439,24.270612716674805,5139300
2018-07-12,24.4058216058306,24.566386677644115,24.346666477229927,24.55793571472168,1413500
2018-07-13,24.464975044147433,24.58328528537995,24.44807312058389,24.566383361816406,1386700
2018-07-16,24.549485371181134,24.574838260588088,24.456528000401782,24.498781204223633,1398500
2018-07-17,24.431174322443177,24.473427524901243,24.329765991801274,24.448076248168945,2451000
2018-07-18,24.422724680546203,24.439626607186156,24.295963454459443,24.40582275390625,1153800
2018-07-19,24.245258998282686,24.42272439032399,24.18610386760225,24.363569259643555,2441200
2018-07-20,24.49032986232482,24.541035640354522,24.41427280713665,24.4227237701416,1496000
2018-07-23,24.32131576538086,24.405822172855824,24.312864802262084,24.32131576538086,1248300
2018-07-24,24.448074955378033,24.557934243073564,24.338214055826235,24.388919830322266,1734300
2018-07-25,24.38892236801555,24.633993856154575,24.346667551538864,24.608642578125,2523000
2018-07-26,24.532585722630984,24.667797912758527,24.481879942440816,24.61709213256836,2593300
2018-07-27,24.608636962868808,24.684692391459464,24.45652288197536,24.541030883789062,1807900
2018-07-30,24.498777279418377,24.693144564830696,24.498777279418377,24.566383361816406,2104400
2018-07-31,24.62554487623168,24.74385676003895,24.48188171235301,24.68470001220703,5163200
2018-08-01,24.710048497366884,24.769203622792563,24.549483434171268,24.600189208984375,2272900
2018-08-02,24.54948761101976,24.676250457763672,24.39737509626886,24.676250457763672,1200800
2018-08-03,24.710054397583008,24.74385825553003,24.633997329058875,24.710054397583008,2442500
2018-08-06,24.701598592131386,24.819910459902793,24.69314762930083,24.794557571411133,1254800
2018-08-07,24.803007317568913,24.870613405040686,24.355115980658244,24.388919830322266,2262200
2018-08-08,24.431176516284495,24.53258646788904,24.27906239480593,24.490331649780273,2427100
2018-08-09,24.48187974055138,24.642444819449913,24.45652846252181,24.608642578125,1927900
2018-08-10,24.456527951568486,24.456527951568486,24.253709672287048,24.32131576538086,1664200
2018-08-13,24.346669994353306,24.405825131499537,24.152302654628084,24.2368106842041,3539900
2018-08-14,24.363570419166965,24.490331649780273,24.30441528567119,24.490331649780273,5481400
2018-08-15,24.28751402858939,24.329768847864084,23.88187743469154,24.050891876220703,5187700
2018-08-16,24.17765227118235,24.279060603448286,24.110046179052933,24.143848419189453,4190400
2018-08-17,24.236808000717655,24.498781412726814,24.16920190691347,24.46497917175293,2309000
2018-08-20,24.490330449519238,24.524134302349538,24.405822429299903,24.46497917175293,1463300
2018-08-21,24.541036555169427,24.6086426498728,24.388922439122737,24.40582275390625,1341300
2018-08-22,24.41426837236671,24.617086612075116,24.41426837236671,24.583284378051758,1538900
2018-08-23,24.422722978616946,24.549484195870185,24.363567851355853,24.372018814086914,950200
2018-08-24,24.464978963537433,24.58328922372374,24.43117511099483,24.498781204223633,1186000
2018-08-27,24.574840167103368,24.803011353898246,24.524135996212237,24.777658462524414,2778000
2018-08-28,24.94667556282004,24.96357749111276,24.65934922927018,24.693151473999023,2488600
2018-08-29,24.735405255424563,24.819913281480797,24.650897229368326,24.777658462524414,2583600
2018-08-30,24.63399414559843,24.73540409447758,24.574839013692447,24.650896072387695,2781400
2018-08-31,24.51568186725898,24.54948410620343,24.27060878452236,24.338214874267578,4120300
2018-09-04,24.084693651733758,24.084693651733758,23.898777298550083,23.941030502319336,10652800
2018-09-05,23.9579345485784,23.9579345485784,23.704410467959637,23.907230377197266,3156000
2018-09-06,23.873421714573478,23.99173196125879,23.763562430059437,23.890323638916016,3475300
2018-09-07,23.746664832885088,23.82272189442956,23.645254880206952,23.7973690032959,3076200
2018-09-10,23.89877937128322,23.949483542575155,23.772016525268555,23.772016525268555,2362500
2018-09-11,23.814268286401198,23.932578541508185,23.653703217430046,23.92412757873535,4854600
2018-09-12,24.017085120753443,24.084691207035785,23.94102807220378,24.033987045288086,4449100
2018-09-13,24.093144493578887,24.093144493578887,23.949481344887637,24.008636474609375,2009300
2018-09-14,23.99173325804666,24.025537108558883,23.881873967594565,23.949480056762695,2139800
2018-09-17,23.983281271684152,24.16919921785277,23.966380959005747,24.033987045288086,1803400
2018-09-18,24.169202844732325,24.346668243408203,24.12694802705487,24.346668243408203,1963200
2018-09-19,24.329767105321988,24.44807736710446,24.29596325232332,24.39737319946289,2597000
2018-09-20,24.56638688536405,24.591739774345722,24.43117470117456,24.524133682250977,1428400
2018-09-21,24.557933307675167,24.62553939257186,24.48187626068436,24.549482345581055,2197300
2018-09-24,24.617090669857564,24.62554163272045,24.431174322443177,24.448076248168945,1667400
2018-09-25,24.490331399798592,24.583290386832516,24.346668243408203,24.346668243408203,1599000
2018-09-26,24.346669078806507,24.456529996681034,24.236809772788522,24.253711700439453,2527200
2018-09-27,24.219907223101362,24.42272551413399,24.219907223101362,24.3128662109375,1385800
2018-09-28,24.304413839143308,24.431175062212155,24.279060949786977,24.32131576538086,3446100
2018-10-01,24.591740651534327,24.71850187725151,24.507232630437393,24.608642578125,2273400
2018-10-02,24.532585591849454,24.532585591849454,24.346667622522858,24.40582275390625,2539100
2018-10-03,24.46497917175293,24.532585265557113,24.380471151533598,24.46497917175293,3817500
2018-10-04,24.346669078806507,24.4396280690301,24.1100485391196,24.253711700439453,2113200
2018-10-05,24.27060984949885,24.28751177564088,24.042440294007026,24.11004638671875,2292400
2018-10-08,23.949480437838346,24.084692618326056,23.890325310357017,24.025537490844727,2735100
2018-10-09,23.941030792300992,24.050890090545543,23.881875661564973,23.98328399658203,2212700
2018-10-10,23.924126316619038,23.924126316619038,23.239614486694336,23.239614486694336,3659300
2018-10-11,23.087502176204715,23.222714360193844,22.89313486320239,22.926937103271484,5404100
2018-10-12,23.197364055291704,23.197364055291704,22.859331969295816,23.045249938964844,3271400
2018-10-15,23.002995619647248,23.18891359333611,22.96919337743067,23.053701400756836,1868800
2018-10-16,23.214263353945945,23.417081629551628,23.146657262077387,23.408632278442383,3253700
2018-10-17,23.29877393469857,23.307224898593827,23.12975949236313,23.248069763183594,2102200
2018-10-18,23.121304815668626,23.146656091426955,22.85932981255311,22.90158462524414,1950200
2018-10-19,22.977645874023438,23.138209356013864,22.88468688097676,22.977645874023438,2047100
2018-10-22,22.876233434763744,23.0198965848587,22.81707830446401,22.935388565063477,2517000
2018-10-23,22.65651458325654,22.82553063295682,22.445245327059446,22.749473571777344,2881600
2018-10-24,22.715670103116018,22.800178129402255,22.267780303955078,22.267780303955078,3527100
2018-10-25,22.47059525426912,22.47059525426912,22.23397313826976,22.276227951049805,2327600
2018-10-26,21.94664598636261,22.326931226984346,21.802982852333983,22.19171905517578,3848000
2018-10-29,22.318483176863626,22.411442161557325,21.76918345573708,21.92974853515625,3805900
2018-10-30,21.912843145467807,22.250873565673828,21.90439218348063,22.250873565673828,3851400
2018-10-31,22.402990341186523,22.52130059946592,22.326933286047943,22.402990341186523,7104900
2018-11-01,22.512853159600354,22.656516329360546,22.479050914169115,22.639616012573242,3628300
2018-11-02,22.75792378434359,22.774825711127086,22.44524458627472,22.59735870361328,2668100
2018-11-05,22.825529131924,22.8677823356422,22.605808926505293,22.724119186401367,3242500
2018-11-06,22.690322027575046,22.800181348960546,22.64806720253696,22.783279418945312,2940700
2018-11-07,22.97764288115969,23.002994158247418,22.833979734189196,22.926937103271484,1599200
2018-11-08,22.92693934785105,22.994545446464347,22.74102297962862,22.825531005859375,2225800
2018-11-09,22.664964885271985,22.69876873896781,22.53820365762555,22.631162643432617,1945900
2018-11-12,22.62271054360282,22.63116150660226,22.394539378187083,22.402990341186523,2691800
2018-11-13,22.428343642087043,22.614259995919983,22.33538465924237,22.37763786315918,2120800
2018-11-14,22.487500561933835,22.64806403908095,22.284682265650737,22.44524574279785,2383800
2018-11-15,22.32693403626794,22.656513545038585,22.32693403626794,22.555105209350586,2331800
2018-11-16,22.5382040686372,22.673416262173347,22.479048935447196,22.605810165405273,1444300
2018-11-19,22.546653279776713,22.605808408368887,22.369186282143836,22.436792373657227,1840000
2018-11-20,22.18327190905809,22.259328970266235,21.85369238506045,21.9128475189209,2721900
2018-11-21,22.19171781837385,22.50439534380874,22.05650565410101,22.41143798828125,1651100
2018-11-23,22.19172391018035,22.267780974944113,22.107215881347656,22.107215881347656,766800
2018-11-26,22.335383077085574,22.479046216825132,22.225522175713753,22.276227951049805,1974400
2018-11-27,22.149466679245734,22.250876625179547,21.98890321498044,22.09876251220703,2833300
2018-11-28,22.12411676956802,22.470598220825195,22.022706817364124,22.470598220825195,2710700
2018-11-29,22.436794156410752,22.60581020455187,22.41144287748913,22.5044002532959,2458400
2018-11-30,22.318486274605206,22.52130458693223,22.242429206000487,22.512853622436523,2262300
2018-12-03,22.9438384737097,23.002993601290612,22.605808021921398,22.74102020263672,2403700
2018-12-04,22.656517279122856,22.74947627870472,22.33538868070951,22.343839645385742,2997100
2018-12-06,21.912848016847008,21.96355218818576,21.600168801235547,21.92129898071289,5079600
2018-12-07,22.022704433784646,22.31003072009829,21.777632961256145,21.8029842376709,4153500
2018-12-10,21.693126511975574,21.769183570424484,21.405800204914456,21.583267211914062,3756900
2018-12-11,21.83678684036688,21.98044997531099,21.473403521869653,21.498756408691406,3904600
2018-12-12,21.73537826538086,21.955098462686543,21.726927302577987,21.73537826538086,2493100
2018-12-13,21.726930830659487,21.895946890449586,21.667775693289936,21.69312858581543,1882500
2018-12-14,21.431150935677593,21.633969200487176,21.405798048130286,21.43960189819336,2675800
2018-12-17,21.371994994102533,21.422699155405354,20.966356868111273,21.00861167907715,4728500
2018-12-18,21.076494157022342,21.196783445049896,20.973387882413984,21.00775718688965,2932300
2018-12-19,21.162408643938676,21.308474872384345,20.75857925415039,20.75857925415039,4163900
2018-12-20,20.749992753813398,20.92183600214896,20.449267888635504,20.56096649169922,5562700
2018-12-21,20.53518858522504,20.65547950915384,20.096989796699685,20.131359100341797,3991700
2018-12-24,20.03684077217313,20.131354697700548,19.847814559936523,19.847814559936523,2015600
2018-12-26,19.985292864976547,20.46645164489746,19.667383361124315,20.46645164489746,4143500
2018-12-27,20.088396610465804,20.44067540243607,19.94233035387958,20.371936798095703,6653400
2018-12-28,20.552372193823494,20.638293809748866,20.40630593839592,20.49222755432129,4234100
2018-12-31,20.62110979673522,20.68125443809806,20.475043536788935,20.586740493774414,3231800
2019-01-02,20.346161828047943,20.827320595397865,20.33756950235009,20.775768280029297,3931900
2019-01-03,20.72421803309032,20.79295500671505,20.518005473397405,20.646888732910156,3540500
2019-01-04,21.007754364430678,21.179595947265625,20.887463453745955,21.179595947265625,2438900
2019-01-07,21.16241233439975,21.445952516849786,21.13663699706152,21.411584854125977,2924300
2019-01-08,21.617796783593477,21.686533751155835,21.437362858299256,21.643573760986328,3044900
2019-01-09,21.78964011580632,22.04740333557129,21.7294954737824,22.04740333557129,2681100
2019-01-10,21.92711305537261,22.167691612538786,21.832599114303893,22.141916275024414,2847900
2019-01-11,21.98725630101138,22.339533427805925,21.961479326312364,22.098953247070312,2581100
2019-01-14,21.99584925156696,22.210652463713476,21.99584925156696,22.18487548828125,2087900
2019-01-15,22.193467390052913,22.32234898711853,22.18487506507275,22.305164337158203,2452100
2019-01-16,22.330943552673393,22.45982516267034,22.330943552673393,22.373905181884766,2464400
2019-01-17,22.31375636803319,22.64885048256921,22.227836397000857,22.554336547851562,2144500
2019-01-18,22.73477278502322,22.803511391007582,22.674628143605474,22.70040512084961,7020000
2019-01-22,22.494197288117846,22.64026356812454,22.36531566195166,22.477012634277344,2694400
2019-01-23,22.588706271848885,22.605889283087247,22.339533762480677,22.43404769897461,2225900
2019-01-24,22.442637984265755,22.56292724609375,22.41686101152335,22.56292724609375,2268600
2019-01-25,22.700404463574685,22.87224769592285,22.691812138075427,22.87224769592285,1775900
2019-01-28,22.605891023832008,22.829286575317383,21.480322579533638,22.829286575317383,1932800
2019-01-29,22.880839016820296,22.992537612588247,22.85506367842659,22.966760635375977,1807700
2019-01-30,23.09564405475112,23.276079631748022,22.975354762632314,23.16438102722168,2436800
2019-01-31,23.1987468613361,23.29326079889678,23.155786874527674,23.24170684814453,2551800
2019-02-01,23.26748579507385,23.3619997406431,23.23311813047868,23.31044578552246,4041200
2019-02-04,23.172970008667743,23.387773221484228,22.356718783256174,23.370590209960938,1743000
2019-02-05,23.413550331415763,23.50806427001953,23.361998018913006,23.50806427001953,8221300
2019-02-06,23.439327172509476,23.48228715954539,23.353405559619187,23.370590209960938,1688200
2019-02-07,23.198746008320448,23.31903527801578,23.035495114577934,23.207338333129883,1808500
2019-02-08,23.207338825414006,23.224523475397405,23.018312592051863,23.155786514282227,1773200
2019-02-11,23.112826319967585,23.164378634290365,22.94098472595215,22.94098472595215,3266600
2019-02-12,23.130009048663343,23.233115307558194,23.06986441381568,23.207338333129883,2139200
2019-02-13,23.20734265927746,23.310447298573955,23.14719801321806,23.16438102722168,2156200
2019-02-14,23.078457587217745,23.31903613545446,22.983943649657064,23.24170684814453,2593500
2019-02-15,23.379180262157014,23.568208133151984,23.353404926162,23.551023483276367,1957600
2019-02-19,23.43073168983261,23.76582413224764,23.42213936581963,23.722864151000977,1054500
2019-02-20,23.77441564338705,24.006403467350875,23.77441564338705,23.963441848754883,1317200
2019-02-21,23.886114891171708,23.937668838487888,23.765825625070633,23.843154907226562,1890000
2019-02-22,23.954853618667894,24.032182906537262,23.86034131924191,23.97203826904297,1300600
2019-02-25,23.98922617797727,24.05796314999594,23.94626618502261,23.954856872558594,1050300
2019-02-26,23.937669543644517,24.066551138094887,23.911892569227085,23.997814178466797,1538500
2019-02-27,23.98922544767642,24.08373939588182,23.903303825564116,24.05796241760254,1309200
2019-02-28,23.989223695225494,24.015000671621728,23.87752674181218,23.929079055786133,1842500
2019-03-01,23.929079499454197,24.049368780563203,23.79160556709575,23.817380905151367,3092400
2019-03-04,23.825973447517402,23.86034275032894,23.585394883110883,23.75723648071289,3005300
2019-03-05,23.765828246032097,23.791605222532944,23.69709128084836,23.74005126953125,2185800
2019-03-06,23.688499106240073,23.740051420751627,23.559617500551923,23.611169815063477,3156600
2019-03-07,23.61116804929678,23.636945024034084,23.422141817678433,23.48228645324707,2923300
2019-03-08,23.396364563187383,23.49087849727564,23.28466761829812,23.47369384765625,2098500
2019-03-11,23.50806524998069,23.70568382182793,23.50806524998069,23.679906845092773,2017000
2019-03-12,23.71427408447882,23.808786379982266,23.67131246032417,23.800195693969727,4222300
2019-03-13,23.868934416346768,23.954854393363853,23.868934416346768,23.929079055786133,2202300
2019-03-14,23.877525553620597,23.886116239840003,23.791603942060625,23.825971603393555,1853000
2019-03-15,23.81738011880186,23.937671034757912,23.81738011880186,23.851749420166016,1798100
2019-03-18,23.834563854102914,24.03218241290167,23.834563854102914,24.023590087890625,1574800
2019-03-19,24.229804240264176,24.332908869694887,23.972039389050323,24.00640869140625,1660400
2019-03-20,23.92907665847592,24.109510558717425,23.825970402039097,23.980628967285156,2053500
2019-03-21,23.843157718969916,23.963446999256302,23.834565393403956,23.937671661376953,2606700
2019-03-22,23.77441958142135,23.80878724317268,23.533839393888226,23.568208694458008,3059600
2019-03-25,23.568210321951607,23.654131940490895,23.447921039287742,23.55961799621582,3680400
2019-03-26,23.64553515426076,23.817376720104576,23.64553515426076,23.731456756591797,1607100
2019-03-27,23.731461577481788,23.7400522645236,23.53384136032968,23.636947631835938,7196300
2019-03-28,23.59398198761618,23.748640549148476,23.585391302036214,23.69708824157715,1930100
2019-03-29,23.85174822789346,23.920485188367337,23.697089657122632,23.748641967773438,2722900
2019-04-01,23.920488477750304,24.05796241760254,23.860343833917277,24.05796241760254,2499200
2019-04-02,24.049370091509445,24.075147069788727,23.920488477750304,24.05796241760254,2207800
2019-04-03,24.143882968190123,24.229804586489163,24.032184372755808,24.083738327026367,2861000
2019-04-04,24.032182761244478,24.11810437378192,24.00640742465616,24.100919723510742,1850900
2019-04-05,24.100920349950925,24.195434290080602,23.99781572328082,24.18684196472168,3101200
2019-04-08,24.221208998249026,24.36727523803711,24.18683970003143,24.36727523803711,4805000
2019-04-09,24.27276087998934,24.27276087998934,24.14387929157607,24.221208572387695,2034300
2019-04-10,24.186840199359853,24.341498766895207,24.186840199359853,24.32431411743164,2974100
2019-04-11,24.21261794295467,24.350091865394937,24.18684096794021,24.281354904174805,2505000
2019-04-12,24.444605727575137,24.487565713650667,24.38445945272361,24.478973388671875,1542500
2019-04-15,24.444605727575137,24.513342688587034,24.40164410268119,24.478973388671875,2843700
2019-04-16,24.487568460907447,24.556305429630935,24.4531991571364,24.50475311279297,1391700
2019-04-17,24.65941070405825,24.668001390834707,24.53911978454686,24.60785675048828,2347800
2019-04-18,24.547714569734023,24.642228521930384,24.539122243278108,24.625043869018555,1251800
2019-04-22,24.63363619547447,24.685188515391257,24.590676202013597,24.625043869018555,1013000
2019-04-23,24.556306896189938,24.642228521930384,24.547714569734023,24.625043869018555,1366600
2019-04-24,24.556303678180246,24.582080654170017,24.375869762707314,24.38446044921875,2806100
2019-04-25,24.358680725097656,24.410233028974243,24.25557447852629,24.358680725097656,1635000
2019-04-26,24.410237491300602,24.47897445530761,24.307132864699334,24.453197479248047,2569000
2019-04-29,24.436016144069484,24.556305429630935,24.410239166241197,24.50475311279297,1946900
2019-04-30,24.461793953899008,24.599267905231855,24.401649305043232,24.53053092956543,2344700
2019-05-01,24.547706931857267,24.590668550769585,24.341496077532728,24.358680725097656,2114500
2019-05-02,24.324316456076673,24.35009343275033,24.17825019922966,24.20402717590332,2017900
2019-05-03,24.367277437377393,24.418829750538446,24.31572348539785,24.38446044921875,1661500
2019-05-06,24.032180580954403,24.37586699992365,24.01499757106058,24.35009002685547,1772500
2019-05-07,24.118105991054847,24.169658306506843,23.997816708727328,24.083738327026367,4531500
2019-05-08,24.057962198755106,24.246988454627765,24.057962198755106,24.118106842041016,2746900
2019-05-09,23.997817773769516,24.109514735342472,23.886119173377928,24.05796241760254,4009700
2019-05-10,24.023588742663815,24.161064296324017,23.774417886569807,24.040773391723633,2272100
2019-05-13,23.722868257349205,23.843157536716117,23.67131430434751,23.74005126953125,2306300
2019-05-14,23.808788416706072,24.006408627086106,23.783013078826723,23.937671661376953,2482700
2019-05-15,23.817382975436413,24.08374017649977,23.80019996151191,24.015003204345703,2053900
2019-05-16,24.100920349950925,24.264171254133505,24.100920349950925,24.18684196472168,5040300
2019-05-17,23.963446634650886,24.204026830381746,23.95485430921566,24.126697540283203,2635200
2019-05-20,24.032185160025247,24.15247608511193,24.01500214685739,24.04936981201172,2376800
2019-05-21,24.152473027543863,24.272762298583984,24.109511403016388,24.272762298583984,1616500
2019-05-22,24.152475013123855,24.1868426767528,24.032184093376188,24.075145721435547,3258900
2019-05-23,23.851746016564295,23.851746016564295,23.602573533686115,23.731456756591797,2184800
2019-05-24,23.87752808697386,23.94626505575099,23.77442181439886,23.911895751953125,1075700
2019-05-28,24.015000887938317,24.049368551291018,23.851749980262042,23.868934631347656,1540200
2019-05-29,23.748641040003196,23.78301033830666,23.551022491213313,23.645536422729492,2437100
2019-05-30,23.697090575837017,23.731459876815627,23.533839673825565,23.576801300048828,984300
2019-05-31,23.37058950702223,23.49947110307194,23.327627882460057,23.48228645324707,1835700
2019-06-03,23.516659352518566,23.697093286842936,23.456513068925116,23.542434692382812,2587600
2019-06-04,23.705684013034837,23.89471026082835,23.611170069728804,23.886117935180664,3277100
2019-06-05,23.980632720730256,24.015002024528126,23.825974131277057,23.911895751953125,986000
2019-06-06,24.00641009986261,24.075147069788727,23.929080803843398,24.05796241760254,1649800
2019-06-07,24.169657314003828,24.27276357949243,24.169657314003828,24.18684196472168,1372600
2019-06-10,24.289949634847797,24.2985419607036,24.186843363396775,24.22980499267578,2690600
2019-06-11,24.332909625308215,24.37587125458722,24.178251037540974,24.22980499267578,1946900
2019-06-12,24.186844031361684,24.20402868354787,24.05796241760254,24.05796241760254,2795400
2019-06-13,24.195431243611633,24.20402356788869,24.092326629923523,24.143878936767578,2603500
2019-06-14,24.10092105945262,24.13529036190011,23.972039452911623,24.075145721435547,2277700
2019-06-17,24.08641733520043,24.207802635502695,23.982371610833713,24.147109985351562,1177200
2019-06-18,24.34652586916506,24.511264221378646,24.3031744545696,24.485252380371094,7809700
2019-06-19,24.502599028940377,24.66733741760254,24.49392841335281,24.66733741760254,2990200
2019-06-20,24.910105520282592,24.996810013640392,24.849412871057332,24.944787979125977,2556200
2019-06-21,24.858084350945,24.875425580970244,24.780050469582104,24.788721084594727,2768200
2019-06-24,24.840742111206055,24.875424569846793,24.78004946233541,24.840742111206055,817200
2019-06-25,24.892760838393908,24.892760838393908,24.632649048147016,24.658660888671875,1399100
2019-06-26,24.63264937399009,24.745365697338418,24.615308146744127,24.68467140197754,1730100
2019-06-27,24.684671595171462,24.719354049934836,24.623978953086027,24.693342208862305,1222300
2019-06-28,24.771382333196627,24.840745606487392,24.728030907546476,24.814735412597656,2366600
2019-07-01,25.048834596701695,25.12686848328806,24.814734590693426,24.87542724609375,2473200
2019-07-02,24.91877575077929,24.944787594510757,24.80606106877752,24.927446365356445,2091700
2019-07-03,25.057500607139257,25.1615463213828,25.031490418891266,25.14420509338379,1446900
2019-07-05,25.048829223463617,25.12686309331089,24.91010271123523,25.109521865844727,1185600
2019-07-08,25.031492796192463,25.057502986910706,24.962129531359345,24.97079849243164,1119900
2019-07-09,24.89276607854393,25.066175077712955,24.840744040293533,25.0488338470459,3192100
2019-07-10,25.196226543176827,25.291601641223675,25.092182485080702,25.118192672729492,2153900
2019-07-11,25.161542309652976,25.17888353488712,25.083508449849585,25.135530471801758,1094800
2019-07-12,25.204893718988075,25.204893718988075,25.10084967508373,25.135530471801758,836400
2019-07-15,25.178889074110263,25.178889074110263,25.066172739041583,25.12686538696289,873100
2019-07-16,25.12686620336007,25.187558853253343,25.02282213318608,25.066173553466797,1123100
2019-07-17,25.07484365266566,25.126865686682937,25.01415100402039,25.031492233276367,817200
2019-07-18,24.97079554563458,25.118192672729492,24.927444130386274,25.118192672729492,1132200
2019-07-19,25.0661741795179,25.13553744594987,24.996810913085938,24.996810913085938,917300
2019-07-22,25.040162334449395,25.04883294947223,24.944788876699644,24.996810913085938,1202100
2019-07-23,25.040162334449395,25.040162334449395,24.944788876699644,24.996810913085938,929100
2019-07-24,24.996810480247976,25.08351497522426,24.970798635629883,25.074844360351562,1330200
2019-07-25,25.11819497088991,25.11819497088991,24.78004927051353,24.83207130432129,2132300
2019-07-26,24.840741166628842,24.927445656183075,24.832070552298358,24.88409423828125,1269000
2019-07-29,24.927446604057252,24.94478783337762,24.81473192097615,24.840742111206055,1593300
2019-07-30,24.693347682680688,24.814734647510093,24.658666873980025,24.780052185058594,1914100
2019-07-31,24.84074168499024,24.84074168499024,24.42456211094605,24.615310668945312,2830300
2019-08-01,24.58062747698166,24.78871724379071,24.459240539363538,24.485252380371094,3096200
2019-08-02,24.41589188593518,24.47658453473268,24.181790251644276,24.329187393188477,2566400
2019-08-05,24.069076894916826,24.069076894916826,23.774282595585113,23.878328323364258,3737800
2019-08-06,23.808962908609104,24.121098431722928,23.765611487621385,23.965030670166016,4227200
2019-08-07,23.791624547456053,24.190462932913206,23.722261278083035,24.129770278930664,6006700
2019-08-08,24.190461330121238,24.48525561886202,24.173120100489268,24.459243774414062,1975400
2019-08-09,24.415891839590355,24.528608176072314,24.31184777149232,24.424562454223633,1665400
2019-08-12,24.30317673199265,24.372539994095618,24.13843836434162,24.19913101196289,1481200
2019-08-13,24.138438786328066,24.46791387363937,24.08641675227905,24.424562454223633,2945600
2019-08-14,24.008382175124417,24.121096854573093,23.730929129942506,23.774280548095703,4205700
2019-08-15,23.696247677239086,23.800293400469574,23.600872568757026,23.722259521484375,2545100
2019-08-16,23.834974133191757,24.034393310546875,23.800293328054227,24.034393310546875,1446900
2019-08-19,24.173116877184903,24.21646994548402,24.129765462636243,24.181787490844727,1336600
2019-08-20,24.1124251431252,24.1124251431252,23.973698626846023,24.017051696777344,2088800
2019-08-21,24.225143563318607,24.25982436850823,24.14710968445362,24.242483139038086,2033500
2019-08-22,24.259824670810712,24.285836515340062,24.103756911135978,24.147109985351562,2094500
2019-08-23,24.034392364516098,24.25115276278329,23.748268704953425,23.774280548095703,3261100
2019-08-26,23.939019342355284,24.025722180213727,23.895666269675434,23.999711990356445,2266700
2019-08-27,24.077744340930668,24.13843698508399,23.956357398873497,24.017051696777344,2584300
2019-08-28,23.99104241640879,24.17312036830973,23.98237180149674,24.155780792236328,1791400
2019-08-29,24.27716473907416,24.415891262425962,24.268494124645844,24.398550033569336,1997100
2019-08-30,24.493922280044107,24.51126350687698,24.32918393263263,24.4419002532959,2160700
2019-09-03,24.23381665830193,24.32051950702506,24.19913419581201,24.268497467041016,2870400
2019-09-04,24.44190206002852,24.589299191502644,24.407219603799067,24.54594612121582,2064200
2019-09-05,24.71068739443309,24.849413928207042,24.70201677935338,24.797391891479492,2049100
2019-09-06,24.8407436351694,24.901436287763495,24.78872159776742,24.823402404785156,1023400
2019-09-09,24.927446411094376,24.927446411094376,24.78004927051353,24.83207130432129,2075900
2019-09-10,24.762708186862014,24.962129016173282,24.762708186862014,24.93611717224121,1073100
2019-09-11,24.953457395425392,25.005479427441404,24.927445552542096,24.98813819885254,1010100
2019-09-12,24.979469683040264,25.10952560088136,24.936118261676807,24.996810913085938,1514000
2019-09-13,25.057501845439422,25.144206335968747,24.988138583766084,25.00547981262207,1871600
2019-09-16,25.10085519713983,25.178889074110263,25.0228213201694,25.12686538696289,2256400
2019-09-17,25.0921869453106,25.317617982924055,25.031494291674434,25.25692367553711,1365100
2019-09-18,25.230908247731605,25.274259661690163,25.005477256896153,25.170215606689453,1813200
2019-09-19,25.230912153289793,25.41299010460057,25.22224153840585,25.282934188842773,1508000
2019-09-20,25.300275418610667,25.404319489716627,25.248253383057687,25.282934188842773,1379200
2019-09-23,25.25692596440177,25.282937812782027,25.19623330526544,25.274267196655273,1404200
2019-09-24,25.27425794119213,25.35229180400587,25.118190215564645,25.178884506225586,1644000
2019-09-25,25.118193444004568,25.170217128400548,24.979466926449703,25.152875900268555,1131100
2019-09-26,25.178886775709394,25.178886775709394,25.057499837196698,25.109521865844727,1661700
2019-09-27,25.135536239736073,25.204899502839407,25.00548032813615,25.0401611328125,1788800
2019-09-30,25.10085773092972,25.16155038497761,25.048834038530853,25.057504653930664,1661600
2019-10-01,25.014153134709687,25.074845788524716,24.693346981150675,24.7367000579834,6623900
2019-10-02,24.641321364258356,24.68467278104475,24.18178873907011,24.346527099609375,7773600
2019-10-03,24.277163840500823,24.372538941931538,24.06907406317517,24.346527099609375,2968500
2019-10-04,24.476586537337344,24.528610229492188,24.363871845170088,24.528610229492188,1610400
2019-10-07,24.51126574499093,24.571958390697397,24.450573099284465,24.467912673950195,2846400
2019-10-08,24.38121132104857,24.38121132104857,24.181790489643245,24.242483139038086,2678900
2019-10-09,24.337857386321748,24.43323249128259,24.268494124645844,24.398550033569336,1794500
2019-10-10,24.389878375684336,24.580628577445278,24.389878375684336,24.54594612121582,1608200
2019-10-11,24.797394752152787,24.910109453690577,24.728031477263936,24.75404167175293,2577800
2019-10-14,24.667335448645257,24.771379519889592,24.623982374167873,24.67600440979004,1349100
2019-10-15,24.719357243635745,24.910105808227307,24.71068662882467,24.76270866394043,1263600
2019-10-16,24.736698665062672,24.81473254521671,24.710686820427764,24.771379470825195,1979200
2019-10-17,24.884097861686772,24.93611990149407,24.832074168128642,24.87542724609375,1313600
2019-10-18,24.797391699607353,24.918777002282646,24.77137985456948,24.788721084594727,979200
2019-10-21,24.87542503688028,25.005480951723538,24.87542503688028,24.97079849243164,1407000
2019-10-22,25.014151243062084,25.057502662865655,24.910105520282592,24.944787979125977,1534600
2019-10-23,24.86675371706698,24.927446365356445,24.858083102489825,24.927446365356445,1584200
2019-10-24,25.005479234650522,25.031491077333268,24.875423328737924,24.979467391967773,3244500
2019-10-25,24.95345886848653,25.074844168273074,24.93611763887397,25.066173553466797,1101400
2019-10-28,25.0835165001301,25.135538538778174,25.048834038530853,25.057504653930664,2104000
2019-10-29,24.93611674280512,25.06617265272444,24.91877551381571,25.014150619506836,1183600
2019-10-30,25.005481528108774,25.022822758154444,24.8320725351535,24.996810913085938,1844900
2019-10-31,24.96212749277698,24.979467067256177,24.814730360325257,24.95345687866211,1604700
2019-11-01,25.022818483979748,25.187555180022613,25.022818483979748,25.170215606689453,1381400
2019-11-04,25.274264852420217,25.352298736572266,25.256923621775147,25.352298736572266,1694900
2019-11-05,25.326286699173505,25.41299119799272,25.28293527663928,25.3436279296875,2439100
2019-11-06,25.317616920912204,25.421660993138158,25.2742638460258,25.404319763183594,1309300
2019-11-07,25.47368736086039,25.569062488077595,25.47368736086039,25.525711059570312,1502200
2019-11-08,25.386980838947057,25.543046951293945,25.386980838947057,25.543046951293945,922400
2019-11-11,25.45634778170807,25.56039187162594,25.421665315901453,25.525711059570312,921100
2019-11-12,25.525707374644792,25.612411872893567,25.51703675944484,25.543046951293945,1322800
2019-11-13,25.49968940038986,25.65575712897782,25.438996762327957,25.621074676513672,1675400
2019-11-14,25.569052651567805,25.621074676513672,25.543040812219694,25.621074676513672,5270600
2019-11-15,25.66443070970109,25.777145385742188,25.655760095582462,25.777145385742188,1570900
2019-11-18,25.733796447864783,25.803159713745117,25.690443373095384,25.803159713745117,1468400
2019-11-19,25.785813797221643,25.811825637355586,25.62107545054081,25.655757904052734,1478000
2019-11-20,25.56905708006561,25.603739538536676,25.430330553682634,25.551715850830078,1386500
2019-11-21,25.59506626372481,25.603736877441406,25.482349939159533,25.603736877441406,1056000
2019-11-22,25.62108031893396,25.62108031893396,25.45634359470106,25.508365631103516,816300
2019-11-25,25.499691490845287,25.62974739074707,25.482350263191588,25.62974739074707,1712700
2019-11-26,25.6037364562917,25.68177032470703,25.525702587876367,25.68177032470703,1191700
2019-11-27,25.681768938874807,25.751132189973205,25.638415873344336,25.716449737548828,1439800
2019-11-29,25.681772171144996,25.725123588381255,25.647089714355534,25.690441131591797,495900
2019-12-02,25.655766998843145,25.655766998843145,25.439006548804763,25.525711059570312,2051100
2019-12-03,25.317617546170656,25.378310198759813,25.256923239830748,25.334957122802734,1314700
2019-12-04,25.395649235944312,25.56905656354471,25.395649235944312,25.51703453063965,5845700
2019-12-05,25.612412888544757,25.612412888544757,25.404321422995608,25.491025924682617,2328200
2019-12-06,25.43900135965433,25.61241034581277,25.43900135965433,25.560386657714844,1932100
2019-12-09,25.551716043031856,25.638420536111074,25.51703523805056,25.560386657714844,1374300
2019-12-10,25.54304542834887,25.595069116446794,25.465013203703293,25.560386657714844,920800
2019-12-11,25.59506526415727,25.673099130808698,25.58639465077929,25.655757904052734,4690500
2019-12-12,25.621078063865756,25.811828270136868,25.621078063865756,25.699111938476562,2443700
2019-12-13,25.725122644787664,25.837837317717923,25.673100615262197,25.733793258666992,1545100
2019-12-16,25.96576947993701,26.000918535043137,25.913047573277012,25.930622100830078,1211500
2019-12-17,25.90425964522769,25.974556077638113,25.86032500347086,25.965768814086914,2119100
2019-12-18,25.983345590569247,26.00092011919307,25.92183641638517,25.956985473632812,1861000
2019-12-19,25.97455776761536,26.01849408822996,25.930623123000018,25.98334503173828,1489100
2019-12-20,26.0536424915823,26.132726195794127,25.99213331630628,26.036067962646484,1193300
2019-12-23,26.0536424915823,26.07121702051811,25.96577152290256,26.036067962646484,1071400
2019-12-24,26.036065729609206,26.08000204818045,25.948196444465086,26.062427520751953,395000
2019-12-26,26.12394210405462,26.22938761447643,26.036071124703035,26.203025817871094,1385800
2019-12-27,26.273318550655144,26.282105814947585,26.167874731144426,26.19423484802246,2281600
2019-12-30,26.23817249892318,26.23817249892318,26.08000508564377,26.106365203857422,2455300
2019-12-31,26.150302900991445,26.273321261781224,26.132728370593057,26.26453399658203,1620800
2020-01-02,26.317256367220132,26.352403750387356,26.211810865719684,26.343616485595703,1938400
2020-01-03,26.2293855953912,26.30846930311997,26.159089152521116,26.211811065673828,1851900
2020-01-06,26.20302360092803,26.36997827997066,26.185449071344728,26.343616485595703,1292300
2020-01-07,26.308468774274843,26.37876521573185,26.27331971554666,26.369977951049805,1405200
2020-01-08,26.378765544762313,26.466636516679454,26.343616485595703,26.343616485595703,7194400
2020-01-09,26.378764996743442,26.422699643789574,26.334828673697952,26.38755226135254,1802300
2020-01-10,26.46663618655295,26.46663618655295,26.361190686367756,26.369977951049805,4884200
2020-01-13,26.422695754269096,26.51056671142578,26.361186587059148,26.51056671142578,1726100
2020-01-14,26.4666375637987,26.58086865861082,26.44027576838077,26.528146743774414,2362900
2020-01-15,26.572077278585688,26.695095619486807,26.54571548725008,26.66873550415039,2076500
2020-01-16,26.747822715391322,26.8093318939209,26.721460920593184,26.8093318939209,1457400
2020-01-17,26.853267449521486,26.879629245209962,26.800545534144003,26.87084197998047,2505700
2020-01-21,26.87962532043457,26.90598711227388,26.8093288848623,26.87962532043457,2939600
2020-01-22,26.923564103304727,26.93235136860209,26.739036560058594,26.739036560058594,2270500
2020-01-23,26.642376546771338,26.844478607177734,26.616016428630992,26.844478607177734,4985400
2020-01-24,26.84448252906366,26.85326979506069,26.60723305114235,26.721464157104492,1668000
2020-01-27,26.326041409088855,26.484208820053905,26.282106762042723,26.38755226135254,2523900
2020-01-28,26.45784740446405,26.58965301513672,26.40512381939557,26.58965301513672,2195800
2020-01-29,26.572080704172354,26.59844249890644,26.44906234741211,26.44906234741211,2050900
2020-01-30,26.317254056070084,26.501781572491645,26.2469576199096,26.49299430847168,2072600
2020-01-31,26.33482973550477,26.33482973550477,26.018496576819636,26.071218490600586,5866600
2020-02-03,26.15908449757347,26.273315568410432,26.027278900146484,26.027278900146484,2711100
2020-02-04,26.308468774274843,26.41391259846067,26.308468774274843,26.369977951049805,1982600
2020-02-05,26.501780472745914,26.563289642333984,26.449058566813164,26.563289642333984,3007400
2020-02-06,26.580866225780458,26.686311721801758,26.528144315769456,26.686311721801758,1515500
2020-02-07,26.554509438137792,26.572083970120584,26.466640130223062,26.475425720214844,1944100
2020-02-10,26.449058566813164,26.598438696955267,26.449058566813164,26.563289642333984,1992000
2020-02-11,26.721462029463872,26.791758475843277,26.67752737897655,26.739036560058594,2642700
2020-02-12,26.941138095043147,26.941138095043147,26.835694265582788,26.89720344543457,1690200
2020-02-13,26.774184849335917,26.888417626059443,26.765397583741837,26.800546646118164,1625600
2020-02-14,26.862054384948152,26.89720344543457,26.826907000461183,26.89720344543457,1325500
2020-02-18,26.835695487464314,26.879630139073317,26.774184628812367,26.8181209564209,1288100
2020-02-19,26.958708399519054,27.046579360961914,26.888411965564604,27.046579360961914,1508500
2020-02-20,26.976285265680392,27.072941823247778,26.84447797408965,27.011432647705078,1654100
2020-02-21,26.985072292183375,27.011434087106174,26.87962846449103,26.914775848388672,2109100
2020-02-24,26.273322837932074,26.422703003280834,26.185451856668173,26.290897369384766,3733700
2020-02-25,26.36119308202263,26.42270226438743,25.702163254972067,25.73731231689453,6119300
2020-02-26,25.851543496184476,25.98334912680278,25.482486724853516,25.482486724853516,4932000
2020-02-27,25.069490383490702,25.104637762626755,24.55984081602398,24.568626403808594,8295400
2020-02-28,23.95353248356567,24.322589174179637,23.584475792951704,24.243505477905273,9644000
2020-03-02,24.21714901207636,24.7883078627575,24.094130646821828,24.75316047668457,9834700
2020-03-03,24.8586068643382,25.095856337703353,24.39289183143699,24.45440101623535,10885400
2020-03-04,24.841031025347927,24.93768759237297,24.577418092371772,24.90254020690918,5201300
2020-03-05,24.498332758029633,24.77073293833583,24.384101667836255,24.515907287597656,3514100
2020-03-06,24.08533810940703,24.094125373001752,23.716281418424543,23.988679885864258,4701100
2020-03-09,21.809491263483345,22.336715406861536,20.965933974877718,21.009868621826172,4105000
2020-03-10,21.68647246104095,21.81827807514952,20.75504422187449,21.528305053710938,5217800
2020-03-11,21.0801661160969,21.203184474500315,20.429923587965458,20.579303741455078,5605000
2020-03-12,19.305177692402562,19.305177692402562,17.77622886145027,17.837738037109375,7006900
2020-03-13,18.909761266497664,19.788467626360944,18.022267641915825,19.770893096923828,6033800
2020-03-16,17.4598988942084,18.43526196962744,16.879951062229985,17.521408081054688,3277400
2020-03-17,17.70593307941355,18.479195626154844,17.187496185302734,17.187496185302734,6730700
2020-03-18,16.36151123046875,17.25779033817499,15.544314143913764,16.36151123046875,8389200
2020-03-19,16.203346008908486,16.92388496756504,15.728843762378911,16.704208374023438,6180400
2020-03-20,17.20506835400785,17.82016340105376,16.38787127116083,16.484529495239258,4144900
2020-03-23,16.449381230878593,16.546039459600397,15.456443855460929,15.50916576385498,4390500
2020-03-24,16.572403532274283,17.574128309601747,16.396661578778474,17.50383186340332,5409900
2020-03-25,17.714722304619087,19.445773447501157,17.556554871827913,18.52313232421875,6552100
2020-03-26,18.698872365519552,19.507282301976208,18.637361511093992,19.138225555419922,4392700
2020-03-27,18.49677061117043,18.716447229716394,18.03984451835451,18.154075622558594,2906400
2020-03-30,18.05741360142474,18.637359619140625,17.77622785659271,18.637359619140625,3678000
2020-03-31,18.602215006808354,19.384263185481142,18.496769498807776,19.199735641479492,2981300
2020-04-01,18.523128780914167,18.698870711730894,18.171646595279977,18.2683048248291,3959400
2020-04-02,18.382534440534503,19.04156411453646,18.250728840933938,18.602210998535156,2640400
2020-04-03,18.6900822484661,18.79552605939163,18.259516389188686,18.461618423461914,2844400
2020-04-06,18.980057529766256,19.489707146654453,18.918548353314133,19.419410705566406,3589600
2020-04-07,20.24539680166963,20.350840633928613,19.52485612656896,19.56000518798828,4789400
2020-04-08,19.79725915705114,20.06087045141411,19.48971152962785,19.981786727905273,2089800
2020-04-09,20.298114112422816,20.62323447678853,20.0432885029478,20.333261489868164,2138600
2020-04-13,20.4211356183765,20.4650719420043,19.981782438094736,20.385988235473633,2247000
2020-04-14,20.640812920656785,20.86048951837684,20.350839878706285,20.579303741455078,3656700
2020-04-15,19.9554173779033,20.07843738792763,19.76210261357807,19.858760833740234,2941000
2020-04-16,20.0257196483783,20.05207976772272,19.647875628446716,19.718172073364258,2315900
2020-04-17,20.078439932248383,20.596876799906386,20.078439932248383,20.544153213500977,2141500
2020-04-20,20.104802010783725,20.746258966632627,20.043292829976174,20.4211368560791,3006800
2020-04-21,19.92905869688962,20.280540873660318,19.67423307123135,19.762104034423828,2607900
2020-04-22,20.15752300573857,20.289328615633263,19.81482640881326,20.227819442749023,2014000
2020-04-23,20.42113300658648,20.640809568631514,20.298114668160995,20.306901931762695,1727300
2020-04-24,20.47386024485701,20.58809302543324,20.28054542326594,20.570518493652344,1368000
2020-04-27,20.719895126553517,20.948358972725778,20.552940455120073,20.913209915161133,2742700
2020-04-28,21.238331617835346,21.343777112664167,21.018655039941308,21.19439697265625,2359700
2020-04-29,21.730408340815142,22.117039616683908,21.65132463266018,22.06431770324707,2306300
2020-04-30,21.84464108713191,21.888575735619543,21.299842395488493,21.334991455078125,2457000
2020-05-01,20.851697813746487,20.93956876932551,20.711104955219678,20.860485076904297,2577500
2020-05-04,20.83412779906399,21.071378927704394,20.675962055969823,21.053804397583008,2336700
2020-05-05,21.299844281587404,21.449224446072115,21.11531673040017,21.20318603515625,1597500
2020-05-06,21.273481452358205,21.28226871760736,20.97472281388429,21.036231994628906,2051100
2020-05-07,21.38771130460102,21.50194238524548,21.21196937561035,21.21196937561035,1718000
2020-05-08,21.51072964090152,21.651322513639496,21.39649856030163,21.581026077270508,1597300
2020-05-11,21.352564914837338,21.6864742864172,21.282268469662544,21.651325225830078,1946200
2020-05-12,21.68647536541299,21.809493731589708,21.220760345458984,21.220760345458984,2901000
2020-05-13,21.291052001858382,21.35256117110202,20.535365767723352,20.67595863342285,3236500
2020-05-14,20.465071354201758,20.816553553131943,20.183883919058285,20.781404495239258,4841300
2020-05-15,20.711110745962813,20.94836188956092,20.623239765815416,20.851703643798828,2392900
2020-05-18,21.352563585779265,21.70404746577511,21.352563585779265,21.624963760375977,3515600
2020-05-19,21.668901197913847,21.67768846364531,21.396502664236788,21.44043731689453,3526100
2020-05-20,21.72162314075002,21.800706856422618,21.60739203811158,21.68647575378418,2176500
2020-05-21,21.68647777129899,21.704052304416667,21.264699032473008,21.431652069091797,1684900
2020-05-22,21.37893014573848,21.449226602209478,21.203188166561127,21.431652069091797,1873800
2020-05-26,22.00280563408627,22.169758617367858,21.95886931532859,22.125823974609375,3074500
2020-05-27,22.240057353459616,22.371862971377517,21.791916911739253,22.345502853393555,2921600
2020-05-28,22.53882205659278,22.547609322972704,22.25763623643407,22.301570892333984,2362900
2020-05-29,22.2839956564206,22.2839956564206,21.89736435698126,22.090679168701172,3296500
2020-06-01,22.222485201586885,22.609114802883404,22.187336141832972,22.538818359375,2043300
2020-06-02,22.723347090819857,22.943023681640625,22.679410767056076,22.943023681640625,4463500
2020-06-03,23.109977967007108,23.32965457002428,23.048468786322214,23.224210739135742,1710600
2020-06-04,23.127550343663902,23.29450501568864,23.039679375440393,23.109975814819336,1655800
2020-06-05,23.575693592951698,23.80415746725829,23.549331796531874,23.672351837158203,3472500
2020-06-08,23.909600441505514,23.988684151922797,23.71628563604074,23.971111297607422,1813000
2020-06-09,23.549328908213226,23.848089193663633,23.52296879102598,23.733858108520508,2091300
2020-06-10,23.795368597160053,23.848090510444916,23.408737322405774,23.531757354736328,2528000
2020-06-11,22.907873070589694,22.943022127219322,22.13461226072981,22.178546905517578,5126700
2020-06-12,22.82000380032788,22.916662037240894,22.27520679008945,22.5651798248291,4403200
2020-06-15,22.137346719246274,22.927331668992366,22.013078187313564,22.767559051513672,3389700
2020-06-16,23.371142456192782,23.371142456192782,22.80306357466255,23.042720794677734,4445300
2020-06-17,23.175863419755597,23.175863419755597,22.829688904955006,22.87407112121582,1695300
2020-06-18,22.785308048386234,22.998337604296506,22.71429819641614,22.9184513092041,2381300
2020-06-19,23.23800191005783,23.273505997820333,22.79418980846928,22.80306625366211,3217200
2020-06-22,22.918453962595148,23.07822657127768,22.84744410240387,23.042720794677734,2591900
2020-06-23,23.282379940539755,23.34451335720242,23.06047391359673,23.095979690551758,2107900
2020-06-24,22.85632310486325,22.909580082715614,22.36813047303086,22.545654296875,4282700
2020-06-25,22.474643501655013,22.77643585205078,22.359253105566623,22.77643585205078,3449900
2020-06-26,22.652167026961486,22.732053329951448,22.270488400011345,22.314868927001953,3577300
2020-06-29,22.492396846902388,22.696550001891893,22.32374777873295,22.634416580200195,3024500
2020-06-30,22.554531246746645,23.060476780188207,22.510150713044656,22.97171401977539,3650000
2020-07-01,22.953958530790324,23.140358769101212,22.82081356855852,23.00721549987793,3376700
2020-07-02,23.30013369013323,23.477659195452006,23.113733433256336,23.122608184814453,3249900
2020-07-06,23.371143096373935,23.468782291689703,23.211370483314923,23.26462745666504,2522000
2020-07-07,23.07822657127768,23.255752068260183,22.998340266936413,23.042720794677734,1550800
2020-07-08,23.078227896019545,23.309010378140783,23.016094476411652,23.229124069213867,2003800
2020-07-09,23.29125420261187,23.30013064601899,22.758679449244028,22.98946189880371,3370900
2020-07-10,23.042722470268497,23.246877314546428,22.953961408331445,23.238000869750977,3000000
2020-07-13,23.424399662342598,23.557544632915313,23.078226802074244,23.095979690551758,4903100
2020-07-14,23.02496734069295,23.5397891998291,22.998338010855264,23.5397891998291,4064000
2020-07-15,23.752821711417198,23.965851297567873,23.717315933887757,23.87708854675293,3384000
2020-07-16,23.71731483617623,23.894840329589684,23.681810753298684,23.74394416809082,2071600
2020-07-17,23.79719962748421,23.89483881196113,23.690685692608,23.859333038330078,1510000
2020-07-20,23.868209402680915,24.03685844085286,23.841581765554295,24.010229110717773,1325100
2020-07-21,24.29427275880043,24.38303381584356,24.10787081439085,24.12562370300293,2148300
2020-07-22,24.152249828755146,24.241012573242188,24.09011641551678,24.241012573242188,1348900
2020-07-23,24.1877540882214,24.276516827146835,23.921467564453526,23.992477416992188,1831800
2020-07-24,23.859333771494025,23.96584940265178,23.81495324609993,23.930343627929688,1293900
2020-07-27,24.107871073913124,24.30314777172227,23.992480682709687,24.285396575927734,1574400
2020-07-28,24.205510380950496,24.29427313236715,24.10787118509131,24.18775749206543,1782100
2020-07-29,24.427411582542156,24.560554836834132,24.320895963303578,24.51617431640625,2012500
2020-07-30,24.09899346202878,24.365281702150284,23.88596388573672,24.35640525817871,2582500
2020-07-31,24.374155843468483,24.374155843468483,24.02798300227841,24.241012573242188,4484200
2020-08-03,24.383032664277533,24.40078555205118,24.223261753340402,24.303146362304688,2813700
2020-08-04,24.356404729744416,24.667073489974978,24.28539487252102,24.649320602416992,2526200
2020-08-05,24.880105984892676,25.022125716025844,24.87122954007076,24.93336296081543,1821800
2020-08-06,24.968866931212695,25.155268885590342,24.853476535080805,25.031002044677734,1405000
2020-08-07,24.853475912473513,24.88898169070693,24.702579740998864,24.80909538269043,1966100
2020-08-10,24.92448236704888,25.057625631197023,24.862348956646976,24.977739334106445,1486300
2020-08-11,25.128637045018376,25.19964690317316,24.933360358344856,24.96886444091797,1527200
2020-08-12,25.27953612205876,25.377175323165734,25.155269279201715,25.199649810791016,3047200
2020-08-13,25.137514114379883,25.270657390106877,25.03100017100173,25.137514114379883,1609200
2020-08-14,25.013247265980517,25.11976120928718,24.924484517885897,25.084257125854492,1119400
2020-08-17,25.34166600112187,25.412675857543945,25.297285475736267,25.412675857543945,992700
2020-08-18,25.492563213168967,25.5458218774471,25.270657191035852,25.386049270629883,1253400
2020-08-19,25.448183495522745,25.50144046848654,25.217401022001447,25.252906799316406,1033300
2020-08-20,25.048750799217196,25.386048895966276,25.048750799217196,25.323915481567383,1404300
2020-08-21,25.21739804707487,25.235150933638018,25.05762545402341,25.226274490356445,5726900
2020-08-24,25.457055758263124,25.474808644004508,25.244026208391645,25.297283172607422,1480500
2020-08-25,25.39492416381836,25.43042824482697,25.22627512325412,25.39492416381836,987400
2020-08-26,25.394925553364686,25.749974847920637,25.386049109374717,25.741098403930664,1824800
2020-08-27,25.88311462079623,25.88311462079623,25.54581825984302,25.696714401245117,1967700
2020-08-28,25.891996111669666,25.93637664126076,25.643460744136977,25.678966522216797,987200
2020-08-31,25.7144708350289,25.7144708350289,25.465937158303745,25.483688354492188,2100000
2020-09-01,25.53694573266777,25.65233612060547,25.386049568128563,25.65233612060547,1871200
2020-09-02,25.820984706831826,25.838737594811768,25.6257080180782,25.741098403930664,5486100
2020-09-03,25.643459467785398,25.732222215558277,25.110886367165314,25.235153198242188,5479300
2020-09-04,25.306161348500584,25.403800533756364,24.67594740559001,25.039873123168945,4346500
2020-09-08,24.622689080968676,24.73808114682327,24.33864967733951,24.489545822143555,5489400
2020-09-09,24.8268449727869,25.173019516134463,24.782464445874727,25.075380325317383,2787100
2020-09-10,25.208521942318384,25.208521942318384,24.622690221934864,24.675947189331055,3421600
2020-09-11,24.844600795980433,24.933363553300094,24.61381830415283,24.74696159362793,3265000
2020-09-14,24.951111697081892,25.03099799417247,24.897853037015867,24.977739334106445,1269600
2020-09-15,25.226276109661974,25.244028997364705,24.986617204700785,25.013246536254883,1560500
2020-09-16,25.164142403441048,25.173018847189315,24.800216674804688,24.800216674804688,2162000
2020-09-17,24.48067147190114,24.800216674804688,24.45404214065633,24.800216674804688,2274700
2020-09-18,24.755836226771414,24.83572253321132,24.560559529367563,24.5960636138916,1714600
2020-09-21,24.24989139507729,24.24989139507729,23.761698792036363,24.152252197265625,2462800
2020-09-22,24.285394229741833,24.462918021597403,24.10786874487777,24.427413940429688,2467600
2020-09-23,24.436292327149538,24.462919966890635,23.806078329475092,23.86821174621582,4337900
2020-09-24,23.743941402472693,24.170000505428696,23.62855103030025,24.02798080444336,5650900
2020-09-25,23.83270865598793,24.196634420365793,23.779451681276427,24.152252197265625,2676500
2020-09-28,24.480670571839884,24.54280398278482,24.374154943785364,24.47179412841797,1998200
2020-09-29,24.42741667281408,24.42741667281408,24.187757749342545,24.347530364990234,3147600
2020-09-30,24.400782799293843,24.55167894232947,24.28539242779995,24.32977294921875,4393500
2020-10-01,24.418537160894942,24.55168042620674,24.312021532840426,24.47179412841797,2305200
2020-10-02,24.152251859513783,24.52505406329831,24.12562421903475,24.44516944885254,3056400
2020-10-05,24.66707190721348,24.915605545043945,24.596060361537994,24.915605545043945,1887800
2020-10-06,24.924484906733326,24.968865434968716,24.480672852344906,24.5339298248291,3116200
2020-10-07,24.79133991371961,24.96886370738703,24.746957695546374,24.89785385131836,2071500
2020-10-08,25.09313432833765,25.270658136883473,25.07538143958047,25.261781692504883,5519200
2020-10-09,25.412676909760357,25.48368676912261,25.27953363508221,25.386049270629883,2077600
2020-10-12,25.545822610230623,25.563573805823935,25.40380288743227,25.457059860229492,2419700
2020-10-13,25.350543585240914,25.377172917475356,25.164143338625603,25.235153198242188,2175000
2020-10-14,25.306160405642718,25.394923144112806,25.128634928702542,25.164140701293945,1811300
2020-10-15,24.68482595656012,25.128638010328594,24.68482595656012,25.0931339263916,2153500
2020-10-16,25.155268885590342,25.20852586126593,25.022125599897013,25.031002044677734,1400300
2020-10-19,25.13751307219624,25.173018847189315,24.76471089981161,24.800216674804688,2136100
2020-10-20,24.89785370870518,25.057626307196653,24.81796740945945,24.888978958129883,2016800
2020-10-21,24.826845508949724,24.977741673921894,24.746959204375713,24.7824649810791,3723300
2020-10-22,24.809095751928393,24.915609702196537,24.640446688827,24.87122917175293,2742700
2020-10-23,25.013246160209277,25.013246160209277,24.791340146286924,24.951112747192383,1293800
2020-10-26,24.667071295915978,24.71145181785489,24.28539271241114,24.489545822143555,2379100
2020-10-27,24.498425351201245,24.5516823228384,24.383033270810706,24.41853904724121,1493300
2020-10-28,23.903716121423543,23.956973090791198,23.504284618644785,23.522037506103516,4607700
2020-10-29,23.468784576585886,23.74394760752785,23.282382612199584,23.628557205200195,2989200
2020-10-30,23.54866385276982,23.60192081538777,23.229118691045482,23.495405197143555,3740300
2020-11-02,23.743944185755982,23.823830488550612,23.575295136188583,23.79720115661621,3967000
2020-11-03,24.11674339899346,24.41853568506471,24.072362877574665,24.32977294921875,2240800
2020-11-04,24.42741479613594,24.702577783606706,24.170003003366613,24.454042434692383,3785200
2020-11-05,24.986618414096323,25.146391025137053,24.93336144141896,25.048751831054688,2451100
2020-11-06,25.119759421467588,25.155265195381865,24.977739711827443,25.039873123168945,2209000
2020-11-09,25.927502356783382,26.060647342666446,25.42155682805597,25.43043327331543,4696300
2020-11-10,25.474813023975006,25.812109446011934,25.46593657957816,25.670089721679688,3151800
2020-11-11,25.829863306217362,25.927500812237334,25.75885344138069,25.84761619567871,1692000
2020-11-12,25.767731421139587,25.829864844946975,25.332795761479023,25.43043327331543,2585700
2020-11-13,25.58132658387101,25.670089333488534,25.528069611303952,25.554698944091797,2029000
2020-11-16,25.829861804959148,26.051767831302424,25.758851944249646,26.01626205444336,1859700
2020-11-17,25.865363063642953,26.158278918701743,25.812106097180017,26.140527725219727,1262600
2020-11-18,26.131654367361694,26.291426978623424,26.069520950317383,26.069520950317383,1813200
2020-11-19,26.016262315913867,26.184911371672143,25.900871925979455,26.176034927368164,1488100
2020-11-20,26.17602982978745,26.335802410127265,26.14940050206138,26.29142189025879,1378400
2020-11-23,26.380185266475305,26.522204974243017,26.30917541259145,26.460071563720703,1573300
2020-11-24,26.593216831682838,26.974895459942736,26.593216831682838,26.92163848876953,1753400
2020-11-25,26.859505445703316,27.001525166138595,26.752989808872552,26.98377227783203,1671200
2020-11-27,27.045907134627473,27.090289357758117,27.019279493757793,27.07253646850586,881800
2020-11-30,27.090285958704488,27.116913596233168,26.744111433755272,26.877256393432617,3231800
2020-12-01,27.196803651522714,27.2766899611604,27.019279835779088,27.028156280517578,3313700
2020-12-02,26.99264970744877,27.214555740356445,26.912763400161314,27.214555740356445,2926700
2020-12-03,27.232308052066546,27.4897181644186,27.232308052066546,27.400957107543945,2007700
2020-12-04,27.480838148098048,27.81813621520996,27.480838148098048,27.81813621520996,1281300
2020-12-07,27.729376088982495,27.88914869445368,27.613985703369178,27.835891723632812,1945600
2020-12-08,27.72937456517168,27.942404129757136,27.72937456517168,27.89802360534668,1374500
2020-12-09,27.986789444819557,28.00454064074339,27.640614882670352,27.827016830444336,2024600
2020-12-10,27.74712890626419,28.075548867333204,27.74712890626419,28.0400447845459,2129700
2020-12-11,27.827013750484863,27.933527686273347,27.747127452139257,27.89802360534668,2204500
2020-12-14,28.109206067288557,28.13616392695967,27.63293054971533,27.66887664794922,1512300
2020-12-15,27.830629040159998,28.010356103916074,27.767725082046663,27.983396530151367,1458400
2020-12-16,27.95643324644239,28.01035066950674,27.785692740400652,27.96541976928711,4429200
2020-12-17,28.16312127421426,28.252984798690566,28.073257749737948,28.15413475036621,2990700
2020-12-18,28.11819390785056,28.11819390785056,27.80367238960082,27.839616775512695,1993800
2020-12-21,27.336380412113662,27.686846278293263,27.255503410071572,27.6329288482666,6800500
2020-12-22,27.54306362188584,27.614954095484727,27.444215291939926,27.596981048583984,1748300
2020-12-23,27.776709505754543,27.87555955474433,27.74076512412455,27.785696029663086,1791900
2020-12-24,27.803667983483614,27.92048936168971,27.776708412818767,27.911502838134766,556000
2020-12-28,28.073257529050895,28.22602500525845,27.695832100420716,27.72279167175293,1466600
2020-12-29,27.95643746402053,28.07325885061791,27.713806452621085,27.7946834564209,1661400
2020-12-30,27.857588317615264,28.010355805981714,27.830628744137318,27.90251922607422,1255900
2020-12-31,27.92048914312866,27.965421760551667,27.713804244995117,27.713804244995117,2608600
2021-01-04,28.10021933540312,28.136163719367506,27.570026388395192,27.80367088317871,3934600
2021-01-05,27.857584052532445,28.324872970581055,27.848597529415663,28.324872970581055,5861900
2021-01-06,28.226027325702397,28.71128936555035,28.226027325702397,28.585479736328125,9396100
2021-01-07,28.540548411467697,28.926958676001608,28.540548411467697,28.891016006469727,2573500
2021-01-08,28.971889387827133,28.98985900634098,28.603448790143265,28.855066299438477,2261100
2021-01-11,28.468659642848298,28.666358049199832,28.40575568237301,28.558523178100586,1564500
2021-01-12,28.558519575133232,28.792164051710643,28.48662909880204,28.75621795654297,1924700
2021-01-13,28.684330785015224,28.810140418592812,28.55852286544199,28.71129035949707,2847300
2021-01-14,28.81013851338911,29.02580823896429,28.765204178219836,28.908985137939453,2442800
2021-01-15,28.702298909932917,28.74722981235573,28.396763974246404,28.60344886779785,1395900
2021-01-19,28.702303138842964,28.801151481537982,28.54953564849141,28.666357040405273,1517600
2021-01-20,28.801152072351027,28.935948230253192,28.738248112799003,28.926959991455078,1490100
2021-01-21,28.98986233221478,29.043781477966544,28.702302124893304,28.810138702392578,1304900
2021-01-22,28.52257608706061,28.585480045349595,28.36082207202933,28.43271255493164,5029700
2021-01-25,28.441693667739695,28.58547460618609,28.154131790846904,28.51358413696289,2243800
2021-01-26,28.72925745391732,28.72925745391732,28.360818560412277,28.414737701416016,2967700
2021-01-27,28.055282135613307,28.07325518166527,27.587994936290293,27.65988540649414,3343400
2021-01-28,27.695834599345094,28.109206160382346,27.650903690408228,27.983396530151367,3409200
2021-01-29,27.78569652724335,27.965423580624357,27.37232499006872,27.49813461303711,4546100
2021-02-01,27.785697834194373,27.911505749076156,27.605970772359576,27.80367088317871,3283100
2021-02-02,28.03731407025273,28.351833842787435,27.947450543526728,28.297916412353516,1687500
2021-02-03,28.378791708183957,28.49561308609868,28.181093332480543,28.396764755249023,1910400
2021-02-04,28.45967342848535,28.567510014765723,28.333865506161906,28.50460433959961,1487200
2021-02-05,28.67534075440916,28.819121706058638,28.63939637349886,28.792163848876953,1217500
2021-02-08,28.93594910797878,29.169591903686523,28.93594910797878,29.169591903686523,1486100
2021-02-09,29.16958659466031,29.38525972899043,29.08870959778754,29.367286682128906,1669900
2021-02-10,29.49309379123824,29.600928641507416,29.20553190518171,29.43917465209961,1679300
2021-02-11,29.63687765514246,29.645865893222112,29.313369644443366,29.46613883972168,2421800
2021-02-12,29.331344885222876,29.58296072212766,29.295398786234,29.54701805114746,1787700
2021-02-16,29.66383732977689,29.834579583661185,29.582960322149756,29.68181037902832,1920800
2021-02-17,29.43917755349114,29.4930966979438,29.178576925324357,29.46613883972168,2733700
2021-02-18,29.322359485031487,29.43917916238397,29.15161723227098,29.385263442993164,2228900
2021-02-19,29.51106885039204,29.717753755841407,29.47512275518128,29.6907958984375,1873100
2021-02-22,29.60093366624006,29.87951079039908,29.520056657807356,29.76268768310547,2091100
2021-02-23,29.627893746816806,29.834578664829955,29.079727759560463,29.708770751953125,3845400
2021-02-24,29.654852392691325,30.256934114007894,29.573975385409096,30.167072296142578,12407400
2021-02-25,30.20301903734122,30.319842145459518,29.448168095976833,29.52904510498047,3035900
2021-02-26,29.493097215055165,29.493097215055165,28.882027279244674,28.908985137939453,5118400
2021-03-01,29.367289793182874,29.663836527792576,29.34033193403887,29.556001663208008,3833300
2021-03-02,29.609917509368252,29.94241030445142,29.5919444626059,29.870521545410156,3376300
2021-03-03,29.8166079476582,29.870527097968157,29.520057762966605,29.63688087463379,8008100
2021-03-04,29.65484999051294,29.798630944255702,28.971891317236917,29.322357177734375,8167700
2021-03-05,29.58295692555886,29.816603110992585,29.097698363520042,29.74471092224121,10593100
2021-03-08,29.762680369230075,30.131119221992602,29.690791617182857,29.843557357788086,4766600
2021-03-09,30.194025928820064,30.328822064755567,30.09517931420992,30.104164123535156,3782200
2021-03-10,30.301862617127245,30.4456435548357,30.10416254227513,30.319835662841797,3514600
2021-03-11,30.517538647545642,30.850034920305497,30.517538647545642,30.814088821411133,3359600
2021-03-12,30.643342192186473,30.993811464373813,30.63435738274955,30.98482322692871,1885300
2021-03-15,31.029756438905622,31.191510444871067,30.805098478176774,31.182525634765625,3709100
2021-03-16,31.182519398534858,31.236435104401714,31.011777188602483,31.137588500976562,2770700
2021-03-17,30.975840632818613,31.479072269472837,30.930906298395836,31.398195266723633,3716800
2021-03-18,31.227457762127056,31.371238725494205,30.859018829248203,30.903949737548828,5794100
2021-03-19,30.86800473375348,31.02975875177561,30.661319805838247,30.912939071655273,4364000
2021-03-22,30.94888104518949,31.002800192651115,30.73321131136022,30.76915740966797,5201200
2021-03-23,30.616387114568674,30.73321021590049,30.40071738842677,30.427675247192383,7023600
2021-03-24,30.56246796902895,30.76915631292697,30.41868700893152,30.427675247192383,3947200
2021-03-25,30.274909451313682,30.427678666841118,30.059239700933492,30.364774703979492,3635900
2021-03-26,30.562465871932936,30.679288965248737,30.3108500660296,30.66131591796875,3876900
2021-03-29,30.553485559086646,30.679293480554424,30.337812387992766,30.607404708862305,2923000
2021-03-30,30.445651412995247,30.553486287107265,30.328828299702067,30.48159408569336,3152400
2021-03-31,30.544493942955235,30.73320578311277,30.517532660069875,30.59840965270996,5485300
2021-04-01,30.82306994092054,31.12860488891602,30.73320813245468,31.128604888916016,3267800
2021-04-05,31.254414802897152,31.335291806923394,31.20049908555197,31.24542999267578,2663600
2021-04-06,31.23644135141515,31.362252688950388,31.164552586546304,31.182525634765625,1871200
2021-04-07,31.182525634765625,31.23644135141515,31.1016486317829,31.182525634765625,2982200
2021-04-08,31.263402445976137,31.416168212890625,31.119621489111974,31.416168212890625,3188300
2021-04-09,31.407181700983347,31.5329896029213,31.317316465307506,31.515016555786133,2748800
2021-04-12,31.4161713191174,31.550967479258997,31.37124040840645,31.40718650817871,1824800
2021-04-13,31.541979326516334,31.541979326516334,31.41617140497834,31.524009704589844,2425700
2021-04-14,31.479075365747338,31.685760297989578,31.461102315812084,31.524009704589844,2579500
2021-04-15,31.71271585899454,31.739673715023947,31.595892769520198,31.72170066833496,7375000
2021-04-16,31.8385252651972,31.88345617004284,31.71271736042609,31.793594360351562,1992700
2021-04-19,31.829536822878993,31.892444202868592,31.461097920699142,31.559947967529297,2806100
2021-04-20,31.362250355435005,31.407181258635994,30.894961420526734,30.98482322692871,2269600
2021-04-21,30.948877668268075,31.515016656811927,30.930904621075292,31.49704360961914,3710200
2021-04-22,31.425157555972703,31.46110022544631,31.20049958872213,31.290361404418945,2994000
2021-04-23,31.36224909806609,31.541972703664605,31.308329959581712,31.479068756103516,8504300
2021-04-26,31.55994698177333,31.829535828702582,31.55994698177333,31.80257797241211,1651800
2021-04-27,31.757646868378085,31.928385670484708,31.694742918759427,31.838523864746094,1590400
2021-04-28,31.9104156446648,32.440608575935045,31.9104156446648,32.37770462036133,3643000
2021-04-29,32.53945801796605,32.584388924246014,32.162034291604265,32.350746154785156,5035500
2021-04-30,32.1440594216522,32.233921229119005,31.96433237871038,32.00027847290039,2092200
2021-05-03,32.20696579323493,32.32378889412905,32.18000793457031,32.18000793457031,1368700
2021-05-04,32.01825233142606,32.18000633137218,31.81156742660788,32.1260871887207,1778600
2021-05-05,32.332776504139176,32.485545715153854,32.23392644313123,32.42264175415039,1720300
2021-05-06,32.503513724463055,32.70121383666992,32.323790089375294,32.70121383666992,1780400
2021-05-07,32.74614372793112,33.08762479440263,32.64729710290772,33.07863998413086,1331900
2021-05-10,33.2403939930906,33.330255807842235,33.05167869729857,33.07863998413086,4237800
2021-05-11,32.63830847311346,32.95282824897984,32.5125005627669,32.88093948364258,6198200
2021-05-12,32.80005863174755,32.97978566601627,32.52148155723063,32.54844284057617,2802500
2021-05-13,32.51250096012933,32.80006288100983,32.37770480996287,32.611351013183594,4005400
2021-05-14,32.87195567026553,33.168502406787766,32.87195567026553,33.10559844970703,3770600
2021-05-17,33.00675037422147,33.43809328921706,33.00675037422147,33.42012023925781,1982000
2021-05-18,33.44708312288764,33.58187586199547,33.30330214436727,33.47404098510742,2488100
2021-05-19,33.06066533262026,33.303296334295815,32.80006128326411,33.159515380859375,5008300
2021-05-20,33.24038901985878,33.62679750788544,33.22241597399578,33.554908752441406,4463300
2021-05-21,33.69869876781905,33.71667181852296,33.393163761870476,33.509986877441406,2578800
2021-05-24,33.71666115668656,33.8424690438222,33.55490717950994,33.77058029174805,2151700
2021-05-25,33.77058691991628,33.82450263755201,33.52795590653005,33.545928955078125,1886500
2021-05-26,33.54593096183577,33.779573750920505,33.5369427230198,33.72565460205078,2269500
2021-05-27,33.86943374177619,34.05814903862356,33.86943374177619,33.977272033691406,3288800
2021-05-28,33.97726943631895,34.130035196174646,33.96828119867552,34.031185150146484,1867400
2021-06-01,34.34571236590632,34.46253204491337,34.228889258890625,34.264835357666016,2687400
2021-06-02,34.36368380293893,34.36368380293893,34.22888765286021,34.34571075439453,3235900
2021-06-03,34.0761220753609,34.228891290218144,34.01321811277523,34.11206817626953,1751400
2021-06-04,34.32773470345734,34.354692559911875,34.192938565168234,34.33671951293945,1086300
2021-06-07,34.33672251611809,34.390641661751275,34.237872463128156,34.34571075439453,1492700
2021-06-08,34.327731087530964,34.37266198622511,34.2019231999842,34.3007698059082,2070400
2021-06-09,34.30976426092859,34.33672211942949,34.12105239540534,34.14801025390625,1340400
2021-06-10,34.232098217385186,34.33155811270535,34.08743021941689,34.24113845825195,1686100
2021-06-11,34.27731026945991,34.33156206838284,34.1507261877973,34.1959342956543,1612100
2021-06-14,34.22305238427044,34.349639892578125,34.1778442844533,34.349639892578125,1427400
2021-06-15,34.27730250588379,34.41293024789356,34.26826226602296,34.37676239013672,3444400
2021-06-16,34.34964900867284,34.47623310141791,34.07839343946731,34.141685485839844,2881600
2021-06-17,34.01509730431405,34.11455720784613,33.635345071726924,33.77096939086914,5922400
2021-06-18,33.43642355200206,33.57205131335466,33.30079923980671,33.33696365356445,7726600
2021-06-21,33.54492410872904,33.91563608532449,33.454507899474464,33.798095703125,1965900
2021-06-22,33.71672017902929,34.07838846996644,33.662468383267914,33.987972259521484,2473700
2021-06-23,33.95180297465699,34.141679078138694,33.90659487132666,33.924678802490234,1505300
2021-06-24,34.06933998617796,34.12359176881418,33.9246720149712,33.97892379760742,1213500
2021-06-25,34.08742904663086,34.105512976899355,33.9789289141769,34.08742904663086,895500
2021-06-28,34.069346688383945,34.069346688383945,33.75288651697574,33.834259033203125,2142600
2021-06-29,33.85234704384624,33.87947466834836,33.69863878468381,33.74384689331055,1679600
2021-06-30,33.66247104931024,33.81618275822932,33.608219249252166,33.698638916015625,2754400
2021-07-01,33.79809543380436,34.03317964548738,33.734803397999045,34.024139404296875,3751300
2021-07-02,34.042223335835146,34.096471681292705,33.80713567499487,34.024139404296875,2347500
2021-07-06,33.90659656573043,33.93372073925266,33.49971671711019,33.76192855834961,3510500
2021-07-07,33.84329842984866,33.98796641116175,33.59013032483993,33.644378662109375,16805900
2021-07-08,33.129000902254205,33.255584962932126,32.99337660116657,33.16516876220703,2888000
2021-07-09,33.39121799984004,33.73480582547646,33.364093825159465,33.68959426879883,4148000
2021-07-12,33.563009599462426,33.752889166368895,33.544925666940024,33.6805534362793,1708600
2021-07-13,33.53587651712107,33.671504250433536,33.49066842240242,33.572044372558594,2406600
2021-07-14,33.780015083258775,33.80713925886297,33.32792709434826,33.38217544555664,2253200
2021-07-15,33.174214825007766,33.382174882500024,33.10188254156407,33.23750686645508,2084500
2021-07-16,33.309841124004066,33.31888136560011,32.83966923038911,32.84871292114258,1629600
2021-07-19,32.34237161467531,32.369495787322485,31.845075570919196,32.098243713378906,5452800
2021-07-20,32.11632475898606,32.676912787984335,31.99878093948165,32.61362075805664,5106400
2021-07-21,32.82157863220509,33.228458404541016,32.81253839244505,33.228458404541016,2493200
2021-07-22,33.26462697602569,33.26462697602569,33.047623276402284,33.192291259765625,1533000
2021-07-23,33.34600055382198,33.39120864868164,33.20133258077715,33.39120864868164,1697400
2021-07-26,33.300802918744075,33.45451117937799,33.29175922743759,33.38217544555664,2168500
2021-07-27,33.24654602508438,33.30983805790304,33.09283433884111,33.2736701965332,2645700
2021-07-28,33.318882786430905,33.52684629273981,33.15613083750245,33.50876235961914,1946100
2021-07-29,33.725756638152404,33.960844277596536,33.69863246789229,33.85234069824219,1601600
2021-07-30,33.68055580534969,33.8885158702489,33.544928026470444,33.752891540527344,2286800
2021-08-02,33.82522144730105,33.98797339084519,33.61726139702962,33.6805534362793,3700200
2021-08-03,33.76193095817124,33.76193095817124,33.418343122785316,33.698638916015625,2565800
2021-08-04,33.671508546714215,33.798092607740394,33.60821306704415,33.62629699707031,1365900
2021-08-05,33.7528912760114,33.951807647875675,33.7528912760114,33.84330749511719,1304600
2021-08-06,33.85234094060124,33.933716901121116,33.77096498008136,33.897552490234375,1311800
2021-08-09,33.83426679885764,33.8433104910634,33.671518279891586,33.789058685302734,1466600
2021-08-10,33.834255101524626,34.05125880038581,33.798090692678414,34.01509094238281,12689200
2021-08-11,34.186893463134766,34.214017637548864,34.06934962541122,34.186893463134766,3194900
2021-08-12,34.15072322169404,34.15072322169404,33.92467925288417,34.11455535888672,1766800
2021-08-13,34.141685620538254,34.168813247060534,34.024145219187155,34.09647750854492,998700
2021-08-16,33.8433007001688,33.897552490234375,33.75288449921648,33.897552490234375,2224200
2021-08-17,33.56300962223194,33.671513217439944,33.3188817067501,33.544925689697266,2309900
2021-08-18,33.517801074815644,33.59917704557307,33.346008891731024,33.35504913330078,1338500
2021-08-19,33.0024195041968,33.0024195041968,32.622667291524806,32.74020767211914,3194400
2021-08-20,32.61362109528172,33.002416968375975,32.559369305144045,32.98433303833008,1414200
2021-08-23,33.309843101992136,33.6534309387207,33.291759168568774,33.6534309387207,1667200
2021-08-24,33.68958901956148,33.951800831142975,33.68054877912904,33.897552490234375,1747300
2021-08-25,33.915629036367974,33.98796474806336,33.78904499005762,33.94275665283203,2286200
2021-08-26,33.89755503813069,33.89755503813069,33.517799377441406,33.517799377441406,2900200
2021-08-27,33.5539623585812,33.97892606131854,33.5539623585812,33.96084213256836,1827500
2021-08-30,34.04222107570774,34.04222107570774,33.85234153174097,33.906593322753906,1230500
2021-08-31,33.86138846014093,33.99701277690943,33.76192855834961,33.76192855834961,2845000
2021-09-01,33.915628326620244,34.078380225372406,33.89754784823134,33.97892379760742,1953300
2021-09-02,34.11455059513476,34.37676239013672,34.069342497517084,34.37676239013672,1581300
2021-09-03,34.33156391217279,34.53048028725797,34.277312110336254,34.44910430908203,1396100
2021-09-07,34.358674126294034,34.4219661448047,34.05125427246094,34.05125427246094,1365400
2021-09-08,34.01509489507517,34.15976289474138,33.81617855125739,33.834259033203125,1713200
2021-09-09,33.85234153174097,34.05126131629804,33.798093189885066,33.906593322753906,1624400
2021-09-10,34.07838128473735,34.15071699716762,33.671504974365234,33.671504974365234,1403700
2021-09-13,34.033178357025264,34.0512622878789,33.671510087424004,33.78001022338867,3042700
2021-09-14,33.9427631420049,33.9427631420049,33.481631514679144,33.517799377441406,1792800
2021-09-15,33.617262521395226,33.96989059448242,33.54492678888628,33.96989059448242,2636000
2021-09-16,33.789045333329504,33.834253429020116,33.53587723813679,33.671504974365234,9168900
2021-09-17,33.62630280629291,33.62630280629291,33.20134244931202,33.23750686645508,3948500
2021-09-20,32.685959468839535,32.731167573045674,32.20674390661416,32.55937194824219,4481100
2021-09-21,32.81254735344308,32.939131439593574,32.55937573198444,32.695003509521484,2916300
2021-09-22,32.90296311671272,33.37313503673036,32.90296311671272,33.10188293457031,5067100
2021-09-23,33.346007203056516,33.608215585189825,33.336963512787335,33.517799377441406,1653300
2021-09-24,33.29175043640271,33.409294248244905,33.23749865036245,33.36408615112305,1668200
2021-09-27,33.463546028725865,33.680549746061146,33.418337926951835,33.63534164428711,2047900
2021-09-28,33.34600630675822,33.373130478522235,32.8848746918271,33.002418518066406,4726700
2021-09-29,33.038595157609436,33.1109274512499,32.79446719940152,32.83063507080078,2409200
2021-09-30,32.966250792791854,33.156126894240536,32.74925051946683,32.82158279418945,4713400
2021-10-01,32.86678921345857,33.20133674552986,32.68595681133644,33.11996078491211,3356300
2021-10-04,33.08379447198054,33.33696260611645,32.95721040491259,33.13804626464844,2849300
2021-10-05,33.24654233928085,33.48162651380853,33.128998527438654,33.36408615112305,2523200
2021-10-06,33.047627648559,33.35504758502195,32.912003336363654,33.33696365356445,3914000
2021-10-07,33.54492929521843,33.915641329130864,33.54492929521843,33.861392974853516,3677300
2021-10-08,33.97893710719382,34.177853489796064,33.94276923793601,34.09647750854492,4821200
2021-10-11,34.20496987625655,34.403886193493086,34.00605010986328,34.00605010986328,2901600
2021-10-12,33.99701687106123,34.23210456708927,33.960852451728876,34.13264465332031,5983800
2021-10-13,34.1507250604321,34.503353118896484,34.06934908931282,34.503353118896484,3757600
2021-10-14,34.855980491520484,35.05490029459967,34.792688454023896,35.000648498535156,4966600
2021-10-15,35.13627468368891,35.26285875298833,35.06393895885655,35.25381851196289,3194300
2021-10-18,35.118187421142736,35.344231366065344,35.06393563266484,35.30806350708008,3155700
2021-10-19,35.51602578401618,35.5702775759486,35.40752564930844,35.56123733520508,2054700
2021-10-20,35.58836266427413,35.88673890671581,35.58836266427413,35.8505744934082,3492600
2021-10-21,35.78728247178229,35.886738919861145,35.6697386433072,35.71494674682617,3430800
2021-10-22,35.79631972665784,35.931947475057754,35.543151608745376,35.769195556640625,2960900
2021-10-25,35.76919602570925,35.87769615635787,35.66973613546594,35.82344436645508,4152400
2021-10-26,35.95003651874449,35.95003651874449,35.543160074942705,35.55220031738281,2837900
2021-10-27,35.49793971568803,35.606443293018785,35.262855529785156,35.262855529785156,4230100
2021-10-28,35.39848255210805,35.80535888671875,35.35327100456747,35.80535888671875,3148300
2021-10-29,35.57027758465448,35.59740175604878,35.41656589872022,35.42560958862305,3430600
2021-11-01,35.479861578671986,35.85057353614473,35.470817888718656,35.841529846191406,3480400
2021-11-02,35.69686164130049,35.778237604620564,35.54315340456094,35.56123733520508,3596200
2021-11-03,35.479859457958355,35.823443774191404,35.41656397953973,35.81440353393555,1927700
2021-11-04,35.78727877115431,35.88673520894875,35.506983039669485,35.669734954833984,3287800
2021-11-05,35.85961151123047,35.92290354027633,35.77823555257766,35.85961151123047,1827500
2021-11-08,36.031403545756376,36.08565533439201,35.95907127673242,36.04044723510742,2757000
2021-11-09,36.031403545756376,36.08565533439201,35.742067571346794,36.04044723510742,4336700
2021-11-10,36.11278132007368,36.21224121299526,35.64260947572615,35.696861267089844,6073900
2021-11-11,35.72399152600996,35.76015939308255,35.63357530748613,35.67878341674805,2868600
2021-11-12,35.74207039418688,36.16703414916992,35.669738119450265,36.16703414916992,3142900
2021-11-15,36.18511450584889,36.239366293410335,36.03140283233653,36.07661437988281,2426600
2021-11-16,36.1037399802255,36.21224011049249,35.995239849958516,36.00428009033203,1130900
2021-11-17,35.99524082071144,36.04044892211215,35.714945073375745,35.742069244384766,3412100
2021-11-18,35.80536139341699,35.85057294412278,35.561236955222384,35.832489013671875,3227800
2021-11-19,35.669738910240675,35.733030945472315,35.47986280454573,35.4889030456543,1854400
2021-11-22,35.534119151956155,35.54316284425863,35.12723922729492,35.12723922729492,2251900
2021-11-23,35.06393646164438,35.371356371973405,35.00968812104082,35.3623161315918,1821000
2021-11-24,35.11819189583327,35.55219591148579,35.0729837909198,35.543155670166016,1992200
2021-11-26,34.865015472145814,34.865015472145814,34.44005179869812,34.53046798706055,5368200
2021-11-29,34.9102259818309,34.97351800789519,34.34963798705143,34.602806091308594,3347500
2021-11-30,34.3948516520142,34.5395196563159,33.698635803450586,33.798095703125,8003700
2021-12-01,34.37676668286834,34.42197478613129,33.32792282104492,33.32792282104492,14496700
2021-12-02,33.46354718071216,34.05126287147804,33.39121490521507,33.924678802490234,7533600
2021-12-03,34.22305070974124,34.22305070974124,33.400250916363845,33.59917068481445,4692800
2021-12-06,33.924681484658,34.27730954733428,33.66246963579091,34.23210144042969,5784400
2021-12-07,34.711307992662995,35.10914754733864,34.711307992662995,35.03681182861328,4214200
2021-12-08,35.04585940321216,35.04585940321216,34.7836509908505,34.801734924316406,3908800
2021-12-09,34.657057992872595,34.69322240134627,34.42197036743164,34.42197036743164,3348800
2021-12-10,34.584722994590614,34.66609895136769,34.277303096672426,34.38580322265625,2315200
2021-12-13,34.19168444269268,34.23746800265422,33.80709485428004,33.816253662109375,5207700
2021-12-14,33.63311414187613,33.962761344979846,33.59648589862871,33.64227294921875,3876400
2021-12-15,33.61479558937163,33.990226300517065,33.34009078734882,33.94444274902344,4917700
2021-12-16,34.20083456924844,34.41144520063329,33.916974444711045,34.054325103759766,3818600
2021-12-17,33.825411450426685,34.1001198164079,33.62396307325229,33.68806076049805,3667800
2021-12-20,33.385877714200646,33.385877714200646,32.98297753003749,33.21189880371094,8229100
2021-12-21,33.53238776490436,33.97191619873047,33.46829008662106,33.97191619873047,5478700
2021-12-22,33.92613012977377,34.42060089111328,33.90781600975439,34.42060089111328,3288700
2021-12-23,34.43891868262175,34.777721206446465,34.43891868262175,34.75025177001953,2316300
2021-12-27,34.78687987001506,35.079898834228516,34.72277869684814,35.079898834228516,3327100
2021-12-28,35.09821227647977,35.23556294844801,34.95169930414855,35.01580047607422,4232400
2021-12-29,34.960860770277314,35.09821494575307,34.84182071773577,34.915077209472656,4388000
2021-12-30,34.970013384951514,35.16230991438147,34.970013384951514,35.02495574951172,4073900
2021-12-31,35.04327170221,35.244723556396046,35.024957579732934,35.189781188964844,2307700
2022-01-03,35.253880220680784,35.39123439798609,35.07990129008098,35.31797790527344,5066300
2022-01-04,35.4827937069779,35.4827937069779,34.970008850097656,34.970008850097656,6485300
2022-01-05,35.052423743204386,35.180619095509385,34.53048352707037,34.539642333984375,8081000
2022-01-06,34.4938541685139,34.92422725993927,34.38397294053383,34.8051872253418,11405300
2022-01-07,34.79603518443229,35.107368270541784,34.69530926053487,35.079898834228516,4367800
2022-01-10,34.82349914845977,34.99748153260115,34.45722724728099,34.95169448852539,7122500
2022-01-11,35.015802778461286,35.60184073407373,34.88760391924203,35.583526611328125,5263700
2022-01-12,35.83076321290388,36.0413703918457,35.775820842851374,36.0413703918457,7925600
2022-01-13,36.14208897896876,36.26112551696586,35.730030019968005,35.73918533325195,5978700
2022-01-14,35.62015379013554,35.858230392575486,35.43701606122547,35.83076095581055,4158800
2022-01-18,35.90401299011404,35.9864247912637,35.52858222777927,35.757503509521484,18747200
2022-01-19,35.88569798530742,36.01389683409995,35.583523717235806,35.66593551635742,7068000
2022-01-20,35.81244923486096,36.07799878493275,35.35460662841797,35.35460662841797,5616900
2022-01-21,35.2905062492193,35.30882037124651,34.32903754769076,34.42975997924805,14193400
2022-01-24,33.843723572084144,34.30156616421644,32.992136071273144,34.219154357910156,14932600
2022-01-25,33.90782329140915,34.65868490814391,33.431666547835064,34.40229415893555,11797100
2022-01-26,34.731939160292725,34.951701647399965,34.0085470296861,34.18252944946289,10683800
2022-01-27,34.57626393631555,34.70446277001694,33.88034487581328,33.91697311401367,7482400
2022-01-28,33.85287816922714,34.182525353448874,33.59648397424283,34.17336654663086,7056900
2022-01-31,34.118421521685306,34.970008850097656,34.118421521685306,34.970008850097656,8767200
2022-02-01,34.9791727278478,35.418701171875,34.86013268267536,35.418701171875,7892800
2022-02-02,35.51942868973016,35.62930993240418,35.30882151916256,35.56521224975586,6348200
2022-02-03,35.09820772387364,35.2813419294102,34.960853576660156,34.960853576660156,6377200
2022-02-04,34.896765527627096,35.27219634138617,34.84182315498112,35.15315628051758,4428400
2022-02-07,35.18978257756847,35.446173316241314,35.09821545463155,35.30882263183594,4325600
2022-02-08,35.19893583551925,35.51026892559622,35.13483815459708,35.4919548034668,4279100
2022-02-09,35.77581610075689,35.99558205877502,35.766660786825945,35.968109130859375,6252700
2022-02-10,35.610992631698814,36.27944232899145,35.565209075759036,35.63846206665039,6293700
2022-02-11,35.65677936980726,35.977271276110606,35.37291920181089,35.56521224975586,11868100
2022-02-14,35.43701340717128,35.48279696270443,35.11652153231647,35.263031005859375,6861100
2022-02-15,35.41869892266946,35.574363708496094,35.22640589556786,35.574363708496094,4380400
2022-02-16,35.43701196024451,35.583521427805294,35.32713073283924,35.455326080322266,5048100
2022-02-17,35.299660101813245,35.40954133636436,34.97001290509842,34.98832702636719,5100800
2022-02-18,35.03410982553552,35.07073806728111,34.55795665508844,34.56711196899414,7126600
2022-02-22,34.49386108934544,34.74109652170172,34.06349140463215,34.37482452392578,10349200
2022-02-23,34.686154829878376,34.73193838925419,34.10927220117044,34.136741638183594,6751600
2022-02-24,33.28515236592814,34.072642119764645,33.257682930395724,33.97191619873047,14660400
2022-02-25,34.20084062091904,34.93339157104492,34.12758762174353,34.93339157104492,12127800
2022-02-28,34.49385650822133,35.06158379292649,34.49385650822133,34.99748611450195,10055800
2022-03-01,35.01579875047765,35.17146353631606,34.42060205542898,34.52132797241211,9774800
2022-03-02,34.8967562915153,35.363754109688834,34.83265862025739,35.32712936401367,11700400
2022-03-03,35.30881737052985,35.51026570958597,35.08905141794162,35.19893264770508,6586500
2022-03-04,34.52133256637877,35.31797770834684,34.52133256637877,35.29050827026367,11257100
2022-03-07,35.36376031130634,35.491955676303334,34.85097885131836,34.85097885131836,9724700
2022-03-08,34.951697296843975,35.05242321300616,34.49385476378774,34.512168884277344,12681300
2022-03-09,34.90591776720597,35.27219323311128,34.72278003425332,35.20809555053711,7570400
2022-03-10,34.97916943748441,35.49195082741653,34.97916943748441,35.455326080322266,6660000
2022-03-11,35.54689492244437,35.711718518126794,35.263031286977665,35.27219009399414,5297100
2022-03-14,35.18062088356384,35.27219149205104,34.61289708318941,34.7227783203125,11528000
2022-03-15,34.539645908374894,34.896762567627434,34.3473493669559,34.887603759765625,6701600
2022-03-16,35.143994099229836,35.638461384196624,34.860130468940795,35.574363708496094,6824800
2022-03-17,35.675090097865876,36.29775623554016,35.62015122828728,36.28860092163086,8638000
2022-03-18,36.068840051200844,36.508368535126685,36.050525927737866,36.42595672607422,5873100
2022-03-21,36.581621736274506,36.83801245555476,36.51752405645444,36.819698333740234,5056100
2022-03-22,36.91127081668176,37.09440505800105,36.81970020296036,36.97536849975586,7382300
2022-03-23,36.88379852625165,37.03946682574919,36.682350158691406,36.682350158691406,6908200
2022-03-24,36.819701910458825,36.947897282552034,36.64572297591259,36.801387786865234,7328700
2022-03-25,36.847175141385044,37.16766357421875,36.81054689390064,37.16766357421875,5828300
2022-03-28,37.04862504001641,37.04862504001641,36.65488009602149,36.96621322631836,4141400
2022-03-29,37.07609644856967,37.2500753845277,36.85633045672518,37.16766357421875,9825900
2022-03-30,37.28670048426415,37.40573703894648,37.11271806993181,37.23175811767578,14440300
2022-03-31,37.05777842426753,37.3416385797388,36.819698333740234,36.819698333740234,7406900
2022-04-01,36.993677194630884,37.0577748683003,36.58161822599802,36.828853607177734,4927700
2022-04-04,37.04861991190969,37.20428820204224,36.88379630732774,37.19512939453125,6003100
2022-04-05,37.30501142886422,37.65296924176699,36.87463832656812,36.92958068847656,8778400
2022-04-06,36.86548665154579,36.91127370852458,36.37101927095782,36.53584289550781,5461900
2022-04-07,36.46258525308351,36.54499706276901,36.04137088938515,36.435115814208984,4337100
2022-04-08,36.40764374765075,36.63656505854485,36.31607662051791,36.52668380737305,3948700
2022-04-11,36.444261146374785,36.444261146374785,36.142086922343225,36.2336540222168,3116900
2022-04-12,36.39848369662353,36.55414849110936,36.023052935324216,36.07799530029297,4800700
2022-04-13,36.05968147489351,36.53583816268342,36.05052266745937,36.453426361083984,5945700
2022-04-14,36.4534249588467,36.554147385316845,36.27944255490619,36.33438491821289,2881700
2022-04-18,36.325222499962216,36.55414375139044,36.279438948288785,36.36185073852539,4311800
2022-04-19,36.27028687469776,36.67318705569491,36.23365863286309,36.64571762084961,4297000
2022-04-20,36.929588275640235,37.06693896903795,36.78307528045004,36.938743591308594,4993400
2022-04-21,37.13102762771426,37.158500554162096,36.05051900239846,36.123775482177734,7033400
2022-04-22,35.76665735465307,35.794126786871345,34.93338414444189,34.960853576660156,9333500
2022-04-25,34.475549570933396,34.79603799736862,33.97191991073252,34.64952850341797,9967800
2022-04-26,34.329035393958634,34.46638606095326,33.889503479003906,33.889503479003906,9298100
2022-04-27,33.880352930976194,34.20084135877419,33.67890106603924,33.962764739990234,6890800
2022-04-28,34.10927080674098,34.8143487701014,34.008544884394986,34.686153411865234,7905400
2022-04-29,34.686148610447944,34.924225172350646,33.89865895536345,33.92612838745117,10967500
2022-05-02,33.74299356543457,33.89866184434077,33.3400933905467,33.843719482421875,11175700
2022-05-03,33.92613250886793,34.51217041833943,33.92613250886793,34.30156326293945,9473600
2022-05-04,34.40229380411813,35.070743602704255,34.10927481002728,35.061588287353516,13718100
2022-05-05,34.841813631930535,34.841813631930535,33.68805206621029,33.94444274902344,14826700
2022-05-06,33.85288840953344,33.93530023051798,33.3584174836262,33.71553421020508,11723900
2022-05-09,33.25768097957984,33.30346453380214,32.351154729569856,32.40609359741211,12636600
2022-05-10,32.86393767990263,32.96466359979182,31.920783144688244,32.19548797607422,14857400
2022-05-11,32.36946708826899,32.94634968289935,32.1130763764606,32.222957611083984,13174400
2022-05-12,31.874998774886684,32.17717303378168,31.499568033192084,31.939096450805664,17429000
2022-05-13,32.07644419232134,33.010443304503305,32.07644419232134,32.87309265136719,8578500
2022-05-16,32.79068430091039,33.34009395719169,32.726586624112954,33.18442916870117,6732800
2022-05-17,33.49576812897544,33.743000072634786,33.34925513560395,33.73384475708008,6767700
2022-05-18,33.53238343082577,33.55985635586878,32.79068082282407,32.88224792480469,9279100
2022-05-19,32.754060447084456,33.54155028816638,32.72659100850872,33.257686614990234,8273700
2022-05-20,33.54154140784419,33.59648027045028,32.68995410684043,33.156951904296875,7641100
2022-05-23,33.50492344453015,33.907823697115695,33.28515744753493,33.73384475708008,6877400
2022-05-24,33.44082216371511,33.504919844897735,33.02876314678278,33.39503860473633,8769000
2022-05-25,33.21189891429278,33.678896777194495,33.21189891429278,33.55986022949219,6467800
2022-05-26,33.55986002060401,34.0451720016072,33.55070121356919,33.90781784057617,3989000
2022-05-27,34.14589627668875,34.4938540799087,34.081798602776594,34.44807052612305,6017100
2022-05-31,34.73193270434991,34.93338452430397,34.54879500376086,34.64036560058594,6418200
2022-06-01,34.85097560293036,34.951698028138644,34.35650481854909,34.56711196899414,3346700
2022-06-02,34.5030114577532,35.3454399903207,34.5030114577532,35.32712936401367,5070200
2022-06-03,35.07989966234271,35.16231146628955,34.75940776118871,34.81435012817383,3648600
2022-06-06,35.162308989181916,35.21724785923504,34.878445352682235,34.942543029785156,2233800
2022-06-07,34.65867879383945,35.23556137084961,34.649523480009414,35.23556137084961,2626900
2022-06-08,35.07989670757484,35.21724737387612,34.74109071262998,34.905914306640625,9586500
2022-06-09,34.6808581586599,34.7730965984151,34.14588928222656,34.14588928222656,5198600
2022-06-10,33.68471110907318,33.7769460397932,33.241977108250325,33.4172248840332,10593500
2022-06-13,32.66087978893733,32.71622284594591,32.116685376563275,32.282711029052734,11794900
2022-06-14,32.33806060407654,32.45796530729188,31.683179945688483,31.895326614379883,5967900
2022-06-15,32.218154536515996,32.45796747751818,31.51715636705628,32.18125915527344,7744600
2022-06-16,31.489483219814435,31.600165833157618,30.972962011855017,31.074419021606445,7373400
2022-06-17,30.963735638866275,31.13898339884977,30.40109346400248,30.723922729492188,5507900
2022-06-21,31.443366110743888,31.784639558199526,31.443366110743888,31.57249641418457,4842900
2022-06-22,31.09286880493164,31.406472495978356,30.843830269229507,31.09286880493164,5588900
2022-06-23,31.19432841894343,31.212776108288168,30.382647680459904,30.49333381652832,9456800
2022-06-24,30.760809771143705,31.30500417261527,30.723917919080023,31.2957820892334,7080600
2022-06-27,31.314231021330247,31.747739328262586,31.258887963226904,31.673952102661133,4911500
2022-06-28,31.86765296439816,32.17203455808532,31.535601596207417,31.627840042114258,4516400
2022-06-29,31.86765071838682,31.86765071838682,31.295786468216793,31.35112953186035,3858900
2022-06-30,31.000628033089885,31.138980403387812,30.622459257950624,31.06519317626953,5817900
2022-07-01,31.01908038972553,31.471036460029417,30.714698795876963,31.397249221801758,6846700
2022-07-05,30.733142012122148,30.816154842132047,30.032147517566898,30.622459411621094,10921800
2022-07-06,30.67780329692511,30.7515940533997,30.087491319276104,30.456438064575195,5765600
2022-07-07,30.751593767891638,31.1943277470179,30.7423716826864,31.13898468017578,8046500
2022-07-08,31.083645186355312,31.29578833181661,30.853054351914302,31.129762649536133,2495800
2022-07-11,30.834604962702322,30.88072242334021,30.62246182893868,30.687026977539062,3873300
2022-07-12,30.447210365906358,30.705474477261305,30.290410296991467,30.43798828125,5545100
2022-07-13,30.161279947072902,30.56711852342969,29.967584502802843,30.44721031188965,7778700
2022-07-14,29.69087116472926,29.764661912170183,29.202019777810882,29.56174087524414,5545200
2022-07-15,29.89379673445726,30.01370495796222,29.644758201887132,29.875349044799805,3981600
2022-07-18,30.235066349789466,30.67780028962567,30.235066349789466,30.33652687072754,3194100
2022-07-19,30.677803012102146,31.14821028391792,30.60401577484955,31.13898468017578,3336200
2022-07-20,31.046745131127487,31.32345338706254,30.91761484626022,31.258888244628906,3778000
2022-07-21,31.129766054922207,31.341909223590534,30.871505418028118,31.323461532592773,2411600
2022-07-22,31.415698288099332,31.581723979560476,30.98218636944667,31.111316680908203,1943600
2022-07-25,31.305015512304905,31.535606384277344,31.222002657653327,31.535606384277344,3233300
2022-07-26,31.397249050428503,31.471036288253416,31.065197683874093,31.148210525512695,1987600
2022-07-27,31.434142631751694,31.969111510647085,31.332682106822382,31.867650985717773,4735100
2022-07-28,31.94144419041144,32.1812571162187,31.563275352979637,32.153587341308594,2496600
2022-07-29,32.17203279269879,32.61476675314652,32.17203279269879,32.56864929199219,3522300
2022-08-01,32.33805752996762,32.47640990941877,32.09824110926033,32.245819091796875,4159200
2022-08-02,32.14436080227837,32.45796447677295,31.978335120573192,32.06134796142578,2584100
2022-08-03,32.245817427176014,32.31960817390332,32.042899910748844,32.255043029785156,1601200
2022-08-04,32.20892734080762,32.32883556465383,32.14436218609129,32.22737503051758,1315300
2022-08-05,31.793865268489114,32.08902125406791,31.738522201741755,32.06134796142578,2397700
2022-08-08,32.32882905471665,32.53175008212768,32.29193368272622,32.33805465698242,2210500
2022-08-09,32.28271727396166,32.35650803091416,32.01523105781425,32.11669158935547,1550500
2022-08-10,32.46719140939864,32.98371264603457,32.46719140939864,32.91914749145508,3227600
2022-08-11,33.168183772021564,33.38955251450347,33.03905347163078,33.10361862182617,2234700
2022-08-12,33.17741029924674,33.43567090721896,33.1036195435193,33.426448822021484,890700
2022-08-15,32.9191448827382,33.14973570754495,32.7900145838123,33.06672286987305,3512400
2022-08-16,33.177410191003744,33.46334057217245,33.04827988743892,33.44489288330078,2663500
2022-08-17,33.11284237122318,33.31575989538815,32.95603878771653,33.09439468383789,2252900
2022-08-18,33.20507793676826,33.297312856955735,33.10361741344005,33.18663024902344,1345700
2022-08-19,32.90069477306459,32.96526343631209,32.69777725477421,32.77156448364258,2200800
2022-08-22,32.46719323297651,32.46719323297651,32.236602376944774,32.4302978515625,2231000
2022-08-23,32.58709965568774,32.84536027418558,32.430296052644735,32.68855667114258,3160500
2022-08-24,32.4948591789248,32.7531197813019,32.46718940539491,32.660884857177734,1788200
2022-08-25,32.79923816107931,33.066720827244005,32.780790474009926,33.0390510559082,2048700
2022-08-26,33.066721839564956,33.11284281791865,32.23659700724812,32.245819091796875,3299600
2022-08-29,32.11668898437541,32.37494957568779,31.98755868871921,32.26426696777344,2543100
2022-08-30,32.199703107004275,32.2365984839627,31.434143387069398,31.480260848999023,3431600
2022-08-31,31.397248295117922,31.48026113475952,31.055971332959775,31.074419021606445,4984600
2022-09-01,30.816159883976294,30.843829658994512,30.43799104506694,30.770042419433594,4932300
2022-09-02,31.212770958465907,31.489479215908666,30.853049871936676,31.04674530029297,3649100
2022-09-06,31.129762812477363,31.240445428398058,30.65935905591173,30.696250915527344,4016100
2022-09-07,30.484108747406683,31.0744207426469,30.410321507270176,31.055973052978516,4531600
2022-09-08,30.81615932715982,31.397249221801758,30.797711637968668,31.397249221801758,2495700
2022-09-09,31.747747222016436,32.20892893193675,31.747747222016436,32.18125915527344,3552100
2022-09-12,32.56864789665564,32.743895648948666,32.4210699161624,32.63321304321289,2445400
2022-09-13,31.98755882055402,32.190479868013895,31.526377180717358,31.60016441345215,4710400
2022-09-14,31.61860779658365,31.978328863716484,31.59093802789226,31.766185760498047,2963600
2022-09-15,31.54482473311216,31.86765047219725,31.286560623307423,31.341903686523438,2779300
2022-09-16,31.028298872115705,31.055968643421007,30.75159060345308,30.954511642456055,3537300
2022-09-19,30.53021935428518,31.332677841186523,30.502549585266596,31.332677841186523,1315500
2022-09-20,30.97296143142563,31.028300977791744,30.548671637577026,30.74237060546875,2627400
2022-09-21,30.825381061147493,30.972962572994604,30.207399313703785,30.21662139892578,3972300
2022-09-22,30.27196176522579,30.38264437069993,29.847675512127772,29.86612319946289,2096200
2022-09-23,29.404942903073184,29.404942903073184,28.648605235520254,28.869972229003906,5337100
2022-09-26,28.722395690114958,28.952986539930954,28.178201143807712,28.344226837158203,3460000
2022-09-27,28.593263358720566,28.79618265889743,28.205870688005874,28.33500099182129,5023200
2022-09-28,28.36267312484171,29.192799791276062,28.279660282271426,29.091341018676758,3989700
2022-09-29,28.805407375112527,28.823855064578296,28.242766920554537,28.66705322265625,2991700
2022-09-30,28.528698583018773,28.98065641160111,28.344225210048304,28.371896743774414,3950500
2022-10-03,28.888417094200157,29.580189540935862,28.833075791056427,29.441835403442383,5782200
2022-10-04,29.92146020107554,30.49332790427383,29.893790431691727,30.47488021850586,3612900
2022-10-05,29.986029101188763,30.17972806676737,29.672425440890933,30.013702392578125,2157700
2022-10-06,29.672427285323828,29.829230884487995,29.202023524905233,29.312707901000977,2916400
2022-10-07,29.165127114048598,29.238916104626558,28.63937857700379,28.750062942504883,2361900
2022-10-10,28.814629592674404,28.962207581529793,28.40878924368789,28.46413230895996,3665200
2022-10-11,28.325778951278068,28.57481748958348,27.929164170119904,28.07674217224121,2555500
2022-10-12,28.039844192007514,28.205869868815952,27.846148741909936,27.99372673034668,2007300
2022-10-13,27.301951311052633,28.934534611580457,27.255832095087662,28.786954879760742,6093000
2022-10-14,28.897641241036332,29.02677153614889,28.085962335764307,28.104408264160156,3104800
2022-10-17,28.768511609834476,29.10978504315585,28.750063921744573,28.860748291015625,2225900
2022-10-18,29.349601764751124,29.41416691831645,28.79618339819785,29.11901092529297,2561900
2022-10-19,28.971431129292768,29.054443967083046,28.66705131048454,28.897642135620117,3031900
2022-10-20,28.97142991423876,29.386494085782477,28.63015649254131,28.750062942504883,1767800
2022-10-21,28.667052199815828,29.534074221818177,28.602487048257817,29.478731155395508,2593400
2022-10-24,29.460284718050108,29.524848109226806,29.072892056111083,29.414165496826172,2422300
2022-10-25,29.44183926023868,29.930692486640204,29.40494388046413,29.91224479675293,1930700
2022-10-26,29.893794440414037,30.585566916065584,29.893794440414037,30.299633026123047,3582600
2022-10-27,30.373428898602686,30.816162935419122,30.345759120844583,30.42877197265625,3376100
2022-10-28,30.299633207462676,30.54867172241211,30.170502907534104,30.54867172241211,1819900
2022-10-31,30.354975578819253,30.557896627519256,30.299632515027426,30.46565818786621,3183800
2022-11-01,30.8253803888124,31.037527048197017,30.447211569294712,30.585567474365234,4045600
2022-11-02,30.59478867854035,31.009852863265092,30.013702338462434,30.022924423217773,3385600
2022-11-03,29.64475409502838,30.01370079999115,29.497176116750577,29.829227447509766,1970100
2022-11-04,30.70547702449436,30.982185328116902,30.364200048774144,30.76081657409668,3568900
2022-11-07,30.816155048021656,30.908389962632704,30.60401192958708,30.871498107910156,1516600
2022-11-08,30.954511652386305,31.38801998330009,30.806933674483126,31.185102462768555,2841900
2022-11-09,30.954515115167894,31.092867505752356,30.42876829016569,30.456438064575195,9192900
2022-11-10,31.471037367968794,31.996784210205078,31.452589678245428,31.996784210205078,6175300
2022-11-11,32.24581603745875,32.439511461465436,32.06134269712731,32.31960678100586,3355800
2022-11-14,32.19048236383234,32.29193937689184,31.876878683687362,31.88610076904297,2776000
2022-11-15,32.2734933263935,32.338058475732986,31.895324515175062,32.10746765136719,3601100
2022-11-16,31.996785987791228,32.08902444153238,31.85843358498536,31.9691162109375,2186700
2022-11-17,31.572495014216166,31.876876589004105,31.535599638144284,31.867650985717773,2086900
2022-11-18,31.867652947744155,31.93221810057673,31.68317957456382,31.858430862426758,5483100
2022-11-21,31.61861494278067,31.73852316510442,31.29578917329788,31.692405700683594,1880200
2022-11-22,31.941439848760865,32.32883071899414,31.904544474871074,32.32883071899414,3190500
2022-11-23,32.17203527212937,32.47641335403513,32.12591780742086,32.439517974853516,2166800
2022-11-25,32.46718895344703,32.688554175678306,32.46718895344703,32.58709716796875,1133800
2022-11-28,32.29194020870485,32.47641358740147,31.97833652048171,31.996784210205078,2933600
2022-11-29,31.987561542781986,32.06134878179627,31.756970703239748,31.895326614379883,2492500
2022-11-30,32.13513252396688,32.52252336092928,31.710846316283437,32.45795822143555,6565200
2022-12-01,32.697780234242124,32.84535822396287,32.4764114903926,32.660884857177734,4395700
2022-12-02,32.32883388246138,32.651663157782046,32.310386193711324,32.46718978881836,2471800
2022-12-05,32.45796597778571,32.540978822477214,31.710853894099216,31.75697135925293,4064300
2022-12-06,31.710847760200707,31.839978045067973,31.1851010183632,31.258888244628906,3337200
2022-12-07,31.203550473759897,31.572493663079722,31.203550473759897,31.231220245361328,6236200
2022-12-08,31.471034870166324,31.62783846110118,31.36957434400908,31.4433650970459,2388300
2022-12-09,31.323456833370734,31.5632732618265,31.221996307373047,31.221996307373047,2590500
2022-12-12,31.009854362514126,31.406470878366882,31.009854362514126,31.36957550048828,4406300
2022-12-13,31.913321620057776,32.11921516924466,31.445384331962625,31.567049026489258,6226900
2022-12-14,31.529612476689543,31.660637913271643,31.173982716201028,31.40795135498047,5067900
2022-12-15,30.968087546271953,31.03359847608557,30.50950746749872,30.67796516418457,4970800
2022-12-16,30.359769021034914,30.528226725109946,30.21002923631023,30.34105110168457,2883400
2022-12-19,30.481433049744194,30.54694398100853,29.994777867439158,30.088367462158203,3234200
2022-12-20,30.079004384248854,30.490791428912004,30.079004384248854,30.359766006469727,3404000
2022-12-21,30.537582810323645,30.865137423780393,30.537582810323645,30.780908584594727,4323900
2022-12-22,30.584377446293054,30.584377446293054,29.985418366867805,30.359766006469727,1950600
2022-12-23,30.35976656982046,30.74347496032715,30.312973560261653,30.74347496032715,2260600
2022-12-27,30.865144696400378,31.033602414464678,30.668611882018155,30.911937713623047,2971500
2022-12-28,30.808983934860095,30.97744161465614,30.32233238220215,30.32233238220215,2385500
2022-12-29,30.640534925203692,30.89321791687883,30.518870231749553,30.865142822265625,1493400
2022-12-30,30.621813099175778,30.902574719727024,30.51886633862219,30.63117027282715,2552700
2023-01-03,30.593730983874558,30.94936423379473,30.35976239815184,30.453351974487305,3604500
2023-01-04,30.84642282673185,31.2114133124546,30.6686079560171,31.089752197265625,3563800
2023-01-05,30.911932870736152,30.940011532733443,30.63117124130793,30.790271759033203,2263000
2023-01-06,30.996159859392883,31.62319757862127,30.89321310175258,31.576404571533203,3061000
2023-01-09,31.80101477431063,32.063058489353686,31.74486101962518,31.772939682006836,1519600
2023-01-10,31.791651367096744,31.838444368454688,31.4734539597547,31.716779708862305,2529300
2023-01-11,31.932038617095174,32.05370330810547,31.726148643937083,32.05370330810547,1498100
2023-01-12,32.16600558738181,32.47484588623047,31.857168858611054,32.47484588623047,1207900
2023-01-13,32.1566451105902,32.615221569562586,32.1098521043796,32.577789306640625,9078600
2023-01-17,32.68073405249415,32.79304155685433,32.6058659529984,32.70881271362305,1961400
2023-01-18,32.90534960564872,33.04573221861365,32.34382629394531,32.34382629394531,2957200
2023-01-19,32.29702805477551,32.50292159122058,32.16600619342973,32.39997482299805,1844800
2023-01-20,32.40933498496772,32.85855431725621,32.21279862640321,32.84919357299805,2442900
2023-01-23,32.82111235668645,33.0925167682887,32.74624426697938,33.0644416809082,3081700
2023-01-24,32.905341188905176,33.12995259818085,32.7556014394138,33.0644416809082,1219000
2023-01-25,33.00829154687791,33.04572738086521,32.64330109069587,32.970855712890625,4159200
2023-01-26,33.26097784986681,33.335845947265625,32.97085549351212,33.335845947265625,1836600
2023-01-27,33.23290106529603,33.49494834617666,33.186108055520926,33.38264083862305,2705600
2023-01-30,33.16739123811719,33.35456685350606,32.94278335571289,32.94278335571289,1093700
2023-01-31,32.94278481472447,33.56981904845844,32.89599180132431,33.532386779785156,2244000
2023-02-01,33.44815792763363,33.663408645336844,32.98957782812464,33.532386779785156,3173900
2023-02-02,33.67276179146052,33.67276179146052,33.279696241830834,33.43879318237305,2091900
2023-02-03,33.09252401167845,33.504307520392814,33.09252401167845,33.24226379394531,1766900
2023-02-06,33.055088436778604,33.08316353052779,32.764966044417456,32.87727355957031,1295300
2023-02-07,32.83048028523095,33.36392848268652,32.74625143457596,33.24226379394531,2230900
2023-02-08,33.139315811408416,33.26098049569691,32.93342227954755,33.02701187133789,1603000
2023-02-09,33.392001931537095,33.40135910555877,32.78368208787101,32.83047866821289,3759700
2023-02-10,32.99893713507712,33.260984453191384,32.94278694339988,33.21419143676758,947400
2023-02-13,33.242260407558206,33.4668682730387,33.14867082187662,33.43879318237305,1977700
2023-02-14,33.17675088159703,33.60725228365247,33.03636828219391,33.38264083862305,1863900
2023-02-15,33.14867606959542,33.298419430391604,32.95214326366775,33.289058685302734,2173900
2023-02-16,32.88663590037557,33.167397592207216,32.76497119155304,32.914710998535156,2008400
2023-02-17,32.68073565346283,32.83047899994539,32.53099587705816,32.74625015258789,1259900
2023-02-21,32.55907302831394,32.56843020199584,32.13792881107411,32.156646728515625,2371800
2023-02-22,32.10049826399128,32.25023805811179,31.941401294647484,32.00691223144531,3011200
2023-02-23,32.14729236016367,32.259599887085436,31.782301822863953,32.03498840332031,2046800
2023-02-24,31.669996623437108,31.950758289568917,31.445385148484693,31.91332244873047,2481500
2023-02-27,32.14728277004132,32.33445835566129,32.02562167395409,32.08177185058594,1991600
2023-02-28,32.04434792384374,32.04434792384374,31.8103792734859,31.86652946472168,3186600
2023-03-01,31.932042141660748,32.09114268901651,31.801020261531583,32.044349670410156,1834900
2023-03-02,31.819732147899735,32.203440539821294,31.772939138168383,32.17536544799805,1137300
2023-03-03,32.203439185608715,32.643301312757586,32.14728543424578,32.605865478515625,2287800
2023-03-06,32.52164111556893,32.596512794364585,32.37190132805576,32.43741226196289,2277700
2023-03-07,32.343827608708644,32.343827608708644,31.65127883071634,31.726150512695312,2298000
2023-03-08,31.557691177290497,31.95075677725453,31.557691177290497,31.735506057739258,2254900
2023-03-09,31.829090792377432,32.00690923568103,31.202056578836032,31.239492416381836,1749100
2023-03-10,31.248848846074235,31.3611527859575,30.696682750704507,30.76219367980957,4226900
2023-03-13,30.462715003083954,30.958730927820323,30.256825035721253,30.640533447265625,6019300
2023-03-14,30.96808845656723,31.230132183524372,30.68732681053058,30.930652618408203,3014800
2023-03-15,30.16323628146614,30.303618891826922,29.835679832356053,30.247465133666992,4319500
2023-03-16,30.050933671806547,30.687328678945164,29.882475959912313,30.603099822998047,2576200
2023-03-17,30.453358367976367,30.472076287173167,30.097725043393236,30.284900665283203,2905000
2023-03-20,30.481429902006894,30.734116426537042,30.443994067985177,30.70604133605957,1586200
2023-03-21,30.97744296693569,31.052314636814607,30.75283509745438,30.81834602355957,2421600
2023-03-22,30.818347515613816,31.20205591712601,30.59373606518034,30.621814727783203,2133600
2023-03-23,30.855783186409305,31.0429552290063,30.341049359033953,30.48143196105957,4633000
2023-03-24,30.312970452407043,30.528221130371094,29.99477302192162,30.528221130371094,1757000
2023-03-27,30.70604637867089,30.930654279531517,30.59373885816236,30.87450408935547,1483000
2023-03-28,30.85578415073511,31.10847070023163,30.846423406265988,31.061674118041992,1996100
2023-03-29,31.31435550949138,31.45473809278075,31.286280420864465,31.445377349853516,12234700
2023-03-30,31.716783244450795,31.744858334379764,31.557686308083223,31.707426071166992,1546800
2023-03-31,31.726145987868847,32.00690761509079,31.726145987868847,31.988189697265625,1572200
2023-04-03,32.250234381755,32.577792598482546,32.250234381755,32.56843185424805,3043000
2023-04-04,32.605864721054935,32.68073281772195,32.315742367536025,32.493560791015625,4123700
2023-04-05,32.43741019163343,32.46548528435083,32.1660057284389,32.297027587890625,2059600
2023-04-06,32.19408411386109,32.34382389052695,32.0911373480137,32.28767013549805,2067100
2023-04-10,32.04434321499192,32.353179931640625,32.03498247110931,32.353179931640625,752100
2023-04-11,32.39998139963344,32.746257612138756,32.39998139963344,32.65266799926758,1352600
2023-04-12,32.886634373462904,33.0082990766366,32.71817665216962,32.783687591552734,1000500
2023-04-13,32.87727600639089,33.2422665326062,32.87727600639089,33.21419143676758,1684900
2023-04-14,33.27970459755836,33.35457271482354,33.00830008605515,33.1767578125,2001200
2023-04-17,33.09252349135638,33.25162044560427,33.01765181636117,33.23290252685547,1149000
2023-04-18,33.36392380386742,33.41071680987413,33.251616305358304,33.3171272277832,2012400
2023-04-19,33.10187718961398,33.23289903701884,33.08315927283077,33.1486701965332,2662600
2023-04-20,32.99893569946289,33.20482924686423,32.95214268507481,32.99893569946289,3977200
2023-04-21,32.91470549265254,32.99893434312032,32.783683629719995,32.96150207519531,1131500
2023-04-24,32.96149853943261,33.03636663732957,32.88662687145803,32.970855712890625,805900
2023-04-25,32.65266223650623,32.74625183286008,32.31574682978847,32.32510757446289,1270400
2023-04-26,32.33446456210302,32.54035810281298,32.14728894055562,32.23151779174805,1392200
2023-04-27,32.33446509370743,32.66202332932023,32.33446509370743,32.61522674560547,1588300
2023-04-28,32.47484610227969,32.97085844849395,32.47484610227969,32.94278335571289,1873300
2023-05-01,32.90534511444471,33.14867089761749,32.886627197265625,32.886627197265625,1405500
2023-05-02,32.6620245964141,32.67138177147319,32.11921562095242,32.362545013427734,1304700
2023-05-03,32.30638946839823,32.58715111568032,32.222160617205795,32.23151779174805,2749600
2023-05-04,32.31574522797356,32.51228158553578,32.25023429881211,32.28767013549805,1664800
2023-05-05,32.71817765271601,33.25162592976518,32.652666711329516,33.1767578125,1470400
2023-05-08,33.401353892917676,33.485582726279276,33.19546396587166,33.2609748840332,897300
2023-05-09,33.06444839827216,33.26098119001765,32.98021954894153,33.23290252685547,1193300
2023-05-10,33.36393381122899,33.448162675336135,32.839842704553554,33.092529296875,2264800
2023-05-11,32.783680288416406,32.783680288416406,32.530993762766805,32.6994514465332,3648200
2023-05-12,32.82111839741116,32.886629326741094,32.43740999558818,32.56843185424805,1165300
2023-05-15,32.67138047877384,32.99893514405546,32.67138047877384,32.980220794677734,1096000
2023-05-16,32.924060003941335,32.961495834856926,32.43740491227071,32.44676208496094,914500
2023-05-17,32.624583395636606,32.671376403400224,32.27831085409263,32.605865478515625,1798300
2023-05-18,32.48420004763377,32.512278707701775,32.250231444173295,32.493560791015625,1098700
2023-05-19,32.69009573420499,32.69009573420499,32.44676637118714,32.549713134765625,946300
2023-05-22,32.52164016421488,32.690097866499066,32.502922245063516,32.59651184082031,1773900
2023-05-23,32.50291813628066,32.55907188663619,32.203438607873025,32.2221565246582,999000
2023-05-24,32.006910596112036,32.006910596112036,31.632559344898375,31.64192008972168,1611300
2023-05-25,31.763574535948624,31.763574535948624,31.21140852000192,31.34243392944336,1776100
2023-05-26,31.50153616051343,31.660636685152543,31.454743148588268,31.613840103149414,1183400
2023-05-30,31.698070492834024,31.72614915741582,31.28628696977516,31.370515823364258,1134100
2023-05-31,31.11782864690984,31.202057498832417,31.005524701039093,31.127185821533203,2433100
2023-06-01,31.19270133806005,31.69807089594339,31.136547578260487,31.567049026489258,2200300
2023-06-02,31.903963131598612,32.250235710910594,31.838452199568724,32.23151779174805,1694800
2023-06-05,32.25958808050931,32.268945252622316,31.98818367822969,32.02561950683594,1107100
2023-06-06,32.0349808814515,32.34382115285251,31.93203412431783,32.31574249267578,674000
2023-06-07,32.31196674418436,32.60502566679982,32.20797797789457,32.283607482910156,2456000
2023-06-08,32.33087297514102,32.38759149568021,32.11344356524342,32.27415084838867,1068600
2023-06-09,32.321420965277056,32.44431711670321,32.16071366482354,32.2363395690918,1434000
2023-06-12,32.207978570342696,32.27415258534192,32.047271278548386,32.255245208740234,2131900
2023-06-13,32.472673587140484,32.671199231973794,32.45376981735944,32.491580963134766,1016600
2023-06-14,32.6901021772795,32.79408732183444,32.359228551544795,32.51993942260742,1505300
2023-06-15,32.39704312959712,32.95479802117982,32.39704312959712,32.86971664428711,1613400
2023-06-16,32.96425338608664,33.0682421472947,32.822453480431825,32.831905364990234,1364200
2023-06-20,32.623925264605504,32.67119550230155,32.283603354198604,32.38758850097656,1086100
2023-06-21,32.30251253665229,32.5955714709139,32.255245897245814,32.47267532348633,1006700
2023-06-22,32.3781370698103,32.3781370698103,32.22688168322175,32.321414947509766,1075200
2023-06-23,31.98109227966105,32.0850774254454,31.87710352766391,31.96218490600586,1153600
2023-06-26,31.962189767687295,32.46322262401576,31.962189767687295,32.35923385620117,1101200
2023-06-27,32.34977508390785,32.605019203417775,32.29305296639034,32.576656341552734,950600
2023-06-28,32.397047689376606,32.538847600013845,32.30251080940521,32.491580963134766,1212500
2023-06-29,32.37814008088834,32.69955825805664,32.37814008088834,32.69955825805664,1075600
2023-06-30,32.85081285536563,33.15332364927771,32.85081285536563,33.07769775390625,1903900
2023-07-03,33.049333525120225,33.32348504774169,33.020974266301785,33.27621841430664,1144400
2023-07-05,33.115512162319924,33.115512162319924,32.869723470371575,32.8980827331543,2598200
2023-07-06,32.54830014920686,32.57665940752838,32.14180061760483,32.217430114746094,1942600
2023-07-07,32.14180339053564,32.633384345724714,32.14180339053564,32.45376968383789,1265100
2023-07-10,32.38759058027255,32.529394090038885,32.34032394575479,32.406497955322266,1043500
2023-07-11,32.47267426916609,32.62392967408391,32.43486312259662,32.56721115112305,795000
2023-07-12,32.8791706352436,33.0776962648596,32.84135949236656,33.030426025390625,1068300
2023-07-13,33.19114026964526,33.644906486072905,33.19114026964526,33.58818435668945,1057300
2023-07-14,33.701629535499464,33.701629535499464,33.30458183140268,33.31403732299805,2712900
2023-07-17,33.23840528423093,33.446382808932036,33.228953399568674,33.36130142211914,571900
2023-07-18,33.26676009149682,33.66380771221442,33.247852718490016,33.63544845581055,656800
2023-07-19,33.73944193388217,33.890697349093955,33.720534556204,33.85288619995117,1086900
2023-07-20,33.93795795793015,33.947409840978096,33.67325835182472,33.72998046875,1020100
2023-07-21,33.79615911656724,33.90014787545845,33.70162584823688,33.84342575073242,910500
2023-07-24,33.84342439188211,34.15539065602997,33.84342439188211,34.04194641113281,1314000
2023-07-25,33.966320836750825,34.08921696675966,33.928506088099965,33.93796157836914,678900
2023-07-26,33.862330004525525,34.00413350016396,33.75834125521903,33.91905212402344,894600
2023-07-27,34.06085618931492,34.08921905564752,33.550371476098974,33.60708999633789,1679900
2023-07-28,33.82452392578125,33.975779343655766,33.72053514982747,33.82452392578125,1892600
2023-07-31,33.900146271355624,34.259379165196094,33.900146271355624,34.108123779296875,1075100
2023-08-01,33.74889305071296,33.81506706090114,33.569274789162364,33.67326354980469,1459100
2023-08-02,33.370752362941786,33.399115228552645,32.88862692211365,33.00206756591797,1594800
2023-08-03,32.803546105101894,32.95480150152822,32.72791660378218,32.831905364990234,1258000
2023-08-04,32.86971792603586,33.276217453017644,32.70900704954376,32.91698455810547,1198300
2023-08-07,32.983156726164594,33.10605284766713,32.92643821332702,33.039878845214844,2177600
2023-08-08,32.633383333345634,32.84136085576176,32.44431318625944,32.831905364990234,1392200
2023-08-09,32.803550592243276,32.98316527312713,32.73737657264324,32.90753936767578,1154400
2023-08-10,33.115505181985476,33.33293456531971,32.89807579865125,32.97370529174805,1045300
2023-08-11,32.83190227850479,33.17222779002375,32.803543021282465,33.04933166503906,1044400
2023-08-14,32.964251644411476,32.964251644411476,32.72791487459393,32.85081100463867,734800
2023-08-15,32.66174396308891,32.68065133921183,32.10398898920924,32.14180374145508,2059700
2023-08-16,32.07562602717957,32.21742952863324,31.99054464754993,32.037811279296875,1081100
2023-08-17,32.236334035771904,32.33087090764704,31.839289992535107,31.88655662536621,815400
2023-08-18,31.631312480622732,31.962186122866324,31.631312480622732,31.88655662536621,1355900
2023-08-21,31.999995977950476,32.06616998249424,31.706940702460333,31.83928871154785,777800
2023-08-22,31.96218714885438,31.96218714885438,31.62186161160527,31.65022087097168,1185600
2023-08-23,31.612404039229443,32.09453305398696,31.593496665492598,31.999996185302734,914300
2023-08-24,31.89600822067399,32.00944884685841,31.725845478291124,31.763656616210938,738700
2023-08-25,31.86765033430548,31.924372459358782,31.44224341193832,31.773117065429688,902800
2023-08-28,31.85820342293023,32.13235499416302,31.848747930838833,32.06617736816406,619100
2023-08-29,32.018907266593516,32.605025101665404,31.943281369102024,32.5955696105957,1421100
2023-08-30,32.794086316493356,32.888623180753456,32.67119380227418,32.75627517700195,795900
2023-08-31,32.91698640624744,33.002067791234815,32.68064962641728,32.794090270996094,1151200
2023-09-01,32.973710382886566,33.07769914884417,32.86026612572557,33.02097702026367,733400
2023-09-05,32.95480336485439,32.99261811765237,32.69955919278802,32.70901107788086,855400
2023-09-06,32.5483014650886,32.68064948422355,32.2552425611376,32.406497955322266,805500
2023-09-07,32.264696993158196,32.39704500795078,32.14180086247382,32.15125274658203,685300
2023-09-08,32.217430360191265,32.35923025909206,32.132348978365606,32.15125274658203,880500
2023-09-11,32.43486244136516,32.5766623520024,32.28360703962417,32.491580963134766,538800
2023-09-12,32.453769700469195,32.69955837508308,32.42540683347331,32.5955696105957,613400
2023-09-13,32.62392968719207,32.822455336274786,32.55775567290227,32.70901107788086,1738300
2023-09-14,32.992619126810524,33.361303962334624,32.9548043728559,33.31403732299805,2093700
2023-09-15,33.25731439122826,33.42747717371315,33.24785889986058,33.3423957824707,1222300
2023-09-18,33.427474399080154,33.465289148985406,33.17223024653925,33.24785614013672,873800
2023-09-19,33.3802131283306,33.44638714819111,32.90753949720495,32.945350646972656,2130000
2023-09-20,33.02097470774612,33.26676336862203,32.841360055806526,32.86026382446289,1498900
2023-09-21,32.53884490685158,32.671196527857106,32.14180086247382,32.15125274658203,1199900
2023-09-22,32.368683513911854,32.453764889861475,32.08507652327133,32.09453201293945,1279200
2023-09-25,32.000002758156484,32.29306170195315,31.933828739591675,32.2363395690918,1229500
2023-09-26,31.943278546228,32.12289319233406,31.725849151611328,31.725849151611328,1609400
2023-09-27,31.8392913008919,31.896013426347835,31.347710365579665,31.565139770507812,1311600
2023-09-28,31.5651384734166,31.99999726540345,31.5651384734166,31.88655662536621,1741100
2023-09-29,32.14179968894141,32.27414769890183,31.612404042886947,31.631311416625977,1799200
2023-10-02,31.508421803269012,31.517873687904057,30.81831521987738,30.903396606445312,2607900
2023-10-03,30.695422726467868,30.771048622281025,30.374004555282383,30.534711837768555,2092300
2023-10-04,30.534712124777418,30.544167615726153,30.08094592699391,30.449630737304688,3200200
2023-10-05,30.449627991942474,30.742686879306834,30.383453986120333,30.704872131347656,1297100
2023-10-06,30.67651410370563,31.092465529298963,30.307829311850387,30.97902488708496,1744300
2023-10-09,30.903393313900548,31.39497420545034,30.856126683334995,31.328800201416016,1619700
2023-10-10,31.413880752279173,31.716391507393592,31.376066006336707,31.584043502807617,1261800
2023-10-11,31.650220306310676,31.83929044654405,31.59349818237677,31.820383071899414,1079700
2023-10-12,31.896014004659207,31.896014004659207,31.224814796340095,31.394977569580078,1148100
2023-10-13,31.669126061832127,31.725848182866045,31.30989317437624,31.366615295410156,1651900
2023-10-16,31.536775363842104,31.80147136034324,31.376064504386065,31.763656616210938,1076300
2023-10-17,31.470603426557698,31.971636197392858,31.470603426557698,31.78256607055664,1422700
2023-10-18,31.697485884132966,31.706941374246856,31.196453094482422,31.196453094482422,1952800
2023-10-19,31.158638279803164,31.39497504516492,31.016838384313818,31.073556900024414,1402700
2023-10-20,31.04519765055457,31.10191977249334,30.695420247464288,30.704872131347656,1596600
2023-10-23,30.581980262739663,30.92230582934372,30.38345821762508,30.638702392578125,1401100
2023-10-24,30.685965427941966,30.761594925513037,30.3172806428153,30.430721282958984,1491200
2023-10-25,30.222746067681168,30.53471053783229,30.166025746682738,30.241653442382812,2598700
2023-10-26,30.137666292652728,30.317282755688936,29.98641089318221,30.08094596862793,2079900
2023-10-27,30.213293395873542,30.222747083542124,29.693353195847372,29.7595272064209,1610800
2023-10-30,30.024225644603135,30.26056062855755,29.863516557277386,30.08094596862793,1543000
2023-10-31,30.071491698587177,30.09039907393159,29.87296966679049,30.00531768798828,1296600
2023-11-01,30.09985231907799,30.34564098251559,29.9958635593191,30.31728172302246,1910000
2023-11-02,30.922301266985237,31.536778294493587,30.875034635533705,31.508419036865234,5494900
2023-11-03,31.73530268029681,32.07562822210371,31.706943420550598,31.95273208618164,2477900
2023-11-06,32.075631875527925,32.13235400769411,31.735306294957844,31.792028427124023,1086000
2023-11-07,31.527322736455886,31.536778226453485,31.31934883727529,31.385522842407227,2075600
2023-11-08,31.376069371076085,31.470606246070297,31.14918808351607,31.281536102294922,3534400
2023-11-09,31.41388192649869,31.79202218763255,31.338256037999596,31.366615295410156,2195700
2023-11-10,31.34770971737961,31.489513224980744,31.111372942186396,31.470605850219727,1017700
2023-11-13,31.39497465420729,31.744755659060168,31.338256139203,31.631311416625977,1598800
2023-11-14,32.10398669101129,32.4064974748959,32.03781268242484,32.33087158203125,3131100
2023-11-15,32.39704721412683,32.60502474079973,32.368687953658046,32.41595458984375,2075500
2023-11-16,32.25524219371531,32.387590211342676,32.08507942641927,32.22688293457031,1251000
2023-11-17,32.37813926776407,32.64283531070942,32.37813926776407,32.586116790771484,1040200
2023-11-20,32.52939306919159,32.69955583308587,32.41595242866638,32.6428337097168,1552800
2023-11-21,32.671194803847854,32.76572806479334,32.51048393278523,32.51993942260742,1964000
2023-11-22,32.34031924769534,32.56720410911944,32.25523787543787,32.538841247558594,1530200
2023-11-24,32.57665866270921,32.83190280040582,32.57665866270921,32.737369537353516,837000
2023-11-27,32.605020938791085,32.63338019595295,32.4915766977181,32.5577507019043,1185200
2023-11-28,32.56721483447413,32.75628501355856,32.36869276923164,32.67120361328125,4030800
2023-11-29,32.6901021094692,32.88862412077058,32.59556524250707,32.76572799682617,1357600
2023-11-30,32.8413560463797,33.07769279407433,32.77517843930963,33.0682373046875,1808000
2023-12-01,33.00206998082602,33.569276847565696,33.00206998082602,33.55037307739258,1982300
2023-12-04,33.13441479877322,33.51255507743548,33.13441479877322,33.38020706176758,1375000
2023-12-05,33.25731531504847,33.370755971118435,33.18168580685954,33.21004867553711,1283800
2023-12-06,33.28567017242866,33.493647686210686,33.01151865084562,33.030426025390625,2282300
2023-12-07,33.16277555787525,33.16277555787525,32.89807593713491,33.01151657104492,1019700
2023-12-08,32.99261591250401,33.27621932710682,32.98316042182984,33.14387130737305,922200
2023-12-11,33.06824515078957,33.219500560954,32.973711871766845,33.21004867553711,1538300
2023-12-12,33.12496081116767,33.14386818452146,32.84135742328627,33.01151657104492,2168600
2023-12-13,33.05878861215064,33.84342481499469,32.898077732976894,33.8339729309082,3476700
2023-12-14,34.127028853446156,34.35391374408634,34.127028853446156,34.29719161987305,2878700
2023-12-15,34.297192164784576,34.335006914860905,33.9852294921875,33.9852294921875,2249800
2023-12-18,34.15539228462844,34.287740303772864,34.0514035249541,34.12702941894531,1488600
2023-12-19,34.240468999873,34.665872258764026,34.240468999873,34.609153747558594,1398200
2023-12-20,34.70113362754894,34.777776967195514,34.14545388250941,34.164615631103516,2592300
2023-12-21,34.42329541755185,34.66281180445119,34.37539287111799,34.64365005493164,2943200
2023-12-22,34.80651959329399,35.08435579652293,34.79693689213423,34.90232467651367,1632700
2023-12-26,34.998134197648106,35.30471488850243,34.998134197648106,35.28555679321289,1611800
2023-12-27,35.34303717660869,35.43884592342165,35.18974683643794,35.323875427246094,3110900
2023-12-28,35.34303423448949,35.410098524310825,35.12267961725801,35.16100311279297,1685700
2023-12-29,35.23764697396236,35.266391423406546,35.01729235344892,35.141841888427734,1606700
2024-01-02,34.97896767645935,34.97896767645935,34.70113147589673,34.777774810791016,2249300
2024-01-03,34.54784443865139,34.81610161840085,34.43287394327593,34.662811279296875,9582000
2024-01-04,34.605324462231124,34.9119051265354,34.605324462231124,34.72029495239258,4039600
2024-01-05,34.7586111574866,35.19932401419948,34.681967826794846,34.8448371887207,5759200
2024-01-08,34.68197175423612,35.13226005302388,34.65322730408341,35.113101959228516,1096200
2024-01-09,34.92148852275984,34.95022931850703,34.63406960109829,34.825679779052734,1733000
2024-01-10,34.90232467651367,34.99812975973335,34.86400118133394,34.90232467651367,876600
2024-01-11,34.94064888851697,34.998130477736176,34.394551862556106,34.73945236206055,1651800
2024-01-12,35.113099725064764,35.20890480686507,34.72987208840432,34.787357330322266,1274700
2024-01-16,34.49993635775313,34.6244858935895,34.32748793354939,34.46161651611328,1884600
2024-01-17,34.02090869903725,34.097555703225275,33.80055404409215,34.011329650878906,2536700
2024-01-18,34.12629179229668,34.222100534308126,33.9538397114059,34.1741943359375,2348600
2024-01-19,34.202942677469046,34.586166724928084,34.03049057695689,34.57658767700195,4033400
2024-01-22,34.63406772572651,34.72029376302898,34.384968660306185,34.4903564453125,2413800
2024-01-23,34.50952439616389,34.7011382529156,34.49994169322462,34.672393798828125,7107100
2024-01-24,35.01729697620845,35.01729697620845,34.54784687849334,34.57658767700195,2349400
2024-01-25,34.7586191103231,34.83526611328125,34.61491146187197,34.83526611328125,1263800
2024-01-26,34.940650939941406,35.00771523445442,34.79693964899639,34.940650939941406,1242600
2024-01-29,34.90232500002653,35.18016486056045,34.72029387833001,35.16100311279297,3194500
2024-01-30,35.06519522507317,35.30471159588577,34.91190489394229,35.26639175415039,2471800
2024-01-31,35.28555443938706,35.37177682662863,34.80652168504119,34.825679779052734,3085800
2024-02-01,34.86400410648722,35.13226128579332,34.7873607644269,35.0651969909668,2344100
2024-02-02,34.978969062043504,34.978969062043504,34.6149068110976,34.8640022277832,2745300
2024-02-05,34.6436478375484,34.69155038091623,34.23167938607136,34.31790542602539,4122300
2024-02-06,34.384973302896064,34.64365144972967,34.31790900424255,34.59574890136719,1829300
2024-02-07,34.65322771099569,34.739453753006664,34.528681826214175,34.691551208496094,1274500
2024-02-08,34.65323186442391,34.76820237070514,34.41371545843349,34.681976318359375,1485300
2024-02-09,34.72987503139987,34.87358632100798,34.59574644362159,34.81610107421875,1478800
2024-02-12,34.78735732448912,35.10351701816081,34.78735732448912,34.921485900878906,4366100
2024-02-13,34.365807141186956,34.39455159029876,33.58019375375214,33.81013107299805,2569600
2024-02-14,34.164619909094164,34.42329806541073,34.07839385698865,34.41371536254883,2917000
2024-02-15,34.605323391725136,35.19932660832793,34.59574434520624,35.16100311279297,2306400
2024-02-16,35.084356644269114,35.32387301283542,35.036454101501796,35.141841888427734,1931100
2024-02-20,35.1131011048304,35.18016539567182,34.95022807369427,35.007713317871094,1961100
2024-02-21,34.96939121135188,34.98855296017227,34.816100875518714,34.95981216430664,1898200
2024-02-22,35.237646440061965,35.362195973153675,35.141841355978926,35.29513168334961,1538900
2024-02-23,35.33345879202878,35.50591088479674,35.27597354286277,35.438846588134766,1397100
2024-02-26,35.371778499282215,35.505910746814976,35.22807085902076,35.30471420288086,3126700
2024-02-27,35.32387457748269,35.37177712237182,35.11310264902456,35.21848678588867,1503800
2024-02-28,34.93106632563533,35.16100364761288,34.93106632563533,35.007713317871094,1900000
2024-02-29,35.18017057028877,35.32387821977403,35.0939445187055,35.22807312011719,3016200
2024-03-01,35.2951320045748,35.697517747061376,35.23764676076398,35.553810119628906,1978800
2024-03-04,35.429266829403296,35.59213988820692,35.40052602979751,35.46759033203125,1700800
2024-03-05,35.458008683761506,35.66878429975473,35.35262453049537,35.42926788330078,1731400
2024-03-06,35.79332977552207,35.88913486927984,35.63045673045778,35.70710372924805,2501300
2024-03-07,35.99451619399786,36.24361524055204,35.93703095524011,36.205291748046875,2717000
2024-03-08,36.339421368210196,36.43522644751489,35.9561937415324,36.032840728759766,1528200
2024-03-11,35.850814384608675,36.14781604780099,35.822073585010514,36.13823699951172,1195800
2024-03-12,36.14781325976629,36.26278010402204,35.946620368636204,36.234039306640625,2641300
2024-03-13,36.329843128045965,36.63642745986855,36.329843128045965,36.550201416015625,1311700
2024-03-14,36.502294052611944,36.502294052611944,36.023261303077774,36.186134338378906,1593000
2024-03-15,36.11906728169215,36.3202601439644,36.0711647413506,36.14780807495117,1500100
2024-03-18,36.24362480434546,36.24362480434546,36.07117269729577,36.13823699951172,2401700
2024-03-19,36.023266491658354,36.27236560394361,35.98494664377093,36.13823699951172,1459300
2024-03-20,36.07116932861968,36.674747992195165,36.00410503266685,36.65558624267578,3620800
2024-03-21,36.799295446008095,36.84719798972003,36.57894082114934,36.59810256958008,1118600
2024-03-22,36.54061649219248,36.59810173617564,36.176550589758534,36.224456787109375,1275000
2024-03-25,36.22446078469496,36.42565367874429,36.195716332166384,36.21487808227539,994700
2024-03-26,36.329847203139934,36.38733245706661,36.13823699951172,36.13823699951172,1039100
2024-03-27,36.195716621845754,36.50229731658314,36.18613757407966,36.47355651855469,1487400
2024-03-28,36.54061507630999,36.770552388603285,36.54061507630999,36.67474365234375,1274300
2024-04-01,36.73223445482875,36.74181350254003,36.47355630986226,36.61726760864258,1968900
2024-04-02,36.569358659201114,36.569358659201114,36.3106841883936,36.4448127746582,1868600
2024-04-03,36.34900349471031,36.75139290229616,36.320262699429115,36.59810256958008,2247000
2024-04-04,36.837619670662725,36.97174825759802,36.33942516581028,36.43523025512695,1805300
2024-04-05,36.35858756048731,36.8184585758902,36.25319976752895,36.684329986572266,2177100
2024-04-08,36.82803622752478,36.86635972437193,36.56935810590123,36.73223114013672,1364200
2024-04-09,36.79929817729494,37.00049106865573,36.53104098881389,36.904685974121094,1380800
2024-04-10,36.45439392401581,36.559781720652936,36.186136736015925,36.368167877197266,2656100
2024-04-11,36.34900390192645,36.406489147862665,35.89871560031393,36.176551818847656,2025900
2024-04-12,36.052003541127064,36.17654941695837,35.45800033674705,35.592132568359375,1663900
2024-04-15,35.85081055797499,35.95619835155987,35.22807015319246,35.333457946777344,2561600
2024-04-16,35.10352378102367,35.275975885242715,34.88316912668384,35.0843620300293,2453600
2024-04-17,35.28555837274946,35.48675127486699,34.98855671624481,35.22807312011719,3014300
2024-04-18,35.314296905069654,35.53465154392126,35.12268306332433,35.30471420288086,3198100
2024-04-19,35.37177534159284,35.707100448394705,35.31429375251174,35.553810119628906,1403100
2024-04-22,35.68793954276729,35.95619671075643,35.448423169997035,35.79332733154297,1485700
2024-04-23,35.764588730327574,36.195715303977934,35.735844278615524,36.11907196044922,1294100
2024-04-24,35.96577941231593,36.090325294751,35.6112925492105,35.79332733154297,2819900
2024-04-25,35.44842315673828,36.00410289562773,35.33345632117591,35.92745590209961,1844000
2024-04-26,35.97535877359553,36.12864910731916,35.898715434098634,36.052005767822266,1522900
2024-04-29,36.128655351218455,36.19571965539225,35.93704148726598,36.09991455078125,1393400
2024-04-30,35.802906787671645,35.869971080435604,35.352618486932144,35.37177658081055,3439900
2024-05-01,35.285553671486205,35.84122975397499,35.19932763139125,35.39093780517578,2728200
2024-05-02,35.62087197419706,35.90829086413727,35.419679116711855,35.77416229248047,1861000
2024-05-03,36.17655323187311,36.17655323187311,35.783746506124245,35.99452209472656,1974900
2024-05-06,36.301099242931414,36.53103655855126,36.21487320641518,36.521453857421875,953900
2024-05-07,36.58852495056136,36.636431155657824,36.34900854400032,36.416072845458984,1499700
2024-05-08,35.994520832286916,36.329842298093475,35.91787749212965,36.31068420410156,1332200
2024-05-09,36.349001258520516,36.73222889409947,36.349001258520516,36.67474365234375,1692400
2024-05-10,36.85678471735007,36.94301076734237,36.56936211422222,36.588523864746094,1240400
2024-05-13,36.69391394115411,36.71307569286646,36.46398023006676,36.51188278198242,879200
2024-05-14,36.6460028643236,36.67474365784097,36.41606555199584,36.54061508178711,1159700
2024-05-15,36.693904876708984,36.799292657727904,36.46397122242183,36.693904876708984,2857200
2024-05-16,36.67474312973013,36.7609691637702,36.56935534871121,36.693904876708984,1708400
2024-05-17,36.67474672684252,36.98132739911497,36.655584977984255,36.97174835205078,857900
2024-05-20,36.90468699875267,37.13462069391178,36.90468699875267,37.000492095947266,615500
2024-05-21,36.96217122367993,37.038814568361616,36.75139563002762,36.904685974121094,1219300
2024-05-22,36.63642277063843,36.82803292824897,36.47354975099409,36.57893753051758,1358300
2024-05-23,36.751395402577046,36.933426542958316,36.1190722802636,36.243621826171875,4341700
2024-05-24,36.40649167087833,36.71307236099153,36.40649167087833,36.62684631347656,958600
2024-05-28,36.62684111706882,36.76096969312268,36.4448100002428,36.54061508178711,1358700
2024-05-29,36.16697755442845,36.23404185619068,35.73584728972098,35.74542999267578,4019400
2024-05-30,35.75500602818021,36.262779600089324,35.75500602818021,36.11907196044922,2473000
2024-05-31,36.36816730934507,36.674747992195165,36.08074837601436,36.65558624267578,2309100
2024-06-03,36.62684270326709,36.741809537045036,36.1573926667481,36.349002838134766,2238500
2024-06-04,36.080743268412114,36.12864580806446,35.75500088215484,36.032840728759766,3478900
2024-06-05,36.13823368841647,36.27236228055909,36.05200764279193,36.25320053100586,1804200
2024-06-06,36.16697428247495,36.43523146525521,36.16697428247495,36.39691162109375,1221900
2024-06-07,36.11906694680075,36.18613123360302,35.869967891767004,35.889129638671875,1372900
2024-06-10,35.79333025348699,36.042425693421535,35.755006753580105,35.956199645996094,1195900
2024-06-11,35.72313779868461,35.75215206071536,35.51038744832542,35.67478561401367,1480100
2024-06-12,36.35172264936132,36.35172264936132,35.800499698247705,35.887535095214844,2572000
2024-06-13,35.73280936089928,35.800503155184224,35.32664290615451,35.39433670043945,2417200
2024-06-14,35.200931368078145,35.33631896972656,34.96883570165553,35.33631896972656,1737700
2024-06-17,35.229937612995315,35.30730036627081,34.99784197509882,35.278289794921875,1089600
2024-06-18,35.27828760643977,35.48136897135421,35.22993542751273,35.31697082519531,1072000
2024-06-20,35.31697735677172,35.46203392037983,35.191258717082995,35.33631896972656,1243900
2024-06-21,35.20092846059729,35.326643400866914,35.11389305400708,35.2879638671875,1378300
2024-06-24,35.45236168077722,35.91654928167191,35.45236168077722,35.85852813720703,2153800
2024-06-25,35.665115189959536,35.84885495978748,35.61676300727166,35.80050277709961,1072800
2024-06-26,35.52972687820645,35.73280825477481,35.452360436255645,35.71346664428711,1061200
2024-06-27,35.781157732909705,36.01325335219034,35.71346394583509,35.99391174316406,1190300
2024-06-28,36.10029020874832,36.21633617856598,35.73280700045171,35.868194580078125,1927800
2024-07-01,35.887537449641414,36.080949865483426,35.70379399452576,35.71346664428711,1453300
2024-07-02,35.70379708309574,36.10029459884027,35.70379708309574,36.09062194824219,1536600
2024-07-03,36.40974953922413,36.75788745777606,36.36139366892098,36.58382034301758,2293300
2024-07-05,36.80624537722109,36.80624537722109,36.36139569329641,36.3807373046875,992400
2024-07-08,36.380738925153004,36.429091111266835,36.216340754558914,36.4194221496582,1224900
2024-07-09,36.361388748803,36.448424138922825,36.24534279165472,36.303367614746094,2050700
2024-07-10,36.5257964750587,36.893279702648364,36.4290884209377,36.86426544189453,2390100
2024-07-11,36.9513017313369,37.18339737775259,36.9513017313369,37.11570358276367,2214700
2024-07-12,37.31878552465426,37.473514728228764,37.173725282350254,37.33812713623047,2912000
2024-07-15,37.338125713902095,37.463844339840854,37.1930654771239,37.328453063964844,1774500
2024-07-16,37.31878501641714,37.74428939819336,37.26076018247872,37.74428939819336,957700
2024-07-17,37.541204530986086,37.69593371810211,37.35746477410918,37.4735107421875,1470000
2024-07-18,37.56054756305693,37.56054756305693,37.086687334485234,37.18339538574219,1581600
2024-07-19,36.91261850876175,37.2801017451553,36.91261850876175,37.11570358276367,1283200
2024-07-22,37.21240632226907,37.38647712720714,37.00932494618632,37.376808166503906,1136900
2024-07-23,37.16405324558598,37.299440826380334,37.125370025634766,37.125370025634766,837700
2024-07-24,37.03833825374337,37.18339849825389,36.7772320270456,36.796573638916016,1629100
2024-07-25,36.46777450565806,37.01899754580135,36.46777450565806,36.74822235107422,3117800
2024-07-26,37.009327459656795,37.15438401426664,36.893281478161875,37.067352294921875,1415200
2024-07-29,37.14471542694276,37.14471542694276,36.81591540186686,36.960975646972656,1516800
2024-07-30,37.00932623992613,37.21240762310803,36.960974056649746,37.08668899536133,1616000
2024-07-31,37.44450401328637,37.85066678773992,37.34779595577229,37.63791275024414,2687700
2024-08-01,37.42516311308124,37.66692772790859,36.5934922478295,36.796573638916016,3618100
2024-08-02,36.313044024280444,36.43876265558771,35.665116634149214,35.97457504272461,4664200
2024-08-05,34.65937086249018,35.510383229938256,34.5626665046361,35.31697082519531,6610400
2024-08-06,35.28796192087007,36.003583056443595,35.16224329849933,35.81984329223633,4040800
2024-08-07,36.41941956918857,36.44843014099428,35.71346737264741,35.80050277709961,2203900
2024-08-08,36.032597282676896,36.52579917252983,35.87786807369144,36.4194221496582,1863700
2024-08-09,36.49678494112086,36.62249987461115,36.27435826702426,36.58382034301758,1372500
2024-08-12,36.64184331053682,36.7869035506037,36.55480790430372,36.65151596069336,1663800
2024-08-13,36.70953623889185,37.173723831498606,36.70953623889185,37.16405487060547,2054500
2024-08-14,37.14471381872026,37.41548899622327,37.14471381872026,37.386478424072266,1917300
2024-08-15,37.60889982663937,37.937699823564124,37.60889982663937,37.811981201171875,3394800
2024-08-16,37.84099942671603,38.0053975978892,37.77330562811115,37.97638702392578,1509600
2024-08-19,37.99572449583715,38.3535350621915,37.99572449583715,38.24715805053711,1559400
2024-08-20,38.34386789700552,38.34386789700552,38.02473684709945,38.150455474853516,1338000
2024-08-21,38.34386683315816,38.41156062567793,38.208475559083595,38.33419418334961,1475900
2024-08-22,38.33420038146773,38.343873032840214,38.07309412994485,38.16012954711914,1085700
2024-08-23,38.49860056283643,38.98212981722959,38.44057572425648,38.88542175292969,3141800
2024-08-26,39.00146634238464,39.17553345734667,38.99179369269871,39.04014587402344,1202400
2024-08-27,38.846730752324056,39.09816798014506,38.81772018335806,39.02080154418945,829500
2024-08-28,38.96278565252475,38.96278565252475,38.614644021917336,38.730690002441406,1337100
2024-08-29,38.91443110309551,39.146523050038624,38.81772305100672,38.90475845336914,1603400
2024-08-30,38.85640715946722,39.175534516062804,38.74036118334474,39.15619659423828,1730900
2024-09-03,38.769372466416016,38.769372466416016,38.34386808680351,38.47925567626953,3124700
2024-09-04,38.36320802116743,38.769374499904416,38.34387009797382,38.57596206665039,3693600
2024-09-05,38.71135004036528,38.827399714869514,38.4309058829018,38.46958541870117,1690100
2024-09-06,38.51793887840458,38.72102026249661,37.79264505890293,38.01506805419922,2416800
2024-09-09,38.295506797528844,38.5372713699603,38.295506797528844,38.44056701660156,1724500
2024-09-10,38.3535350621915,38.3535350621915,37.908689094395825,38.24715805053711,1503000
2024-09-11,38.305185614496345,38.730690002441406,37.92803341101671,38.730690002441406,3081500
2024-09-12,38.8273958637413,39.1078399933887,38.65332505828568,39.06916046142578,1375500
2024-09-13,39.22388567591897,39.37861485517363,39.11750867348741,39.20454406738281,848600
2024-09-16,39.41729898666191,39.494665429841994,39.146523813601746,39.45598220825195,1499000
2024-09-17,39.56235828806765,39.61071046939489,39.23355829039347,39.339935302734375,1540300
2024-09-18,39.43664072911468,39.65906372044738,39.12718233343136,39.15619659423828,1543900
2024-09-19,39.9008298120795,39.9008298120795,39.43664220122707,39.794456481933594,2236500
2024-09-20,39.63972566124259,39.804123819426756,39.475323814023376,39.75577163696289,887500
2024-09-23,39.920167843354065,40.08456968253529,39.813790833713554,39.98786163330078,1548500
2024-09-24,40.20061946865347,40.33600706139867,40.0845734875912,40.287654876708984,1962000
2024-09-25,40.33600891440686,40.33600891440686,40.01688152956631,40.05556106567383,2062900
2024-09-26,40.18127785697056,40.44238408113709,40.18127785697056,40.287654876708984,1037000
2024-09-27,40.39402639035573,40.4036953503616,40.055553765594574,40.08456802368164,2191900
2024-09-30,40.08457365939196,40.2006196409516,39.8137947837058,40.15226745605469,2472700
2024-10-01,40.19094779440062,40.345676988384355,39.95885215890753,40.268310546875,3591600
2024-10-02,40.33600653495161,40.49073573736026,40.12325618728669,40.22962951660156,1557200
2024-10-03,40.01688152956631,40.12325855419162,39.77511690597619,40.05556106567383,3424400
2024-10-04,39.99753936613699,40.31666674658242,39.99753936613699,40.297325134277344,2289400
2024-10-07,40.248971098142526,40.248971098142526,39.83313567528398,40.06523132324219,1371100
2024-10-08,40.01687421436503,40.01687421436503,39.70741584786241,39.7847785949707,2761700
2024-10-09,39.73642949689728,40.026546276851306,39.70741892561237,39.997535705566406,1705600
2024-10-10,39.75577271995786,40.0652311229987,39.68807892485737,40.03622055053711,839400
2024-10-11,40.03622078036713,40.37468975781256,40.03622078036713,40.22962951660156,1576200
2024-10-14,40.17160598270597,40.345676786194694,40.123253801522424,40.23929977416992,1212900
2024-10-15,40.084572039125526,40.16193479402644,39.91050122930459,40.113582611083984,1326200
2024-10-16,40.161937881107704,40.49073791503906,40.161937881107704,40.49073791503906,1642700
2024-10-17,40.51007331814577,40.56809814666389,40.374685740638306,40.500404357910156,1428600
2024-10-18,40.59711127622161,40.73249886226583,40.461723690177394,40.65513610839844,1070100
2024-10-21,40.55843351911959,40.79052919006159,40.35535211269255,40.39403533935547,1386600
2024-10-22,40.37468901825089,40.48106603465238,40.161934985447914,40.4423828125,1309900
2024-10-23,40.28765504938014,40.403701030939786,39.9491860660665,40.15226745605469,2359100
2024-10-24,40.31666619778004,40.365022072402176,39.77511581675096,40.07490158081055,2100600
2024-10-25,40.20061671455306,40.23929993526875,39.79445396414325,39.80412292480469,1765900
2024-10-28,39.736431307238576,40.10391454607442,39.70742073463199,40.06523132324219,979500
2024-10-29,39.96852822354085,40.10391581871482,39.76544314174461,39.91050338745117,2360300
2024-10-30,39.74610371658391,40.00720995980086,39.67840991527235,39.871822357177734,1914800
2024-10-31,39.755771606452576,39.83313436052838,39.165865389354956,39.29158401489258,2073000
2024-11-01,39.484997937280184,39.63972714035916,39.29158551117266,39.330265045166016,1644200
2024-11-04,39.6203862102767,39.80412598926963,39.41730113040158,39.55269241333008,1622500
2024-11-05,39.73642949689728,40.01687731610134,39.63005248347263,39.997535705566406,1705800
2024-11-06,39.9201723249236,40.22963073914507,39.62038656122889,40.21029281616211,1523900
2024-11-07,40.461720827572805,40.85821459680885,40.413368648697144,40.77117919921875,3051500
2024-11-08,40.52941968994474,40.52941968994474,40.27798611489186,40.31666564941406,1819900
2024-11-11,40.616456551581,40.74217518812294,40.49073791503906,40.49073791503906,1165600
2024-11-12,40.77117993287499,40.935581770852295,40.61645074426775,40.85821533203125,2800600
2024-11-13,40.66480709070502,40.8001946834794,40.53908845925657,40.7518424987793,1733600
2024-11-14,40.98393774775767,41.05163154348049,40.65513773037462,40.69382095336914,1252500
2024-11-15,40.56809940478429,40.57776836531976,40.21995780094843,40.34567642211914,1819700
2024-11-18,40.45205711026042,40.742173910150164,40.44238445981078,40.64546585083008,1622300
2024-11-19,40.46172553121458,40.887229919433594,40.374690123506696,40.887229919433594,1535600
2024-11-20,40.78084726919051,40.84854474498043,40.558424299989845,40.81953048706055,1369100
2024-11-21,41.04196056708255,41.525489807128906,40.87756239620374,41.525489807128906,5089400
2024-11-22,41.60285276197036,41.65120494410674,41.39009873372827,41.554500579833984,1201100
2024-11-25,41.62219877005702,41.7382447572517,41.40944471933726,41.47713851928711,1618300
2024-11-26,40.95492498669102,41.27405605453684,40.848551653111066,41.19668960571289,2821400
2024-11-27,41.34174671622537,41.554500745314705,41.225700740828934,41.41911315917969,1780300
2024-11-29,41.5641692128235,41.83494438187958,41.51581703106849,41.82527542114258,1586800
2024-12-02,41.84461576806726,41.85428472851228,41.36108658704827,41.680213928222656,2396100
2024-12-03,41.80593434267076,41.854286525041125,41.50614490951845,41.58351135253906,2075000
2024-12-04,41.74790787900903,41.84461592900571,41.49647432708747,41.54482650756836,1056200
2024-12-05,41.631866999901106,41.902645883974955,41.631866999901106,41.85429000854492,1498000
2024-12-06,41.77692667725853,41.844620475093144,41.4481266496181,41.46746826171875,1524700
2024-12-09,41.68988980768685,41.83494635981008,41.28372334586443,41.29339599609375,2008900
2024-12-10,41.29339583999751,41.33207906269821,41.119325026879515,41.12899398803711,1153700
2024-12-11,41.27405097653605,41.50614291638269,41.16767396700848,41.35141372680664,1733200
2024-12-12,41.177344307007935,41.28371762153469,40.76150894165039,40.76150894165039,2225500
2024-12-13,40.91624199051145,40.91624199051145,40.56810037832103,40.626121520996094,2286000
2024-12-16,40.626119851754574,40.64546146152989,40.423038482666016,40.423038482666016,3024900
2024-12-17,40.26625068916899,40.305449688595594,40.10945842968493,40.17805480957031,2645700
2024-12-18,40.256450359876794,40.256450359876794,38.8943132493202,39.05110549926758,5405100
2024-12-19,39.23730034937356,39.403890485767995,38.84531784057617,38.84531784057617,5617700
2024-12-20,38.67872788697888,39.47248705062268,38.600329889559994,39.1295051574707,3835700
2024-12-23,39.060909449942095,39.482289347752655,38.93351457105877,39.345096588134766,1532300
2024-12-24,39.55088243810076,39.64887619018555,39.30589431966675,39.64887619018555,639400
2024-12-26,39.45288791770944,39.70767767346507,39.45288791770944,39.60968017578125,912800
2024-12-27,39.43329197381125,39.62927949182683,39.20789959929322,39.413692474365234,2959400
2024-12-30,39.30589634355297,39.45288697924881,38.94331495630327,39.28629684448242,1126800
2024-12-31,39.296097053772435,39.511687818103205,39.25690179153065,39.492088317871094,3154600
2025-01-02,39.59987896852443,39.75667121342486,39.374490350118926,39.541080474853516,2282700
2025-01-03,39.766477753718696,39.85466989780838,39.570486488778144,39.776275634765625,1381200
2025-01-06,40.33484722800222,40.34464510878631,39.90366944727748,40.00166320800781,3114300
2025-01-07,40.23685244585548,40.315246704805226,39.658680300489856,39.766475677490234,3594100
2025-01-08,39.6880782760934,39.98206329345703,39.54108389830042,39.98206329345703,3077300
2025-01-10,39.7958692333642,39.825266610367805,39.14910077173168,39.21769714355469,2555600
2025-01-13,39.002110357902495,39.227498993594104,38.982510858509016,39.04130935668945,2767200
2025-01-14,39.12950417611162,39.29609430911531,38.98250980374891,39.26669692993164,1524800
2025-01-15,39.756672394830574,39.86446776731948,39.50188639112942,39.68807601928711,2436400
2025-01-16,39.658682534394146,39.67828203479115,39.45288964933681,39.599884033203125,2747900
2025-01-17,39.66847942509839,39.91346756661077,39.59988304453271,39.73707580566406,1313300
2025-01-21,39.96246676951736,40.45244308101501,39.93306938705873,40.403446197509766,3397500
2025-01-22,40.54063746261887,40.54063746261887,40.236854553222656,40.236854553222656,1080400
2025-01-23,40.26624651693861,40.64842737619204,40.26624651693861,40.6190299987793,2123100
2025-01-24,40.74642894993452,40.815025329589844,40.62883195204911,40.815025329589844,1405200
2025-01-27,40.29564486297012,40.51123560443775,40.236850106731346,40.48183822631836,1966900
2025-01-28,40.55043751225616,40.64843127183808,40.403443134660975,40.53083801269531,2084600
2025-01-29,40.54063664303846,40.7268300231984,40.43284126257162,40.658233642578125,1887200
2025-01-30,40.932615450116906,41.30499843841787,40.66802783249954,40.942413330078125,3062500
2025-01-31,40.95221504013059,41.255997916496355,40.36424130914342,40.39364242553711,7129400
2025-02-03,39.35489366878173,40.01146381131936,39.02170965724523,39.766475677490234,10942800
2025-02-04,40.10945729554682,40.73662631574919,40.10945729554682,40.49163818359375,2522600
2025-02-05,40.71702395585521,40.932614693235934,40.56023171182067,40.90321731567383,1753600
2025-02-06,41.00121224131634,41.10900761309575,40.71702512266555,40.962013244628906,2147800
2025-02-07,41.06001346785096,41.089410848211145,40.72682945028695,40.815025329589844,2056900
2025-02-10,41.14821110837178,41.24620487258161,41.050213605939476,41.177608489990234,1312300
2025-02-11,41.069808399273946,41.32459439995108,40.87381715509504,41.226600646972656,1426100
2025-02-12,40.88362222405027,41.25600150737607,40.82482372436718,41.11880874633789,1202700
2025-02-13,41.13840818389729,41.66758346557617,41.13840818389729,41.66758346557617,1963400
2025-02-14,41.72638053111283,41.75577791078831,41.3245964050293,41.3245964050293,994600
2025-02-18,41.23640403854644,41.62838280553896,41.138406543131644,41.58918380737305,1196700
2025-02-19,41.334395458159,41.44219082790803,41.18740109246088,41.383392333984375,1823300
2025-02-20,41.45199044837426,41.54018632385212,41.20700232073821,41.37359619140625,619700
2025-02-21,41.37359587779934,41.37359587779934,40.58963088472863,40.71702575683594,2188000
2025-02-24,40.766024948177076,40.8640224469842,40.41324516713847,40.550437927246094,2266600
2025-02-25,40.68762810902673,40.775823983253105,40.109455986481,40.521034240722656,1784900
2025-02-26,40.5014401405341,40.8150246532542,40.40344264392015,40.59943389892578,2503400
2025-02-27,40.481841187375295,40.52103644832742,39.98206329345703,39.98206329345703,3839600
2025-02-28,39.903672004600104,40.47204258206163,39.85467138287226,40.403446197509766,2564600
2025-03-03,40.766023198863415,40.90321969130614,39.413691417356226,39.63908004760742,4156100
2025-03-04,39.29609586898262,39.50188874610383,38.60033045372124,38.972713470458984,8461900
2025-03-05,39.23730148511253,39.9428647878595,39.23730148511253,39.91346740722656,5994900
2025-03-06,39.423487640949226,40.09965350328723,39.32549388868762,39.5606803894043,5165700
2025-03-07,39.335297617507244,39.805674427104364,38.992315695370564,39.65868377685547,4963000
2025-03-10,39.15890318876346,39.20790006885415,38.561131532278985,38.884517669677734,3773900
2025-03-11,38.9237164099455,39.11970392900368,38.296547377225785,38.68852615356445,9554100
2025-03-12,38.90411659915737,39.276499611188946,38.659128464072275,39.04130935668945,4377900
2025-03-13,38.95311394811565,39.08050882659791,38.37494179281599,38.51213455200195,2162000
2025-03-14,38.85511571936356,39.33529032128835,38.73751873511015,39.30589294433594,2152100
2025-03-17,39.38429130724905,39.92326819579042,39.38429130724905,39.874267578125,1625000
2025-03-18,39.85466656659038,39.85466656659038,39.38428981298255,39.70767593383789,2763800
2025-03-19,39.82526833524718,40.31524457704544,39.77627145871176,40.21725082397461,2440500
2025-03-20,39.77627310186479,40.33484574153161,39.77627310186479,40.20745086669922,4760300
2025-03-21,39.89386526854375,40.089856515651284,39.70767563981375,40.06045913696289,2991100
2025-03-24,40.285847177436565,40.85421767374611,40.285847177436565,40.677825927734375,3023400
2025-03-25,40.87382125854492,41.07961040339266,40.785625376721256,40.87382125854492,2459800
2025-03-26,40.87382032775374,41.07960946791518,40.42304304790801,40.550437927246094,3042700
2025-03-27,40.42304229736328,40.550437174336,40.19765366162527,40.42304229736328,2468700
2025-03-28,40.31524838963094,40.374046889967204,39.717476719990664,39.756675720214844,2342400
2025-03-31,39.364693035488735,40.03106108371974,39.21770239257514,39.933067321777344,3278500
2025-04-01,39.87426514028442,40.383840879427545,39.52148538692877,40.30544662475586,2337700
2025-04-02,39.893866318892904,40.78562296539988,39.85466732079492,40.7562255859375,2884400
2025-04-03,40.01146073483924,40.59943071553124,39.727273624275256,39.805667877197266,5674400
2025-04-04,38.57092824291186,38.74731997936959,37.2283944605141,37.63997268676758,5385900
2025-04-07,36.268040361670586,38.20834960031569,35.964257479287795,37.032405853271484,6066800
2025-04-08,38.14954982505825,38.16914932297754,36.11124690011624,36.42483139038086,6468800
2025-04-09,36.37583871054637,38.953115041773536,36.07205580331187,38.7473258972168,6514600
2025-04-10,38.19854632906271,38.335739074940804,37.287190244904544,37.96335983276367,6524600
2025-04-11,38.31614527574237,39.28629999737156,38.19855201010392,39.070709228515625,6271300
2025-04-14,39.521484644763156,39.81546963614988,39.22749591515445,39.629276275634766,2883800
2025-04-15,39.648879511263736,40.01146464843685,39.54108413200807,39.71747589111328,1966800
2025-04-16,39.74687553643318,40.207450678604225,39.62927854257393,40.0114631652832,2478400
2025-04-17,40.11925450051904,40.46224012269508,39.92326698867235,40.27604675292969,2470300
2025-04-21,40.26624791902574,40.35444379255692,39.61947942587105,39.95266342163086,1350600
2025-04-22,40.32504755921063,40.756225320817,40.26624906244614,40.56023406982422,1704900
2025-04-23,40.93261783344451,41.17760596718198,40.58963220327868,40.68762969970703,2722600
2025-04-24,40.87381887806791,41.24620188388285,40.756225621892426,41.21680450439453,1413900
2025-04-25,41.07960759663205,41.265800966772815,40.981613840511145,41.19720458984375,1515500
2025-04-28,41.207003408548005,41.56958480031881,41.207003408548005,41.52058792114258,1890800
2025-04-29,41.4617948168856,41.647984460478256,41.305002554327984,41.5989875793457,1208100
2025-04-30,41.305002554327984,41.70678296077077,40.93261952892026,41.5989875793457,2181200
2025-05-01,41.47158987245754,41.80477387497119,41.45199037369531,41.4617919921875,773800
2025-05-02,41.85377196307223,42.02036583825761,41.75577820464949,41.98116683959961,2223000
2025-05-05,41.85377211742918,42.04976337321975,41.74597673983325,41.80477523803711,2296200
2025-05-06,41.81457345557304,42.00076683227447,41.71657969599925,41.91257095336914,1508000
2025-05-07,41.92237124132213,42.21636001336967,41.843976976805976,42.03016662597656,1942000
2025-05-08,42.030161222210545,42.13795659300585,41.834169978784715,41.95176696777344,1101800
2025-05-09,42.14775523209797,42.1967558475035,41.81457123373971,41.990962982177734,1037000
2025-05-12,42.46134248859311,42.520137244565234,42.05955838559946,42.21635437011719,1596200
2025-05-13,42.27515180606654,42.61813743660917,42.27515180606654,42.52994155883789,1560600
2025-05-14,42.54953426064691,42.60833275434095,42.35354675811076,42.56913375854492,3659500
2025-05-15,42.60833502404064,42.99051590785528,42.57893764473865,42.95132064819336,1061300
2025-05-16,42.90232119914499,43.05911345672575,42.85332431956769,43.01011657714844,983200
2025-05-19,42.7749294945005,43.28450152123583,42.7749294945005,43.166908264160156,2529700
2025-05-20,43.12770828590393,43.372696413208644,43.12770828590393,43.304100036621094,2248200
2025-05-21,43.117911046014505,43.411896055501984,43.04931466840817,43.059112548828125,3302900
2025-05-22,43.01991853255922,43.30410193161978,42.91212315371244,43.11791229248047,1280800
2025-05-23,43.07871454897754,43.69608572150045,43.01991978659983,43.54909133911133,1703400
2025-05-27,43.7842816933271,44.137065221208516,43.7842816933271,43.92147445678711,4595500
2025-05-28,43.74508145324734,44.04886809103073,43.74508145324734,43.862674713134766,1155700
2025-05-29,44.25465380170705,44.284051179845726,43.72547856587859,43.88227081298828,1912700
2025-05-30,43.87247278990974,44.117460908858384,43.70587892514921,44.05866241455078,1716000
2025-06-02,44.12726180508767,44.51924431748801,44.05866542615095,44.480045318603516,2738400
2025-06-03,44.42125146611366,44.499645727262106,44.215458586876466,44.43104934692383,2551000
2025-06-04,44.51924530682038,44.57804380645377,44.32325404626478,44.34285354614258,1628200
2025-06-05,44.538840485410056,44.60743685921574,44.34284924387009,44.41144561767578,2066800
2025-06-06,44.49964481804576,44.70543395485591,44.42125055849907,44.480045318603516,2069700
2025-06-09,44.53884389478491,44.58784077436503,44.27425625918552,44.391849517822266,1651900
2025-06-10,44.47024826729689,44.60744102772876,44.372250768258155,44.51924514770508,1030700
2025-06-11,44.65643303584903,44.901421149382635,44.587836663117365,44.74462890625,2007900
2025-06-12,44.89162637611172,45.09741550854707,44.80343049960768,45.077816009521484,2112400
2025-06-13,44.96022415161133,45.18561279008065,44.79363027382477,44.96022415161133,3503700
2025-06-16,45.2917000774403,45.46927620166084,45.12399138418882,45.14371871948242,2145800
2025-06-17,45.12398971405496,45.18317924438957,44.74910638087322,44.837894439697266,1638600
2025-06-18,45.01546684998588,45.01546684998588,44.68004574019973,44.70964050292969,1473500
2025-06-20,44.877354043566164,44.877354043566164,44.453144871831846,44.49260330200195,1968000
2025-06-23,44.34462581245574,44.80829341531234,44.34462581245574,44.71950912475586,1983900
2025-06-24,44.85762239678823,45.10425545810627,44.719508484581624,45.00559997558594,3195900
2025-06-25,44.877352939483664,44.89708027242243,44.610988784948624,44.70964050292969,1882900
2025-06-26,45.035199050497866,45.30155944824219,44.897081373287236,45.30155944824219,1702300
2025-06-27,45.25223223299218,45.360751380175756,44.71950769013374,44.96614074707031,7997600
2025-06-30,45.153583930260666,45.5876567884997,45.05492844203219,45.57779312133789,2929900
2025-07-01,45.54819340238188,45.66657998516091,45.370621054857295,45.56792449951172,3431900
2025-07-02,45.53832699486168,45.725766761331556,45.30155760687501,45.70603942871094,2990100
2025-07-03,45.814556164825255,46.06118922640806,45.72576811212257,46.04145812988281,1757600
2025-07-07,45.84415494862212,45.94280666848028,45.479135305838774,45.55805969238281,3482300
2025-07-08,45.617254941145326,45.73563776272299,45.29169747765422,45.38048553466797,2097200
2025-07-09,45.46927346188436,45.56792518569712,45.36075430769711,45.50873565673828,1060200
2025-07-10,45.57779083055538,45.804692797093445,45.37061996067131,45.78496170043945,1727800
2025-07-11,45.5383304212177,45.65671324245742,45.400216502551025,45.50873565673828,2597700
2025-07-14,45.50873353427652,45.85401831483963,45.449540244756335,45.81455612182617,1218600
2025-07-15,45.98227169502903,46.0020027928808,45.39035004944214,45.41994857788086,2258000
2025-07-16,45.498869602177706,45.84415817260742,45.27196761988957,45.84415817260742,3258800
2025-07-17,45.50873441659451,46.10065226998498,45.50873441659451,46.0809211730957,2319300
2025-07-18,46.24863494096562,46.33742299785199,45.90334638048664,45.96253967285156,1827100
2025-07-21,46.12038336687425,46.31769057244505,46.06119007620643,46.0809211730957,1170700
2025-07-22,46.100654497653075,46.455806732177734,46.051328634707346,46.455806732177734,1525400
2025-07-23,46.534725189208984,46.59391847997555,46.4163423709978,46.534725189208984,1648900
2025-07-24,46.37687984747827,46.564323385245615,46.29795922367248,46.33742141723633,1455800
2025-07-25,46.130247576715504,46.39661174287351,46.120383909815715,46.37688064575195,1827400
2025-07-28,46.24863481079536,46.31769177003238,46.051327600122995,46.090789794921875,1630700
2025-07-29,46.14011616190603,46.278230081892154,46.03159700668205,46.159847259521484,1889600
2025-07-30,46.090788398033425,46.169709021917285,45.597522267963114,45.755367279052734,3043500
2025-07-31,45.65671141224097,45.95267409845923,45.449540542545705,45.55805969238281,4079100
2025-08-01,45.36075342440324,45.41007928534911,45.04506339836328,45.24237060546875,5102100
2025-08-04,45.558064234996344,45.9822734466639,45.52846946875236,45.95267868041992,4713300
2025-08-05,46.00199945436973,46.32755313699226,45.982268357949906,46.29795837402344,2974700
2025-08-06,46.830688171065574,47.13651076695723,46.741900116024325,47.08718490600586,3450100
2025-08-07,47.22529925939895,47.22529925939895,46.55445700694552,46.70243835449219,1547700
2025-08-08,46.7714953131281,46.91947666067477,46.67284359031165,46.70243835449219,922500
2025-08-11,46.69257532242244,46.79122704658027,46.58405616785561,46.643245697021484,1101600
2025-08-12,46.702439021231505,46.97866685971867,46.702439021231505,46.870147705078125,3027100
2025-08-13,47.03786002205797,47.14637917639816,46.90960977026301,46.99839782714844,2814200
2025-08-14,46.84055112797452,46.84055112797452,46.55445587014213,46.69257354736328,1160900
2025-08-15,46.74190004180645,46.80108956952533,46.55445650183814,46.63338088989258,1907900
2025-08-18,46.64324620129961,46.712303161621094,46.544594476075225,46.712303161621094,1513300
2025-08-19,46.60378523493722,46.732031718090596,46.34728474198671,46.36701583862305,3613400
2025-08-20,46.38674829063866,46.54459330501957,46.32755499900007,46.47553634643555,1673100
2025-08-21,46.347286761225966,46.643245697021484,46.27822980165108,46.643245697021484,1226400
2025-08-22,46.61365040169089,47.45220133745071,46.61365040169089,47.38314437866211,2986900
2025-08-25,47.24503188537122,47.343687374701936,46.909610748291016,46.909610748291016,1191200
2025-08-26,46.90960820512173,47.39301066832964,46.90960820512173,47.3732795715332,2748500
2025-08-27,47.32395622758541,47.748165422960724,47.32395622758541,47.71856689453125,1098000
2025-08-28,47.93560422509565,47.93560422509565,47.6100467622984,47.80735397338867,3048700
2025-08-29,47.74816468836408,48.182237544323,47.738297257932025,48.132911682128906,2339300
2025-09-02,47.797490177065924,47.9947973876226,47.491663812536984,47.935604095458984,2831700
2025-09-03,47.96519707596755,48.27102342912226,47.96519707596755,48.211830139160156,3173000
2025-09-04,48.25129089775015,48.45846176147461,48.08358222616039,48.45846176147461,1522800
2025-09-05,48.67550205361458,48.83334706531302,48.280887642707526,48.507789611816406,1365600
2025-09-08,48.84321443652787,48.84321443652787,48.36967936551804,48.636043548583984,1265100
2025-09-09,48.73469556111379,48.82348361579688,48.566983118569304,48.6064453125,1609900
2025-09-10,48.6656369457938,48.9024025746696,48.62617475320722,48.75442123413086,1379300
2025-09-11,48.77415326332632,49.24768829345703,48.724827403310556,49.24768829345703,1453500
2025-09-12,49.109579145184696,49.17863610857173,48.88267715643838,48.932003021240234,1426000
2025-09-15,49.1391744718114,49.464728168941676,48.93199983183176,49.454864501953125,1550600
2025-09-16,49.50419219312813,49.62257501797599,49.20823324934739,49.405540466308594,1384000
2025-09-17,49.297017284379876,49.681764256217676,49.050384224143144,49.306880950927734,1265000
2025-09-18,49.41540048468758,49.56338182731166,49.18849851910003,49.504188537597656,1946800
2025-09-19,49.55351729411301,50.1454389358894,49.45486556881132,50.046783447265625,2622600
2025-09-22,50.01718707310631,50.26382014174754,49.93826268474656,50.19476318359375,1980700
2025-09-23,50.4117989699192,50.4117989699192,49.83961219346812,49.8494758605957,3459100
2025-09-24,49.84947268339859,50.056647313093904,49.55351376524762,49.56338119506836,1323300
2025-09-25,49.3068814590152,49.435131705389985,49.0898431595074,49.375938415527344,1663600
2025-09-26,49.40553728441337,49.5831096285878,49.30688180062546,49.346343994140625,1113400
2025-09-29,49.592974815562464,49.81001310675743,49.592974815562464,49.78041458129883,1888600
2025-09-30,49.711360462252806,49.948129862814845,49.504189588837235,49.869205474853516,1202300
2025-10-01,49.81001827548022,50.1158408848206,49.81001827548022,49.888938903808594,2118800
2025-10-02,50.01718767169879,50.036918769024865,49.4548645695328,49.908668518066406,1106600
2025-10-03,50.0073233267784,50.56964646363918,50.0073233267784,50.54991912841797,2837100
2025-10-06,50.7866802642587,50.79654769431335,50.45125914551697,50.60910415649414,943500
2025-10-07,50.579513318339245,50.70776357574951,50.1848988786102,50.25395584106445,1035700
2025-10-08,50.47099071000734,50.52031657077194,50.25395240665677,50.45125961303711,822200
2025-10-09,50.54991665295973,50.5893750847921,49.73109303845445,49.8494758605957,1166700
2025-10-10,49.908671424776415,50.14544084315685,49.18850326538086,49.18850326538086,1845800
2025-10-13,49.61270958481936,49.948130712718545,49.553516292841145,49.908668518066406,1043500
2025-10-14,49.13917516442616,50.06651417062304,49.07011820456693,49.8494758605957,2093500
2025-10-15,50.11584043675462,50.55978072751429,49.95799541818697,50.273685455322266,1135300
2025-10-16,50.44139650950774,50.54004823213861,49.78041792525054,49.938262939453125,1046400
2025-10-17,49.65217004683879,49.83960981991266,49.33647626395992,49.602840423583984,1436000
2025-10-20,49.869206194958124,50.086244501663835,49.869206194958124,50.03691864013672,2120500
2025-10-21,49.61270849952676,49.61270849952676,49.198362991387214,49.316749572753906,1080400
2025-10-22,49.17862961717483,49.63243729808876,49.17862961717483,49.52391815185547,1526300
2025-10-23,49.69162907540845,50.00731909876843,49.69162907540845,49.8988037109375,816200
2025-10-24,49.89880340919765,50.184894903853795,49.88893597915873,50.15530014038086,2068700
2025-10-27,50.19476416171022,50.30328331615852,49.800149738865834,50.10597610473633,1638900
2025-10-28,50.16516522944244,50.71762466430664,50.16516522944244,50.71762466430664,3631400
2025-10-29,50.79654860242013,50.79654860242013,49.89880438081535,50.06651306152344,1883000
2025-10-30,49.839613199960525,50.21449653485418,49.77055623870672,49.98759078979492,1133200
2025-10-31,49.93826167425046,50.155299974526024,49.8100151907439,50.05664825439453,1697500
2025-11-03,49.95799602449247,50.01718931841951,49.48446096304256,49.98759078979492,969200
2025-11-04,49.29701758321618,49.48445735533648,48.99119123187287,49.050384521484375,2941000
2025-11-05,49.15890539056309,49.6817662954634,49.13917429333565,49.58311080932617,1657200
2025-11-06,49.44499866103013,49.583112583241494,48.981331031223704,49.07998275756836,1660500
2025-11-07,49.0010570797412,49.444997363284635,48.64590861622849,49.42526626586914,2529000
2025-11-10,49.908669054295764,50.22435908826072,49.83961209457356,50.204627990722656,1826000
2025-11-11,50.17503161822065,50.4117972544462,50.0665124668998,50.35260772705078,1657200
2025-11-12,50.441398200056526,51.11224047373136,50.43153076946953,51.05304718017578,1621000
2025-11-13,51.01358565577998,51.01358565577998,49.810018777555115,49.9579963684082,1986700
2025-11-14,49.42526657291827,50.24409018579879,49.336478515658,50.204627990722656,1210200
2025-11-17,50.05665132714532,50.244091112229995,49.44499858215339,49.66203689575195,1283800
2025-11-18,49.405539336735515,50.03691940591824,49.385808239158294,49.8494758605957,1606700
2025-11-19,49.81001645269739,50.135570148036855,49.60284181385738,49.938262939453125,884200
2025-11-20,50.3131437683813,50.559776826069445,49.21809239011446,49.237823486328125,2789200
2025-11-21,49.375940648502706,49.85934312927094,49.070118045353254,49.750823974609375,2057100
2025-11-24,49.790285764243876,50.42166582623733,49.62257331840822,50.36247253417969,1904200
2025-11-25,50.411796703406054,50.91493026069909,50.26381912321308,50.865604400634766,2359600
2025-11-26,50.99385100612573,51.61536738172432,50.99385100612573,51.54631042480469,1654700
2025-11-28,51.74361657458069,52.0494391594731,51.635097426397515,51.99024963378906,910400
2025-12-01,51.81267407478754,51.96065165387512,51.447658197051936,51.47725296020508,1407500
2025-12-02,51.59563492340331,51.59563492340331,51.1911568592672,51.43778991699219,2417000
2025-12-03,51.63510118657178,51.84227206819618,51.50685093271387,51.76335144042969,1114500
2025-12-04,51.8718678726387,52.43419095798907,51.85213677590267,52.35526657104492,3088200
2025-12-05,52.53284157932616,52.759743542060775,52.43418986103174,52.572303771972656,2119900
2025-12-08,52.611768391592165,52.64136315578133,52.21715397356734,52.23688507080078,962600
2025-12-09,52.1480957002994,52.66109292547062,52.1480957002994,52.35526657104492,1208000
2025-12-10,52.207288318510436,53.12476367279166,52.207288318510436,52.996517181396484,1552000
2025-12-11,53.06557024321796,53.43058611932253,52.99651328728796,53.35166549682617,4691200
2025-12-12,53.47991273839816,53.58843188877862,52.71041878235045,53.164222717285156,2728900
2025-12-15,53.450318956630284,53.47005005372747,52.92745805518181,53.075435638427734,1284200
2025-12-16,52.96097498812192,53.1898981268786,52.65242822567979,52.732051849365234,1112400
2025-12-17,52.87139388733986,52.93111445030747,52.42349915719343,52.56284713745117,2053900
2025-12-18,52.861442391718256,53.33919550522568,52.80172182871324,52.97092819213867,1596200
2025-12-19,53.179945797210046,53.667650451658425,53.120225232711654,53.428775787353516,2599100
2025-12-22,53.806999010582366,54.085687387531515,53.57807587282494,53.916481018066406,1661100
2025-12-23,54.16531076236445,54.30465874704408,54.03592190042846,54.284751892089844,1525700
2025-12-24,54.3643740174918,54.44400143511524,54.14540621271583,54.34446716308594,706900
2025-12-26,54.3842822826616,54.54353332519531,54.33451704377813,54.54353332519531,972300
2025-12-29,54.155360624529784,54.404190622583464,53.986158048338616,54.07573699951172,3773500
2025-12-30,54.225029626744536,54.32456389839434,54.01601335154632,54.04587173461914,1074900
2025-12-31,54.00605828117891,54.045871990026974,53.64774629207905,53.67760467529297,2216500
2026-01-02,53.83685563327147,53.94634143401768,53.54821193982132,53.93638610839844,4376500
2026-01-05,54.016016339408566,54.513676334652594,53.95629577311528,54.33451843261719,2625500
2026-01-06,54.38428219244376,54.53358170569085,54.08568696279393,54.39423751831055,3358700
2026-01-07,54.215078914111054,54.215078914111054,53.677605229644165,53.75722885131836,2830700
2026-01-08,53.65769868484667,54.21507922716163,53.56811973691828,54.20512390136719,2653800
2026-01-09,54.18521919881585,54.57339718648657,54.17526766947046,54.374332427978516,1650000
2026-01-12,54.62315993019633,54.90184830126268,54.473860418928325,54.832176208496094,1594800
2026-01-13,55.031240207580446,55.031240207580446,54.72268966036085,54.86203384399414,1233600
2026-01-14,54.94166359958589,54.94166359958589,54.55348941527511,54.921756744384766,1577100
2026-01-15,54.78241283885156,55.1208217853363,54.73264759901295,54.961570739746094,1409300
2026-01-16,55.01133439011716,55.03124124484631,54.6629701276235,54.87199020385742,1347900
2026-01-20,54.901847808715914,55.10091255633926,54.42409469252644,54.49376678466797,3145000
2026-01-21,54.94166247393175,55.110865044407994,54.46390934942644,54.76250457763672,3257900
2026-01-22,54.98147554384011,55.25020858831178,54.702783376821195,54.9416618347168,2261500
2026-01-23,55.150679260272966,55.558760295170174,54.97152136233328,55.508995056152344,2167600
2026-01-26,55.92702704417177,56.006654463255785,55.35969497215334,55.42936706542969,2813900
2026-01-27,55.668246118818246,55.93698296582289,55.5388534598506,55.917076110839844,3804500
2026-01-28,56.18581127999956,56.374920701424735,55.61847921887979,56.08627700805664,3771200
2026-01-29,56.68347445192575,56.78300493264811,55.43932445867384,56.265438079833984,4186600
2026-01-30,55.37960030597942,56.15594863650527,53.707462519582045,54.00605773925781,8028200
2026-02-02,53.777137589292735,54.4838176644381,53.7074654940712,54.29470443725586,5706200
2026-02-03,54.58334732055664,54.82222578402892,54.035922096286285,54.58334732055664,2197400
2026-02-04,54.78241039782152,54.84212716422918,54.2150783358832,54.75254821777344,4925600
2026-02-05,54.22503232935573,54.682878611231445,53.78709290280214,53.88662338256836,2210100
2026-02-06,54.39423622879469,54.8819408730638,54.39423622879469,54.75254821777344,2316400
2026-02-09,55.11086713133182,56.03651503162691,55.11086713133182,56.006656646728516,3242600
2026-02-10,56.21566942726372,56.6038435941016,56.13604580688776,56.45454788208008,3400700
2026-02-11,57.07164611211084,57.13136667600329,55.80758931938627,56.31520462036133,3187300
2026-02-12,56.404781952997844,56.4943609038798,54.9118019695282,55.001380920410156,2426300
2026-02-13,55.190491969061895,55.95688878593594,54.86203456318261,55.90711975097656,2931100
2026-02-17,55.39951083344353,55.72796825465605,54.8321787393896,55.598575592041016,2349300
2026-02-18,55.68815113789952,56.42468576376885,55.68815113789952,56.195762634277344,2193200
2026-02-19,56.02656304893045,56.49436086154618,55.867312002686795,56.48440933227539,1631000
2026-02-20,56.49436087285187,56.91239724235289,56.38487886347356,56.89249038696289,2264400
2026-02-23,56.88253642824097,57.2508037451161,56.33510742050786,56.6834716796875,2425600
2026-02-24,56.45454995066673,56.962161465090375,56.3052504363304,56.882537841796875,1894100
2026-02-25,57.18113234536022,57.48967910235387,56.94225388483335,57.32047653198242,1607300
2026-02-26,57.19108400568749,57.87785720825195,57.031832963918575,57.87785720825195,2406200
2026-02-27,57.67879411166342,58.504907728027426,57.52949459460219,57.70865249633789,3078100
2026-03-02,57.280663959502164,57.89776128258382,57.11146138577187,57.88780975341797,2892500
2026-03-03,56.743189286570704,56.98206774774042,55.409460387413574,56.80290985107422,5326600
2026-03-04,56.95220837475263,57.320475690683985,56.693423063243046,57.2010383605957,4309600
2026-03-05,56.733236630880285,57.13136612597504,56.03651191288659,56.64365768432617,6363900
2026-03-06,55.966839678569386,56.364969172652565,55.49903809254829,56.08627700805664,3689700
2026-03-09,55.64833754040759,56.4545480564532,54.9615681505612,56.345062255859375,5194100
2026-03-10,56.364970697924754,56.92234744851108,56.26543642328838,56.43464279174805,3775500
2026-03-11,56.13604791593919,56.524222097360905,55.936983162253995,56.21567153930664,2238600
2026-03-12,55.976797212804684,56.14599978651733,55.53885399266486,55.588619232177734,4447500
2026-03-13,55.638388236575764,55.75782557070693,54.66297131783067,54.772457122802734,4377300
2026-03-16,55.1407282797175,55.71801189238672,55.1407282797175,55.588619232177734,4001500
2026-03-17,55.83744672182708,56.21566935947848,55.5587583555809,55.63838577270508,2919900
2026-03-18,55.18053854119492,55.24025910709361,54.533582829759034,54.553489685058594,1990900
2026-03-19,53.65769995791336,54.095639382151326,53.44868367340281,53.84680938720703,4820300
2026-03-20,53.7970445887149,53.836858299475104,52.722100976100265,52.960975646972656,2996700
2026-03-23,53.44868451998771,54.32456717918134,53.259571290854225,53.966251373291016,4462500
2026-03-24,53.42877480125571,54.205123141184636,53.25956843672203,53.826904296875,2634300
2026-03-25,54.45395605327506,54.61320710071261,53.926437670546505,54.374332427978516,2622200
2026-03-26,53.80699768228252,54.543532316564146,53.4188197137433,53.45863342285156,2290600
2026-03-27,53.2396650632394,53.707462851445804,53.13017926275145,53.37900924682617,2354200
2026-03-30,53.73732641090217,53.98615640136471,52.92116054908824,53.16999053955078,2771600
2026-03-31,53.69751187309473,54.59329754683901,53.6178844548894,54.5335807800293,4498100
2026-04-01,54.88194303398253,55.160631413109364,54.692833604838526,54.921756744384766,3658900
2026-04-02,54.13545213749405,55.15067895457683,54.0657800438864,55.061100006103516,1714800
2026-04-06,55.081005209423864,55.35969357549829,55.001377792348755,55.23030471801758,736500
2026-04-07,55.04119216462803,55.47913537013383,54.85208274206051,55.459228515625,1747500
2026-04-08,56.71333265500839,56.71333265500839,56.02656322779843,56.37492370605469,1965300
2026-04-09,56.325157057662175,56.61380075919778,56.09623392098218,56.17585754394531,1160300
2026-04-10,56.504313388366164,56.733236518697495,56.384876058811614,56.49435806274414,1642200
2026-04-13,56.37492233675043,57.0417886891576,56.27539185876457,56.99201965332031,945300
2026-04-14,57.290617972009535,57.45982054186052,57.071646366937145,57.429962158203125,1442700
2026-04-15,57.47972788142733,57.87785738549097,57.36029054894597,57.76837158203125,1157200
2026-04-16,57.93757284664061,58.11673073974426,57.61907076931063,57.718605041503906,1397000
2026-04-17,58.16649684863085,58.445189018102,57.91766685968708,58.246124267578125,1653200
2026-04-20,58.13663737068776,58.524811538638644,58.0968236619635,58.49495315551758,1079200
2026-04-21,58.51486191494215,58.614392393148954,57.52949347457961,57.549400329589844,1148000
2026-04-22,57.93757284664061,58.076917030866944,57.62902609495209,57.718605041503906,1234000
2026-04-23,57.52949171112183,57.78827702147792,57.02188021287603,57.569305419921875,1769700
2026-04-24,57.589214876622734,57.76837277747438,57.32047802534526,57.66883850097656,1626100
2026-04-27,57.74846620713348,57.93757563814586,57.619073545470044,57.70865249633789,1157200
2026-04-28,57.41005742860766,57.63898057109169,57.101506864297285,57.19108581542969,2458800
2026-04-29,57.06169356977124,57.06169356977124,56.554078277811705,56.71332931518555,1722000
2026-04-30,56.98206800928391,58.36556215345527,56.98206800928391,58.325748443603516,11703200
2026-05-01,58.49495341139107,58.52481179464275,58.1067792417422,58.126686096191406,2303900
2026-05-04,57.887808805660185,58.17645250572134,57.58921357659611,57.61907196044922,1705200
2026-05-05,57.788277949469105,57.877856897285604,57.390148448763725,57.429962158203125,1855800
2026-05-06,58.076916662590776,58.116730371215624,57.81813515021774,57.93757247924805,2457500
2026-05-07,58.17645297345692,58.19635982846715,57.44986985138304,57.549400329589844,1163200
2026-05-08,57.718607642724,57.877858688566,57.519542886210395,57.818138122558594,1241600
2026-05-11,57.917666086143896,58.27598187293238,57.82808713944678,57.86790084838867,991100
2026-05-12,57.67879329149184,58.037109089868125,57.34038434823029,57.99729537963867,885600
2026-05-13,57.81813662078158,57.94752927868122,57.30056978602733,57.46977615356445,3443000
2026-05-14,57.599167059391405,57.95748286516029,57.41005762716648,57.897762298583984,1811300
2026-05-15,57.220945945679865,57.27071118411503,56.82281644450994,57.17117691040039,1232000
2026-05-18,57.161226237140525,57.50958670824585,57.051740432837605,57.290618896484375,4457400
2026-05-19,57.1910850843996,57.67879354474078,57.10150613441222,57.220947265625,1697600
2026-05-20,57.22094801664466,58.13664058689459,57.22094801664466,58.00724792480469,1898200
2026-05-21,57.599163316989475,58.50490430190327,57.56930493406355,58.305843353271484,1853200
2026-05-22,58.45513950908736,58.53476692662073,58.13663743264238,58.236167907714844,1147400
2026-05-26,58.59448409280497,58.69401836540095,58.216265247473046,58.4252815246582,1593200
2026-05-27,58.11673167729191,58.28593804432802,57.92762225234032,57.98733901977539,1534100
2026-05-28,57.887807008087464,58.385466973355356,57.62902549675962,58.305843353271484,3423300
2026-05-29,58.34565393193475,58.62434609752501,58.09682394645603,58.534767150878906,2357700
2026-06-01,58.35561044720686,58.6143919667687,58.037108363048745,58.43523406982422,2156300
2026-06-02,58.48499980946024,59.20163140337576,58.48499980946024,59.181724548339844,1309700
2026-06-03,59.08219403242454,59.10210088744779,58.335704054852144,58.365562438964844,2443200
2026-06-04,58.4750479982918,59.24144482767797,58.4750479982918,59.141910552978516,1273300
2026-06-05,58.7537351676644,58.82340726010161,57.62902636298131,57.75841522216797,1624100
2026-06-08,58.13663713014858,58.375515584661514,57.6688355466847,57.78827667236328,1022500
2026-06-09,58.216265282697975,58.31579575850991,56.9920184085144,57.75841522216797,2151300
2026-06-10,57.47972841351292,57.91766783456143,57.40010099322536,57.43991470336914,2238800
2026-06-11,57.63897922782608,58.32574863927315,57.42996294566971,58.21626663208008,3632500
2026-06-12,58.32574956472782,58.813458027675516,58.17645384518055,58.48500061035156,2184300
2026-06-15,59.099998474121094,59.20000076293945,58.779998779296875,58.93000030517578,1533500
2026-06-16,59.060001373291016,59.209999084472656,58.880001068115234,59.11000061035156,1220600
2026-06-17,59.08000183105469,59.310001373291016,58.09000015258789,58.189998626708984,2477700
2026-06-18,58.38999938964844,58.38999938964844,57.77000045776367,57.869998931884766,1537700
2026-06-22,57.5,58.0099983215332,57.5,57.88999938964844,869100
2026-06-23,57.27000045776367,57.869998931884766,57.029998779296875,57.66999816894531,1468200
2026-06-24,57.22999954223633,57.470001220703125,57.0099983215332,57.290000915527344,1535600
2026-06-25,57.68000030517578,58.02000045776367,57.47999954223633,57.619998931884766,2090600
2026-06-26,57.59000015258789,58.04999923706055,57.52000045776367,57.79999923706055,863300
2026-06-29,57.810001373291016,57.88999938964844,57.38999938964844,57.4900016784668,1363400
2026-06-30,57.4900016784668,57.709999084472656,57.290000915527344,57.63999938964844,2355100
2026-07-01,57.439998626708984,58.189998626708984,57.41999816894531,57.66999816894531,2516300
2026-07-02,57.86000061035156,58.09000015258789,57.369998931884766,57.77000045776367,2035800
2026-07-06,58.04999923706055,58.220001220703125,57.689998626708984,58.060001373291016,1707200
2026-07-07,58.2400016784668,58.54999923706055,58.029998779296875,58.36000061035156,1018800
2026-07-08,58.11000061035156,58.18000030517578,57.38999938964844,57.970001220703125,1063700
2026-07-09,58.06999969482422,58.5,58.04999923706055,58.380001068115234,746800
2026-07-10,58.470001220703125,58.810001373291016,58.279998779296875,58.650001525878906,631600
2026-07-13,58.7400016784668,59.0,58.529998779296875,58.72999954223633,960400
2026-07-14,59.0,59.47999954223633,59.0,59.18000030517578,1081100
2026-07-15,59.2599983215332,59.61000061035156,59.130001068115234,59.4900016784668,693400
2026-07-16,59.369998931884766,59.61000061035156,59.16999816894531,59.38999938964844,1539100
2026-07-17,59.220001220703125,59.56999969482422,58.970001220703125,59.45000076293945,2154400
2026-07-20,59.36000061035156,59.54999923706055,58.61000061035156,58.619998931884766,2012300
2026-07-21,58.619998931884766,59.04999923706055,58.52000045776367,59.04999923706055,1002100
2026-07-22,59.25,59.689998626708984,59.16999816894531,59.279998779296875,4279100
2026-07-23,58.880001068115234,59.0099983215332,58.599998474121094,58.81999969482422,1116100
2026-07-24,58.900001525878906,59.279998779296875,58.810001373291016,59.06999969482422,1265200
2026-07-27,59.33000183105469,59.470001220703125,59.0099983215332,59.38999938964844,844400
2026-07-28,59.43000030517578,59.939998626708984,59.189998626708984,59.84000015258789,715100
2026-07-29,59.86000061035156,60.06999969482422,59.119998931884766,59.290000915527344,1610900
2026-07-30,59.66999816894531,59.81999969482422,59.2599983215332,59.790000915527344,1205100
