Price,Open,High,Low,Close,Volume
Ticker,GDX,GDX,GDX,GDX,GDX
Date,,,,,
2010-01-04,41.45103587983114,41.858780500188296,41.260179441932486,41.39030838012695,12508700
2010-01-05,41.6158662572472,42.23181843965886,41.15606812286369,41.789371490478516,13787800
2010-01-06,42.440033066937524,43.437704870128876,42.25785055625412,42.80440139770508,19322600
2010-01-07,42.80439852507542,42.83042365074056,42.11904153442221,42.596187591552734,13312000
2010-01-08,42.95188098827332,43.2381706237793,42.18844857905878,43.2381706237793,10719800
2010-01-11,44.24451153472645,44.38331771304762,43.29889341072589,43.524452209472656,12918100
2010-01-12,42.92585431994446,43.26419419746661,41.58984268768728,41.945533752441406,14794800
2010-01-13,42.162415492262156,42.474730220403416,41.20812343129751,42.387977600097656,9377500
2010-01-14,42.3185872266681,42.448719510716735,41.65925848401191,42.16242980957031,8445500
2010-01-15,41.65925487718537,41.71130844817836,40.81774034783847,41.138729095458984,14184100
2010-01-19,41.06931783747519,41.477062439394096,41.01726427891095,41.372955322265625,8578100
2010-01-20,40.47938882201905,40.644220118876184,38.90914129528445,39.672576904296875,21228000
2010-01-21,39.308215866851555,39.611853367554225,37.92882793191554,37.95485305786133,24757600
2010-01-22,37.56445954932118,38.84841760744896,37.26082204920333,37.98955535888672,26244900
2010-01-25,38.5621339830366,38.64021267556796,37.41698203217727,37.469032287597656,17791100
2010-01-26,37.03526500911623,38.05028808054553,36.69692508844013,37.41698455810547,17133300
2010-01-27,37.25214397153605,37.51240846229993,36.28050068339243,37.10466384887695,18111200
2010-01-28,37.41698515185883,37.503737791059756,35.70793102251207,36.584144592285156,28262300
2010-01-29,36.43665560479438,36.87042531437526,35.1613715996185,35.32620620727539,22948500
2010-02-01,35.78600700326559,37.26082492346215,35.74263068695997,37.25214767456055,18770400
2010-02-02,37.75532016456994,37.91147754233071,37.026586838153214,37.30419921875,19421400
2010-02-03,37.321545739335136,37.83339412256894,36.87909878787191,36.93115234375,13517700
2010-02-04,36.133024518616566,36.219777152106786,34.74495921696718,34.909793853759766,25283400
2010-02-05,34.85774527225242,36.7923583984375,34.25046682278505,36.7923583984375,33034700
2010-02-08,36.662215741769366,36.87910060451135,35.369583813091324,35.378257751464844,18173900
2010-02-09,36.228444231696756,37.39962441845216,36.08096412080915,36.93115234375,24227600
2010-02-10,36.93982473067319,37.104656005165516,35.92480203570525,36.74028778076172,15919300
2010-02-11,36.94849907117217,38.37126299951337,36.714263062081876,38.163055419921875,18114400
2010-02-12,37.43433615261602,38.11968994140625,37.000566339998926,38.11968994140625,16589900
2010-02-16,39.18676337576516,39.23881694478639,38.66624092315705,38.961204528808594,15964000
2010-02-17,38.95252765848205,39.33424387438679,38.45803037288241,38.78769302368164,14755100
2010-02-18,38.70093804085358,39.52510123660014,38.70093804085358,39.091331481933594,15184500
2010-02-19,38.54477426640455,39.68992596388936,38.353914547023734,38.666229248046875,15114000
2010-02-22,39.02192263250816,39.04794775604542,38.06763059627271,38.249813079833984,12299900
2010-02-23,38.11101178424022,38.2584919156986,36.60149154722732,36.87042999267578,15431400
2010-02-24,36.63619800468978,37.347580233176885,36.462689417629285,36.65354919433594,12516800
2010-02-25,36.315203600014875,37.902799146662076,35.87275660661775,37.6945915222168,21464000
2010-02-26,38.006911570768125,38.206445284282744,37.3822819914869,38.07631301879883,10706200
2010-03-01,38.34524307461458,38.848414217965946,37.7292908798878,38.726959228515625,11664500
2010-03-02,39.186756417427844,40.2451556337804,39.004573922305,39.481719970703125,21127800
2010-03-03,40.13237553468973,40.704951468330684,39.87211434838031,40.21913146972656,18235600
2010-03-04,40.03694717581686,40.31455953669123,39.247486404067814,39.542449951171875,15228300
2010-03-05,39.863450415095734,40.540130331223494,39.85477316471384,40.279869079589844,13823000
2010-03-08,40.57482360645981,40.757006110770256,39.741986464411525,39.863441467285156,9919600
2010-03-09,39.342912964230564,39.99356755554243,39.256160342482474,39.542449951171875,10594100
2010-03-10,39.73331488197633,40.02827849218886,38.69226665126144,39.004581451416016,16057900
2010-03-11,38.857095830722194,39.36026703060079,38.38862369644168,39.316890716552734,10309800
2010-03-12,39.542449911830275,39.75933477538511,38.82239057631603,39.030601501464844,9797100
2010-03-15,39.14338578615031,39.212790542593225,38.44935476872585,38.98722839355469,8384600
2010-03-16,39.715954124418715,40.141049902089996,39.52509769983595,40.01091766357422,14902600
2010-03-17,40.08032855600652,40.57482584319498,40.01960105122203,40.141056060791016,15113900
2010-03-18,40.22779681890443,40.635541353012705,39.49038973024888,39.88078308105469,12704600
2010-03-19,39.3082160949707,39.9762219097938,38.92649659541432,39.3082160949707,17280500
2010-03-22,38.74431748300715,39.29086834465263,38.35392401040323,39.160736083984375,12044100
2010-03-23,39.056625803619085,39.67257800888786,38.553451342255656,39.28218460083008,11287100
2010-03-24,38.510078074306186,38.60550794930293,37.62518738260982,37.73796844482422,18192200
2010-03-25,38.15438699991577,38.21511450046143,37.06128868069334,37.22611999511719,14569900
2010-03-26,37.44300846033665,38.119688279509916,37.08731736187366,37.9201545715332,12771600
2010-03-29,38.33656857841911,38.59683307094836,38.04160502169973,38.45802688598633,9462600
2010-03-30,38.553452694266774,38.622857440088886,37.81604547160923,38.0502815246582,10072700
2010-03-31,38.588151350687944,38.77901107391629,38.310539012937674,38.52742385864258,8492500
2010-04-01,39.43834826730364,40.288536653288794,39.35159563360344,40.25383758544922,12672400
2010-04-05,40.65290443476169,40.956541957924976,40.253837030204004,40.68760681152344,8188700
2010-04-06,40.46204034243742,41.02594232157414,40.4099900922651,40.60952377319336,9463300
2010-04-07,41.051976728617234,42.075673799205674,40.9044965739161,41.79806137084961,14321100
2010-04-08,41.6418932456267,41.95420797447295,41.30355339251003,41.806724548339844,8628700
2010-04-09,42.2144755935958,42.60486906428582,41.824082122905786,42.23182678222656,9311900
2010-04-12,42.07566234999935,42.6048619317405,41.650566573213744,41.76334762573242,8421500
2010-04-13,41.65924674077069,41.693949114655005,40.65290106392919,41.425010681152344,10893000
2010-04-14,41.84143716942976,42.032296952565076,41.30356350988614,41.7199821472168,7795500
2010-04-15,41.607195942922644,41.893485582378894,41.2515048604896,41.268856048583984,5925400
2010-04-16,40.79169937737317,41.16474155113208,39.67257285609644,40.47071075439453,20720900
2010-04-19,40.01091842523127,40.42733696324837,39.64655344549143,40.418663024902344,10560900
2010-04-20,40.77436130914895,41.04329977725321,40.28853794046411,40.30588912963867,6337400
2010-04-21,40.5140937922988,40.95653746456762,40.21913024098612,40.75700378417969,8103800
2010-04-22,40.27118443919252,41.086673736572266,39.95019573139451,41.086673736572266,7762600
2010-04-23,40.95653438918572,41.90215247008855,40.49673956496514,41.824073791503906,9274400
2010-04-26,41.858784455818345,42.12772291520894,41.5638208682096,41.75468063354492,5567100
2010-04-27,41.372955361836105,42.240494815667525,41.051966690550586,41.884803771972656,17820100
2010-04-28,42.04964499348238,43.66326916066183,41.93686392013089,43.11671829223633,17930100
2010-04-29,43.22081259406059,43.958219759461315,43.06465523748629,43.64590835571289,9864000
2010-04-30,44.13173077681116,44.712983927644444,43.81074210780194,43.81941604614258,12778500
2010-05-03,44.175107631667494,44.28788868788765,42.830422133074705,43.27286911010742,10052600
2010-05-04,43.56783935394461,43.645918049573226,42.040967819296434,43.08201599121094,22279200
2010-05-05,41.69394692770473,43.26419120550083,41.546463501132514,42.71764373779297,17606300
2010-05-06,42.65691861014215,43.81074781435944,41.70262641715404,43.32492446899414,23954100
2010-05-07,43.090691784916686,43.76737494594509,41.9975933084878,42.622222900390625,16601100
2010-05-10,42.951873787132676,43.671933070088556,42.53545527663054,43.4984245300293,15389200
2010-05-11,44.58286031417879,47.020647825289736,44.5221328058416,46.5001220703125,21796600
2010-05-12,46.88183789761655,47.39368636254222,46.20515480080249,46.352638244628906,22283300
2010-05-13,46.38733955572917,46.734353380799234,45.485097653625814,45.68463134765625,12815800
2010-05-14,46.39600842914097,46.59554210138544,44.56549969800215,46.10972213745117,17431200
2010-05-17,45.953570691281556,46.040323321895954,44.426699241022604,44.99927520751953,14198200
2010-05-18,44.47874932611979,45.33761155398878,44.20113695858633,44.66960906982422,14859300
2010-05-19,43.81074569731855,43.99292820200174,41.72864952853722,42.89982986450195,21950900
2010-05-20,41.73733464874896,42.318584647430164,40.56615409189681,40.81774139404297,25901600
2010-05-21,40.05429727641932,41.39898615397322,39.80271333562201,40.956539154052734,17751400
2010-05-24,41.702624472807344,42.11036910632466,41.21680115009311,41.32958221435547,11161700
2010-05-25,40.96521282264931,42.53545706829664,40.678923223082506,42.45737838745117,16751400
2010-05-26,43.420352721259434,43.70664235405619,42.37063068647266,42.500762939453125,11067000
2010-05-27,42.873798798674244,43.732664325699034,42.78704617588001,43.53313064575195,9490600
2010-05-28,43.255516052246094,43.541802340232906,42.769692785195424,43.255516052246094,7536800
2010-06-01,43.63723158654811,44.383316007377154,43.134060450496094,43.21213912963867,9029200
2010-06-02,43.22081799273453,43.98425368585782,42.951879554063666,43.95822525024414,6356700
2010-06-03,43.90617577085661,44.24451565518629,42.63956886204273,43.229496002197266,7316500
2010-06-04,42.63089848934257,43.29023048616286,42.18845471756676,42.34461212158203,9554600
2010-06-07,42.24916959520963,44.0710010180613,41.98890843614513,43.54180145263672,10433700
2010-06-08,43.99292873899097,44.791066826879664,43.645914912892096,44.00160598754883,12295100
2010-06-09,43.81074489258018,44.27921701836094,43.22949501420079,43.55048370361328,7962500
2010-06-10,43.481074733664094,44.15775773056526,43.385644868113914,43.949546813964844,6449900
2010-06-11,44.06233215332031,44.21848952861836,43.732666215535474,44.06233215332031,4276300
2010-06-14,44.18377900283795,44.27920886006999,43.20345861863602,43.29021453857422,6659900
2010-06-15,43.52445497925307,44.40934566338773,43.50710710158425,44.39199447631836,6474100
2010-06-16,44.22716197391823,45.08602750905278,44.07968185189538,44.81708908081055,7094800
2010-06-17,45.64992551943421,46.19647630659506,45.52847052437634,45.944889068603516,9942500
2010-06-18,46.72567282330769,47.04666147611692,46.47408560192199,46.8991813659668,10202400
2010-06-21,47.081365393416846,47.19414644626079,45.25953059973895,45.56317138671875,10914800
2010-06-22,45.623910196387456,46.12708147107078,45.224842752776354,45.233516693115234,6096000
2010-06-23,45.025299181064014,45.684627712818994,44.608877329070936,45.502445220947266,6464600
2010-06-24,45.23351661404351,46.04032874959535,45.06000802295903,45.268218994140625,8071600
2010-06-25,46.01430096971955,47.11607665385442,45.806090010526745,46.74303436279297,8479600
2010-06-28,46.8037604816893,47.56719623022018,45.953572099884816,46.32661437988281,12312700
2010-06-29,45.632577247959254,45.85813937553248,44.80841735473577,45.094703674316406,10291600
2010-06-30,44.9125231072782,45.8060877888814,44.86046954265442,45.077354431152344,6028700
2010-07-01,44.704310219372836,44.94722353434796,42.32725379779216,43.04730987548828,14999200
2010-07-02,43.37697255541621,43.79339109482016,42.743669153235174,43.01260757446289,7383000
2010-07-06,43.229492540519765,43.35094753446104,42.05831229308523,42.43135452270508,8130900
2010-07-07,42.42268692854017,43.47240902961696,42.07566977161189,43.36830520629883,7720100
2010-07-08,43.576514869269914,43.72399832607897,42.17977554663613,42.839107513427734,7610700
2010-07-09,43.30756888533772,44.24451310429381,43.30756888533772,43.793392181396484,6954000
2010-07-12,43.715314405503065,44.201137711664074,43.229494408742575,43.50710678100586,4625200
2010-07-13,44.565509011112226,44.66093889808479,43.59386557079348,43.7153205871582,8299600
2010-07-14,43.69795747935272,44.27921058265113,43.27286503801815,43.6025276184082,7023800
2010-07-15,43.94954799211892,44.01027548829691,42.9518763102228,43.524452209472656,5826200
2010-07-16,42.726326793964695,42.76102917343432,42.006267312274716,42.110374450683594,9591800
2010-07-19,41.73732827501075,41.81540696687744,40.76568490575921,41.234153747558594,8842000
2010-07-20,41.10402555409816,42.21447513931017,40.97389329546827,42.11904525756836,6985900
2010-07-21,42.51811757271028,42.64824984636521,41.546474073464054,41.79806137084961,6896800
2010-07-22,42.13639826682226,43.02128905930154,42.09302194853818,42.64824676513672,7207800
2010-07-23,42.82174830118904,43.06465829112888,42.39665250939392,42.69161605834961,8233600
2010-07-26,42.94320489972863,42.99525846068825,42.16241803233698,42.414005279541016,7215800
2010-07-27,42.075666654596375,42.11036902959859,40.61819999850986,40.85243606567383,17306800
2010-07-28,40.696282802089726,41.28620999916832,40.600852915885696,41.112701416015625,8290600
2010-07-29,41.41634189738359,41.66792586585768,40.87846496342989,41.364288330078125,7329300
2010-07-30,41.27753128808945,42.014938544502414,41.16475022566609,41.83275604248047,9818200
2010-08-02,42.44871178622564,42.55281560887966,41.36428731449374,41.68527603149414,6512800
2010-08-03,41.88480751218712,42.33592846559154,41.754678568132434,41.91950988769531,6389400
2010-08-04,42.78704868245836,43.16876487827553,42.60486617827748,43.04730987548828,11804700
2010-08-05,43.02995354704189,43.116709473953804,42.65691133482123,43.1080322265625,4171500
2010-08-06,43.48107589925986,43.9842503640493,43.33359578265626,43.524452209472656,6680500
2010-08-09,43.52445026744572,43.567829885123295,42.92584927065736,43.54180145263672,5638600
2010-08-10,42.90850290150172,43.802070837430506,42.630890526087114,43.69796371459961,8309300
2010-08-11,43.51578314432755,43.663266586847485,42.500763472199075,42.57884216308594,8253200
2010-08-12,43.168759038735764,43.68928466378349,43.11670879281112,43.64590835571289,7018800
2010-08-13,43.611219371557475,43.70664926424423,43.073345705706295,43.151424407958984,3979300
2010-08-16,43.68929004795554,44.06233230025592,43.52445542381316,43.99292755126953,5563700
2010-08-17,44.19246435994395,44.56550663857648,43.83677326978279,44.4961051940918,5996700
2010-08-18,44.10569654731435,45.30290166459565,43.81073306361895,45.224822998046875,8128500
2010-08-19,45.302914883056786,45.58920120433498,44.42669811285851,44.8778190612793,6209300
2010-08-20,44.409340450471205,44.643576484311495,43.819413396962375,44.48741912841797,6285900
2010-08-23,44.5654980732278,44.66092793677864,43.949545893181714,44.15775680541992,4604000
2010-08-24,43.19479384616797,44.374648132462596,43.00393409120835,43.637237548828125,7947800
2010-08-25,44.02762484550476,45.1120491027832,43.732661315149016,45.1120491027832,9649600
2010-08-26,45.10338013563172,45.832113449211356,45.09470288735307,45.745357513427734,8288000
2010-08-27,45.8147679023365,46.378666662049426,45.094708438988015,46.27456283569336,9827100
2010-08-30,46.15309920221974,46.578191677616566,45.92753709293133,46.08369445800781,5655100
2010-08-31,46.34395445388004,47.2722246824549,46.24852789711091,46.5087890625,12207400
2010-09-01,46.977264583352344,47.13342195589251,45.771381915536566,45.84946060180664,7926200
2010-09-02,46.3786645088894,46.65627690588456,45.814765775355845,46.47409439086914,6963000
2010-09-03,46.075030032127735,46.58687854346344,45.77138917761273,46.57820129394531,6072000
2010-09-07,47.07268800438932,47.30692404756125,46.777724465883956,46.80375289916992,7737500
2010-09-08,47.098725164991066,47.44573901556887,46.552174296314924,46.560848236083984,6306500
2010-09-09,46.79508409191255,46.84713765847295,45.545828279070925,45.675960540771484,7008500
2010-09-10,45.51980399149205,46.396017533674836,45.48510161314397,46.01430130004883,5493200
2010-09-13,46.153096094377446,46.36130369419231,45.736677585347586,45.97958755493164,5218600
2010-09-14,46.821111933863335,48.226525119094454,46.777732307581445,47.610572814941406,14873400
2010-09-15,47.4804339487862,47.81877380654518,47.072689346153375,47.367652893066406,8739800
2010-09-16,47.86215435418784,48.29592411984581,47.59321921749633,48.0269889831543,9409700
2010-09-17,48.34797450274833,48.38267687597438,47.43705871666735,47.52381134033203,8981800
2010-09-20,47.87083354173348,48.49546308858927,47.67997377810514,48.009639739990234,9126700
2010-09-21,47.79274637256586,48.38267343788657,46.7169960448045,48.29591751098633,16432400
2010-09-22,48.83380061583092,49.163463252287855,48.41738204130584,48.903202056884766,10975400
2010-09-23,48.66029016978345,49.01598122862399,48.13109055090838,48.374000549316406,8142200
2010-09-24,49.120080614837335,49.120080614837335,48.13976346136635,48.29591751098633,9569200
2010-09-27,48.452083462745875,48.564864533017236,47.84480841374809,48.009639739990234,5841700
2010-09-28,47.7146698001135,49.232863839208015,47.09004033644935,49.15478515625,15152200
2010-09-29,49.25889811018961,49.328302867661854,48.66897090927947,49.024662017822266,10175400
2010-09-30,49.241544308567555,49.28492393438692,47.70600218906567,48.521488189697266,12778900
2010-10-01,48.521479975077646,49.66663174353911,48.521479975077646,49.10272979736328,9595500
2010-10-04,48.90320422875094,48.90320422875094,47.888184528780116,48.19182205200195,7089800
2010-10-05,49.284921901173774,50.169812619090195,49.20684321108113,49.67531204223633,12005700
2010-10-06,49.87484685095576,50.67298159507934,49.631933542804674,50.42139434814453,11074600
2010-10-07,50.82047119269817,50.82047119269817,48.556192314492684,49.085391998291016,18951100
2010-10-08,49.13743838657329,49.84882053550738,49.111413259714936,49.71001434326172,8792800
2010-10-11,49.475776871788646,50.08305518668573,49.10273462018332,49.805442810058594,7204500
2010-10-12,49.415046512795755,49.69265887336424,48.677639300548286,49.59722900390625,9428600
2010-10-13,50.1437827065477,51.02867339841273,50.100406393195605,50.829139709472656,10926900
2010-10-14,50.6903276121987,51.08072100566099,50.221855540043954,50.48211669921875,8451000
2010-10-15,50.20451018778503,50.38669599883456,49.38034699681046,49.805442810058594,11031300
2010-10-18,49.44974633664884,49.89218997931434,49.02465056989945,49.57120132446289,7251600
2010-10-19,48.0269938288445,48.0616962078546,46.855813357761164,47.30693435668945,16650900
2010-10-20,47.40235690117002,48.49545850484882,47.3763317756445,48.113739013671875,11603300
2010-10-21,48.148433542462335,48.49545060346529,46.65626481330957,47.09003448486328,13814000
2010-10-22,47.15076771059952,47.619239807128906,46.708324047922,47.619239807128906,7658800
2010-10-25,48.56485509367136,48.74703757296066,48.06168396381519,48.35664749145508,9001000
2010-10-26,47.72334142476645,48.64293438953276,47.61056368438395,48.4000244140625,6279700
2010-10-27,47.72335146879737,47.79275622462474,46.56084828389613,47.43706512451172,8954800
2010-10-28,48.13976898634859,49.01598243750218,47.72334710823533,48.894527435302734,8830400
2010-10-29,49.206843137396454,49.874848971766404,49.03333456973921,49.71001434326172,8511700
2010-11-01,49.95292516838736,50.204509104062076,49.215514620001414,49.64928436279297,6735500
2010-11-02,50.109076912446035,50.221857966985255,49.57988063062427,50.03099822998047,7036500
2010-11-03,49.96159910710697,50.17848397850274,48.7296913166907,49.64928436279297,15068800
2010-11-04,51.47978402428151,52.07838497117551,51.254225254399685,52.04368591308594,13991400
2010-11-05,51.76608666195971,52.789783661009714,51.670660085269425,52.130455017089844,10177600
2010-11-08,52.026346831021236,53.657318769603165,51.956942079898255,53.58791732788086,10841100
2010-11-09,54.50751088711691,55.31431961467424,51.34966418159687,51.766082763671875,25300200
2010-11-10,52.48614779155594,53.28428266532825,51.445099570173795,53.206207275390625,17318500
2010-11-11,53.43175682458268,53.70936919404895,52.46878747013381,53.596588134765625,10126300
2010-11-12,52.49481433786627,53.28427516025049,51.497145886172255,52.11309814453125,13211000
2010-11-15,52.251899773009896,52.390705950234114,51.35833521396649,51.59257125854492,7805600
2010-11-16,50.75973467412131,50.95059442307406,49.49312779874531,50.0223274230957,16198800
2010-11-17,49.926901530571705,51.06337955726637,49.90087640251179,50.35199737548828,9264000
2010-11-18,51.419064504464316,51.696676868602914,51.01999714469014,51.210853576660156,10379900
2010-11-19,50.90722338902523,51.540526892386545,50.62093373590799,51.4277458190918,7655600
2010-11-22,51.29761226838889,52.2519044077765,50.950595139847614,52.07839584350586,8650100
2010-11-23,51.974289265715036,52.21719925714031,51.34098585278456,51.72270202636719,10627800
2010-11-24,51.913566206361345,52.173827406483134,51.41039168464527,51.766082763671875,4914000
2010-11-26,50.62960788319378,51.05470040284419,50.542851943897276,50.846492767333984,3884200
2010-11-29,50.681654759939214,51.15012687271919,49.97894990016974,51.07204818725586,6868000
2010-11-30,51.0980841274385,52.156480196578734,51.00265424125515,51.61860656738281,10819500
2010-12-01,52.06972164071434,52.39938758021826,51.557873198879534,52.29528045654297,8486500
2010-12-02,52.65964651481534,53.5445371717456,52.65964651481534,53.07606506347656,9973000
2010-12-03,53.61393962055715,54.776442665206076,53.56188936936722,54.40340042114258,10234800
2010-12-06,54.71571467439786,55.41842284375431,54.559557303429756,55.34901809692383,8212400
2010-12-07,56.02569863636582,56.06040100822974,54.0303552763949,54.11711120605469,14763900
2010-12-08,53.657316811329046,54.047710248646354,52.72037587116809,53.09341812133789,11456300
2010-12-09,53.61394219006776,53.65731850460506,52.945936356111204,53.29295349121094,9156700
2010-12-10,53.00666929865949,53.63997613162577,52.57289948996538,53.49249267578125,7446700
2010-12-13,54.29063205949458,54.646323178206785,53.80480867150185,53.97831726074219,7754800
2010-12-14,54.07373514373198,54.4988276181119,53.67466448426875,53.90022659301758,6844900
2010-12-15,53.43175433578262,53.91757761441967,52.78109975464031,52.911231994628906,9763900
2010-12-16,52.78978299336379,52.8071341823792,51.6186058647311,52.19985580444336,10748800
2010-12-17,52.3213080944527,52.451437032961934,51.53184728698802,52.434085845947266,11315700
2010-12-20,52.598920932108896,52.80712855932148,51.90488999239935,52.54686737060547,5934300
2010-12-21,52.61627024549362,52.763750367067054,52.11309576374801,52.52951431274414,5673800
2010-12-22,52.52084493372033,52.564221249160525,51.8875414619715,51.91356658935547,4418900
2010-12-23,51.85329641974581,52.744156905449664,51.530142223431575,52.30746078491211,7247400
2010-12-27,52.342403947996495,52.342403947996495,51.469011595561014,52.00178146362305,3479200
2010-12-28,52.94504195451684,53.47781180731136,52.5170815798548,53.35553741455078,5314000
2010-12-29,53.60881709191842,53.80096112082087,53.23325815890282,53.54767990112305,4002400
2010-12-30,53.512745411548664,53.76602997243958,52.93630663984388,53.172122955322266,3477600
2010-12-31,53.3817344136401,53.923240017896646,53.24199178422195,53.68742370605469,4461500
2011-01-03,53.984382464883176,54.16779405914899,52.75289938209823,53.076053619384766,9097700
2011-01-04,52.43847173555776,52.58694681952515,50.65675073758677,51.547611236572266,13872000
2011-01-05,50.95370215994653,51.198250914970984,50.21132010692122,50.84889602661133,11490900
2011-01-06,50.90130761162433,50.97118060231242,49.399074960833666,49.5562858581543,13883700
2011-01-07,49.32046951217335,50.40347421401818,49.25933231118505,49.5562858581543,11027600
2011-01-10,49.678550106068506,49.83576097125598,49.15451277820131,49.68728256225586,7591100
2011-01-11,50.39473882261109,50.744093760533175,50.045380552961625,50.69169235229492,8288600
2011-01-12,50.857633775741796,50.86636956460292,50.054114450335724,50.56941604614258,7430200
2011-01-13,50.78776589692286,50.78776589692286,48.63921820869638,48.95363998413086,12741600
2011-01-14,48.51693770481644,48.9536338197684,47.69595020812848,47.931766510009766,17677900
2011-01-18,48.604283547282215,48.979842508380585,48.420868629454056,48.74402618408203,6702300
2011-01-19,49.21565388676666,49.26805862324554,47.984170899193956,48.44707107543945,8648800
2011-01-20,47.3291255253255,47.75708920009011,46.62167992470879,47.72215270996094,17410200
2011-01-21,47.52127425004803,48.00163934203423,47.07584564919137,47.11077880859375,16704300
2011-01-24,47.06711153477512,47.59988138240687,46.39459904938155,46.66535186767578,11997200
2011-01-25,46.088906350785344,46.569271389822546,45.81815357196624,46.39459228515625,17835300
2011-01-26,46.30726229034361,48.21125785905775,46.24612509305046,48.12391662597656,16728600
2011-01-27,48.071513283429766,48.071513283429766,46.578013240978095,46.9273681640625,14558900
2011-01-28,46.70028793490215,48.30732992039677,46.52560880635827,47.33786392211914,13555700
2011-01-31,47.28546251260857,47.617352547031984,46.67408718553201,47.09331512451172,8539200
2011-02-01,47.66101755169025,48.49074090316154,47.17191666419428,48.420867919921875,11419600
2011-02-02,48.534414979108064,48.595552180037835,47.65229012874459,48.062782287597656,6583300
2011-02-03,48.272391580540415,49.52134280398918,47.634815617728975,49.364131927490234,11667100
2011-02-04,49.72222002940282,49.80955791990343,48.88376428637984,49.006038665771484,8586900
2011-02-07,49.48641080955592,49.62615345339328,48.84883478881499,49.01477813720703,6296600
2011-02-08,49.77463184340292,50.18512398522252,49.57374866956645,50.08905029296875,8316700
2011-02-09,50.10652405892401,50.368541128286,48.99731524462136,49.311737060546875,7190000
2011-02-10,48.77896200338282,49.1370527379345,48.22872721508735,48.84883499145508,7487800
2011-02-11,48.92743694033611,49.52134396959402,48.48200500252907,48.67415237426758,8777200
2011-02-14,48.90124487351328,49.47768375880078,48.866308375804266,49.311737060546875,4779600
2011-02-15,49.870695781863084,50.412201371792754,49.80082613486613,50.22878646850586,8398600
2011-02-16,50.394735750030605,50.60434803365826,49.748423990103106,50.42967224121094,6611200
2011-02-17,50.77029652329598,51.049781799316406,50.46460721208612,51.049781799316406,6277500
2011-02-18,51.303067756900376,52.106587114219835,51.23319477014527,51.51268005371094,7849900
2011-02-22,52.57821913026358,52.69176106647463,51.03231430053711,51.03231430053711,10995900
2011-02-23,51.4515367526325,52.455939161860165,51.25938939357716,52.06291198730469,9591100
2011-02-24,52.35986840060758,52.40353734871941,50.3335985563286,50.42967224121094,10741600
2011-02-25,50.87510915890359,51.48648452758789,50.81397195520793,51.48648452758789,6030200
2011-02-28,51.7397605209403,52.316199296791524,51.46027192405661,52.255062103271484,5107500
2011-03-01,52.73543356943875,53.40794611118291,52.62189162557868,53.102256774902344,10062600
2011-03-02,53.36427444525555,53.495284638285256,52.7179659333523,53.09352493286133,7046500
2011-03-03,52.499608892940614,52.57821432902766,51.69608628719226,52.28999328613281,8688500
2011-03-04,52.47341388500454,53.137190603751364,52.455945638231285,52.752899169921875,5798800
2011-03-07,53.486547817267365,53.53894922482272,52.22012827095136,52.35987091064453,8315100
2011-03-08,52.193922975295365,52.255063502179354,51.18078802904879,51.88823699951172,6310700
2011-03-09,52.132781606765185,52.29872826467233,51.12838252979007,51.47773742675781,5931000
2011-03-10,50.30739299086798,50.50827614317702,49.39033178152352,49.634883880615234,13804700
2011-03-11,49.21565449637374,50.86636873276961,49.01477466830727,50.499542236328125,8314400
2011-03-14,50.490814208984375,50.72663054915808,49.827034140704136,50.490814208984375,6208700
2011-03-15,48.080249386792126,49.47767918028857,47.818232341676385,49.329200744628906,13460200
2011-03-16,49.372866486029174,49.739692990717636,47.757092036453386,48.246192932128906,12467700
2011-03-17,48.63048022828713,48.88376477770238,48.08897797194144,48.6654167175293,7536000
2011-03-18,49.33792933667275,49.84449510576815,48.97983864984992,49.48640441894531,10996300
2011-03-21,50.412200223329386,50.700417924682185,49.96676832342925,50.674217224121094,6313200
2011-03-22,50.41220531201518,51.154587444483376,50.16765319909412,50.80522918701172,5635400
2011-03-23,51.00611142986821,52.779096724970124,50.93623844694439,52.64808654785156,8172200
2011-03-24,53.00616627945534,53.60007318441225,52.22884782989523,52.39479446411133,12404200
2011-03-25,52.490875952177845,52.9363078914107,51.72229312621804,51.984310150146484,7526500
2011-03-28,51.434075690159325,51.96684556431526,51.04104846072238,51.075984954833984,6115400
2011-03-29,51.0235817803162,51.86204100610192,50.6916950712479,51.12839126586914,7364500
2011-03-30,51.76595714047459,52.18518500514383,51.22445489840935,52.089111328125,8175500
2011-03-31,52.621885420201295,52.91883893177525,52.28126296051617,52.490875244140625,6820900
2011-04-01,52.298733295652994,52.61315506537928,51.90570608349513,52.202659606933594,6738400
2011-04-04,52.46467355418089,53.00617583036748,52.1677200481959,52.18518829345703,4070600
2011-04-05,52.25506403896862,54.79663555369622,52.12405385844282,54.77043151855469,11402200
2011-04-06,55.22459750819257,55.61762472931584,54.46474710183917,54.822837829589844,9953500
2011-04-07,54.72675907352529,55.42547221767198,54.394869080657955,54.59574890136719,7358200
2011-04-08,55.530288899317746,56.01938649787168,55.32067326298927,55.85344314575195,7970000
2011-04-11,55.75735957149991,55.766092027757836,53.748558127758656,54.23765563964844,10108200
2011-04-12,53.9057786114379,54.31627076333377,52.86643954979189,53.373008728027344,10917800
2011-04-13,53.87084460207011,53.99311900749846,52.84897374063897,53.1546630859375,7912400
2011-04-14,53.25072812740741,54.15032110542551,53.102249708007335,53.835899353027344,10613900
2011-04-15,53.870836163957826,54.06298353194956,53.311865637138766,53.66122055053711,9797800
2011-04-18,53.58262103486695,53.66996227166639,51.993047174119816,53.12845993041992,13988800
2011-04-19,53.145918655456605,53.897036545801754,52.892637427559976,53.835899353027344,7253700
2011-04-20,54.473471939335404,55.119783649410074,54.21145493914774,54.23765563964844,10690700
2011-04-21,54.71802213768258,54.997507372462834,54.290058497829,54.70055389404297,7236100
2011-04-25,54.91017260344593,54.93637663784641,53.189592049447185,53.48654556274414,9336200
2011-04-26,53.10225369173386,53.16339088909477,52.22886135031808,52.59568786621094,8200000
2011-04-27,52.94504017123749,53.95817510363617,51.97557418739284,53.80970001220703,12458900
2011-04-28,53.95817287657608,54.665621808170215,53.37300166030445,53.52147674560547,9883500
2011-04-29,53.7922309363113,54.58701778194737,53.425404444318495,54.32500076293945,10129400
2011-05-02,53.66996386834866,54.29007167529908,52.04545346455254,52.50835037231445,12053300
2011-05-03,52.255058031455725,52.44720205394912,50.28118975190239,50.84889602661133,19236200
2011-05-04,50.94498000538805,51.4253451563473,49.80956722637652,50.953712463378906,15991400
2011-05-05,50.08904316757776,50.70041839626296,48.246188356889846,49.006038665771484,23610000
2011-05-06,49.6610874626749,50.368533104076356,48.866300590915245,48.98857498168945,12707600
2011-05-09,49.62615530269986,50.05411903949642,49.16325840243775,49.96677780151367,8612300
2011-05-10,50.09777154410479,50.19384520847832,49.547533586518654,49.573734283447266,10316100
2011-05-11,49.47767762488579,49.7309588725565,47.591150294939695,47.95797348022461,15720200
2011-05-12,47.433938655839015,48.39466888643401,46.82256335831159,47.730892181396484,14713600
2011-05-13,47.75709890668764,48.32480532562777,46.612953610363746,47.34660339355469,13901400
2011-05-16,47.294195600994605,48.438337411283364,47.014710324303664,47.57368087768555,14157200
2011-05-17,47.34659777113254,48.158852910771536,46.82256370182296,48.045310974121094,14210100
2011-05-18,48.33352831850346,48.8488298906827,48.06277551558654,48.377197265625,11678200
2011-05-19,48.324794933882366,48.77895597329855,48.03657389130555,48.56060791015625,7864500
2011-05-20,48.56060908456631,49.35539592035665,47.63481540675849,48.70035171508789,19310600
2011-05-23,48.35973494586048,49.163257664604856,47.9667077101555,48.333534240722656,11369900
2011-05-24,48.79643335486289,49.68729401909658,48.761500190331745,49.442745208740234,11177000
2011-05-25,49.52134333548394,50.22005649868544,49.23312228156679,49.853233337402344,8180600
2011-05-26,49.827035697273836,49.98424659563416,49.18072718777261,49.870704650878906,7962300
2011-05-27,50.21132411151056,50.73535815170767,50.176387620370164,50.58687973022461,7031300
2011-05-31,51.05851499388771,51.0934514868266,50.15018616784067,50.78776550292969,8879000
2011-06-01,50.66549298819052,51.006118831784356,49.78336810699173,49.844505310058594,9626300
2011-06-02,49.91437791305119,50.37727482743362,48.75276440040321,49.442745208740234,9937100
2011-06-03,49.18072170583315,49.748424702875084,48.9099688928971,49.33793258666992,9447200
2011-06-06,49.13704768406957,49.60868030986637,47.70468489318486,47.879364013671875,10447800
2011-06-07,48.2811295635437,48.47327695275246,47.530011585794014,47.74835968017578,9865400
2011-06-08,47.233058207679804,47.51254348320346,46.11511377385789,46.66535186767578,13321700
2011-06-09,46.8138308426568,47.82696588333179,46.50814483838193,47.48634338378906,9639300
2011-06-10,46.94483467502566,47.09330976221068,46.20245257564633,46.6391487121582,10939500
2011-06-13,46.420801583101195,46.86623018539541,45.55614174935373,45.87056350708008,9552300
2011-06-14,46.0452455968957,46.93610619058306,46.0452455968957,46.63041687011719,7111100
2011-06-15,46.29852513709531,47.206853944013716,45.87056476865211,46.34219741821289,11589200
2011-06-16,46.202448640065455,46.33345547082343,44.63034001715518,45.224246978759766,14785800
2011-06-17,45.24172313636663,46.02777758532093,45.049579084632455,45.390201568603516,12022000
2011-06-20,45.38146957818421,46.01904564827283,45.37273711989925,45.6347541809082,8240800
2011-06-21,45.96664541318759,47.28546654204513,45.90550820844287,47.17192459106445,11127400
2011-06-22,47.23306198513338,48.38593967180142,47.18938970031171,47.739627838134766,13614500
2011-06-23,46.51688025589007,47.17192459106445,45.879304169461,47.17192459106445,17473700
2011-06-24,47.075839593885284,47.075839593885284,45.79195202970015,45.9229621887207,9523200
2011-06-27,45.617278943164166,46.16751701918528,45.24171999162737,45.87056350708008,8743900
2011-06-28,46.14132097428191,46.68282331628998,45.687156537468596,46.42953872680664,8985900
2011-06-29,47.005978234902464,48.03658152321139,46.71776047826153,47.48634338378906,11305800
2011-06-30,47.73962306492585,47.89683394572812,47.206853227954525,47.67848587036133,9545400
2011-07-01,47.34659593756298,47.37279997222282,46.307260296600326,46.93610382080078,10228300
2011-07-05,47.9754438342095,48.68289286341138,47.643553795996915,48.403404235839844,11813200
2011-07-06,48.770236801486895,49.32047500337103,48.61302588666286,49.023521423339844,9346200
2011-07-07,49.39032815038641,49.739686362417416,49.12831115722656,49.12831115722656,10928500
2011-07-08,49.46893975908513,49.765893276876376,48.89250096945827,49.16325378417969,8155800
2011-07-11,49.32046468424843,49.61741820214923,48.307329740538755,48.57807922363281,13055100
2011-07-12,48.5431369426556,50.438396295122324,48.490732214615704,50.10650634765625,16395200
2011-07-13,50.91003666111532,52.37733595402716,50.79649473214328,51.765960693359375,20717500
2011-07-14,52.403537090176386,52.508343231473134,51.28559603173865,51.33799743652344,16631100
2011-07-15,51.61748333059119,52.16772140963162,51.46900823958745,52.15898895263672,8716600
2011-07-18,52.74416379385059,53.268201205971266,52.61315693961599,52.91011047363281,13536900
2011-07-19,53.16338572631222,53.224522917736,51.82709663986804,52.12405014038086,12716600
2011-07-20,51.80089922848431,52.87517137252709,51.56508290441727,52.709224700927734,8719100
2011-07-21,52.91884490824865,53.08478826250302,52.17646271133524,52.44721221923828,10937800
2011-07-22,52.79656846521424,53.276933593564834,52.53455142536187,53.067317962646484,6874300
2011-07-25,53.65248902115467,53.897037797933635,52.51707970246021,52.64808654785156,9478200
2011-07-26,52.61315706776921,52.9013748131693,52.26379879217114,52.65682601928711,6589300
2011-07-27,52.927575830292284,53.224529366786044,50.96244301483499,51.075984954833984,14018900
2011-07-28,50.77029800415039,50.91877310373623,49.91437390490656,50.77029800415039,12542600
2011-07-29,50.595611265177496,50.595611265177496,49.57374064145893,49.68728256225586,13971800
2011-08-01,49.77462792157685,50.85763249211364,49.565012306654836,50.097782135009766,10818000
2011-08-02,50.72662757361666,51.55634761270569,50.333600363048156,51.049781799316406,13021100
2011-08-03,51.66115740503486,52.20265971416056,51.45154178087767,51.70482635498047,12672400
2011-08-04,52.15025850493676,52.16772675244279,47.966708181476875,48.822635650634766,24418000
2011-08-05,49.084652559721206,49.92310844725323,46.97104126170742,48.403404235839844,17767700
2011-08-08,49.07591214502122,50.639285161872856,48.27239282812842,48.420867919921875,26913200
2011-08-09,49.241855926920536,50.4122016737407,47.94923579832809,50.39473342895508,23868200
2011-08-10,50.42093446092317,52.86643210758738,49.538809749690316,51.79216003417969,23957300
2011-08-11,51.495207203690676,52.70048946365298,50.473339851700764,52.272525787353516,20157100
2011-08-12,51.713558064860514,51.958110178130596,50.85763399773339,51.722293853759766,13455500
2011-08-15,51.59128100442622,53.27692834821107,51.180785572311926,53.18959045410156,11934000
2011-08-16,53.16338813586953,53.469077438570444,52.4035377710726,52.64808654785156,11112800
2011-08-17,52.700492206593424,53.766031892723866,52.64808746848418,53.04985046386719,8825900
2011-08-18,53.311868393358225,53.390473835989,51.783431822436675,52.19392395019531,11366200
2011-08-19,52.96250319366384,53.940701538055194,52.80529232899222,53.504005432128906,15347500
2011-08-22,54.26386051657373,55.94077534098685,54.019308425095105,55.63508605957031,21888700
2011-08-23,54.61321273834869,55.076112866011286,52.96250202737401,53.70488739013672,22696900
2011-08-24,53.21579049355846,53.46907504774108,51.346731596373445,52.36859893798828,18463200
2011-08-25,51.54761259919293,53.669956099287646,51.15458540811481,53.33806610107422,15036200
2011-08-26,53.42540820262578,54.64815881964888,52.03671757102115,54.56955337524414,12205600
2011-08-29,54.78790392992638,54.88397762538555,53.39920990403371,54.106658935546875,12107900
2011-08-30,54.76169514760471,55.27699671219665,54.22019288147105,55.023712158203125,11241500
2011-08-31,55.041184547455984,55.41674351255794,54.07171853669174,54.849037170410156,11582100
2011-09-01,54.927646162284155,55.80977433052118,54.429812772973165,55.35560989379883,12892500
2011-09-02,56.18532920418939,57.06745064435397,56.106720430869586,56.691898345947266,18725800
2011-09-06,57.006314280667546,58.23780066082868,56.22899564231442,57.06745147705078,23412000
2011-09-07,55.678754115681116,57.17225401469904,55.111047839065755,57.146053314208984,15155100
2011-09-08,58.20285810258452,58.46487843889495,57.64388760434597,58.194122314453125,16666600
2011-09-09,57.63515539714935,58.499818562623844,57.04124837293905,57.469215393066406,14665800
2011-09-12,56.55215079074076,57.2945329047237,54.447275504617025,55.80976867675781,18843400
2011-09-13,55.88838837153049,56.55216521543472,54.91892214904655,56.23774337768555,10438400
2011-09-14,56.13292572665655,56.16786222171761,55.023720328152145,55.17219543457031,11954300
2011-09-15,54.718030321110334,54.93637840167067,53.58261763681476,54.849037170410156,14250700
2011-09-16,55.032442069856906,56.08051339551001,54.90143523647958,55.9931755065918,12489200
2011-09-19,55.958245170412624,56.56088799807465,55.21586303780919,55.44294357299805,12326100
2011-09-20,55.504081626611445,57.984515964632664,55.20712810263259,57.320735931396484,15775600
2011-09-21,57.16352234165659,58.42994515195539,56.14165496826172,56.14165496826172,16292300
2011-09-22,53.33806472471087,53.477807352185195,51.22445706769582,51.79216003417969,27372500
2011-09-23,50.23752474851076,50.51701001381517,47.98417104880093,49.26805877685547,30082300
2011-09-26,48.700345783257,50.263718562356665,48.019100958907586,50.08030700683594,23422700
2011-09-27,51.9319126677841,52.1415283152474,49.57375245952842,49.844505310058594,26567200
2011-09-28,50.01917971953221,50.57815028414439,47.59115008010028,47.63481903076172,16821800
2011-09-29,48.508214273488896,48.80516782017387,47.24179463816395,48.062782287597656,17720900
2011-09-30,47.52127355471245,49.4165365241692,47.38153092396615,48.202518463134766,15197400
2011-10-03,49.11084279259763,49.53880643469612,47.52126926204922,47.55620574951172,16264400
2011-10-04,46.94483248392741,46.94483248392741,44.036434751275614,45.853092193603516,29700000
2011-10-05,45.949168815782876,48.0540440970989,45.57360986531458,47.94050216674805,20112000
2011-10-06,48.02784145313893,49.15451492727227,47.27672358256535,49.145782470703125,17540800
2011-10-07,49.47767115674691,49.65234693734613,47.364060227881446,47.931766510009766,14417500
2011-10-10,49.163258206110406,49.64362335205078,48.630488317589645,49.64362335205078,11984300
2011-10-11,49.171991606395615,49.870704862220485,48.67415820338742,49.70476150512695,11868600
2011-10-12,50.25499164806327,50.525741117478816,49.65234885386309,50.12398147583008,11025600
2011-10-13,49.6610834123242,49.78335779312574,48.60427959913724,49.15451431274414,11561200
2011-10-14,49.67855656052971,50.656755035222766,49.547546378609745,50.62181854248047,8425200
2011-10-17,50.534474794116065,50.63928092848666,49.276787854761096,49.42526626586914,8866200
2011-10-18,48.71782122185673,49.92310352364414,47.4077327773961,49.75716018676758,14667100
2011-10-19,49.35540128664856,49.372869533828926,46.665354523694106,46.77016067504883,17339800
2011-10-20,46.29851848035443,46.96229840986788,45.44259453480439,46.40332794189453,16157100
2011-10-21,47.320389095708045,47.652279060615996,46.67407740949012,47.14570999145508,9628300
2011-10-24,47.512541644707646,49.10211533713768,47.50380585608897,48.9361686706543,12321400
2011-10-25,49.06718290780002,50.84890411660246,47.984174918608105,50.1763916015625,20170000
2011-10-26,50.77902546951058,51.215721599563786,49.512606026010864,50.630550384521484,14249400
2011-10-27,51.364207468122714,52.089121416682396,50.77903283645708,51.626224517822266,16160500
2011-10-28,51.346733578239906,53.110986405548836,51.13711796247777,52.8227653503418,11921100
2011-10-31,52.18519124257583,52.20265948882413,51.28559821701555,51.38167190551758,10746500
2011-11-01,49.46020909696194,51.85330224036951,48.93617169445656,51.1021842956543,14572300
2011-11-02,51.966839299322295,53.05857962073663,51.4864742242454,52.36859893798828,11390400
2011-11-03,53.37299903496089,54.0018424987793,52.394800682586514,54.0018424987793,11762100
2011-11-04,53.37299711347707,53.68741883406676,52.34239406564498,53.5389404296875,7508000
2011-11-07,54.0280560046812,55.303208147008725,54.01932021465381,55.28573989868164,11832200
2011-11-08,55.06738599136937,55.635092341150155,54.58702087402344,54.58702087402344,11886800
2011-11-09,53.95817370833296,55.06738229790383,52.9887077495577,53.00617599487305,15054500
2011-11-10,53.27693834429581,53.46034995537463,51.76596983696163,52.55202102661133,14523500
2011-11-11,53.049855744038034,54.648162100589445,53.049855744038034,54.42108154296875,7928100
2011-11-14,54.193997465157466,54.49095101284576,53.12846100840452,53.425411224365234,7790100
2011-11-15,53.36427565500063,53.83590836252613,52.770368541463554,53.56515884399414,7028900
2011-11-16,52.883905815066015,53.757298159928304,52.58695228454374,52.674293518066406,7930400
2011-11-17,52.08038524765504,52.27252929348831,50.33360059849283,50.543212890625,18674200
2011-11-18,50.75282708729971,51.13711849988717,49.58248127200241,49.83576583862305,12504500
2011-11-21,49.02351093760584,49.09338058940089,47.96670371805837,49.08464813232422,14780200
2011-11-22,49.52134482011466,50.324864148953786,49.119585155695106,49.81829833984375,12750700
2011-11-23,49.16325559422967,49.33793472848992,48.13265236699427,48.464542388916016,15222200
2011-11-25,48.01037555258891,48.77022591683463,47.83569642713328,47.85316467285156,5170700
2011-11-28,49.320464454121066,49.72222411419247,48.735289878167286,49.08464813232422,9859400
2011-11-29,49.1021247377484,49.879443487271026,48.93617803949449,49.311737060546875,7563000
2011-11-30,51.26812720669284,52.84023263528141,51.14585282127431,52.761627197265625,17914300
2011-12-01,52.6830261080766,53.28566562812563,52.054182552041155,52.665557861328125,11337300
2011-12-02,53.03237515560236,53.16338198583862,50.71788450576667,50.87509536743164,15115100
2011-12-05,50.848902822337564,51.94937569874772,50.22879173222252,50.534481048583984,10462500
2011-12-06,50.21132215395754,51.94063841726102,49.87069637620926,51.547611236572266,13805500
2011-12-07,51.59128242543731,51.783429795843176,50.89256925813486,51.495208740234375,11633100
2011-12-08,50.76156646937463,50.87510841675069,49.757167186363795,50.01044845581055,15134300
2011-12-09,50.15891964324714,50.70915772060797,49.85323367345067,50.508277893066406,8459300
2011-12-12,49.180726323476485,49.19819457095704,48.21126024453432,48.735294342041016,13465800
2011-12-13,48.875031713549504,49.49513943938792,46.918634851127166,47.1981201171875,17873300
2011-12-14,46.219920340035344,46.48194070348559,45.005905538728165,45.748291015625,30181400
2011-12-15,46.2985272123994,46.412069151285465,45.04084342225632,45.13691711425781,20605600
2011-12-16,45.85309262748207,46.44699961757619,45.451332996455754,46.01030349731445,16285400
2011-12-19,45.844367362162764,45.89676877250856,44.56921195886571,44.69148635864258,15120200
2011-12-20,45.748296972675256,46.508147463132815,45.7395611825015,46.28106689453125,11644900
2011-12-21,46.42080278144035,46.66535156299505,45.78322346085456,46.25485610961914,8724300
2011-12-22,45.90549732481052,45.95789872689496,45.215516655731484,45.76575469970703,13179600
2011-12-23,46.063562231993835,46.23874282836914,45.85334484808508,46.23874282836914,4729000
2011-12-27,45.870864566829155,46.00225085322871,45.26649500023373,45.43291473388672,4786400
2011-12-28,45.34532954965351,45.43291818638113,43.80374414942591,43.84754180908203,14170400
2011-12-29,43.374546371893416,44.8460578918457,43.11177717360728,44.8460578918457,12196600
2011-12-30,45.213939416013424,45.61685579812541,44.74971366642922,45.04751968383789,10001400
2012-01-03,46.238740701027595,47.31609680842482,46.21246144094057,47.12339782714844,13011400
2012-01-04,46.95697867264407,47.77156557804432,46.72048537675769,47.07084655761719,8184000
2012-01-05,46.65040857226612,47.53506898906834,46.212458797177554,47.21098709106445,7415800
2012-01-06,47.41244434969222,47.55258814632433,46.6153758798549,46.72924041748047,7757700
2012-01-09,46.904423872054615,47.25478505574458,46.58034194898113,46.99201583862305,5513900
2012-01-10,47.99929597637688,48.23578926225983,47.64017728476759,47.71025085449219,6615000
2012-01-11,47.70149708659072,47.74529140354023,47.009535518394955,47.57011413574219,6838500
2012-01-12,48.03432911224418,48.56862834628446,47.57010344260525,47.929222106933594,8358700
2012-01-13,47.33361918241335,47.44748373429714,46.62413924364502,47.342376708984375,7322500
2012-01-17,47.7715653385104,47.7715653385104,46.30005373234587,46.58034133911133,8412800
2012-01-18,46.48399175307247,46.93070242258277,46.378884736072564,46.632896423339844,7007800
2012-01-19,46.571580086657676,46.79055498646244,45.17890293153949,45.678165435791016,12918900
2012-01-20,45.60809538729005,46.229983348866824,45.32780776119088,45.704444885253906,8845400
2012-01-23,45.91466129703509,46.659178056975,45.91466129703509,46.43144226074219,12818900
2012-01-24,45.99348773155867,46.05480377915455,45.29276870144757,45.38911819458008,12761700
2012-01-25,45.178906622001655,48.53360062356884,44.90737652119862,48.375938415527344,26995600
2012-01-26,49.10293292368147,49.73357836546297,48.621185469227235,48.84016036987305,20174200
2012-01-27,48.87520622933378,50.25036859337841,48.80513598559066,50.048912048339844,14823200
2012-01-30,49.400748628021084,49.84745604293514,48.87520675844236,49.45330047607422,8660600
2012-01-31,50.381755440091894,50.54817519441429,48.83141243796725,49.45330047607422,14442300
2012-02-01,49.961317360737596,50.057666857852574,49.37446285162453,49.54088592529297,8178400
2012-02-02,50.005112662240336,50.749626050706865,49.65475145514309,50.337955474853516,10696000
2012-02-03,49.72482424932907,49.87372558815859,49.00658679326328,49.43577575683594,16557400
2012-02-06,49.0678983357358,49.751098987142306,48.927754526696205,49.20804214477539,9668400
2012-02-07,49.12922013934917,49.61972523244789,48.42850096441714,48.945281982421875,13118400
2012-02-08,49.1730108892918,49.51461125342604,48.49856768825831,48.6474723815918,8798100
2012-02-09,49.225560838427725,49.42701735631857,48.393455505371094,48.393455505371094,8596700
2012-02-10,47.771566071770295,48.03433528948475,47.36865304852201,47.7277717590332,9900900
2012-02-13,47.96426097847807,48.10440478185678,47.41244663215109,47.56134796142578,6050800
2012-02-14,47.56134791412082,47.780322815512996,46.589098817332896,47.09712219238281,10699100
2012-02-15,47.675224611168005,47.701500534978784,46.878155956414105,46.91319274902344,10014200
2012-02-16,46.37012749925684,48.30586831653247,46.15115258094308,48.13068771362305,15885900
2012-02-17,48.43725243136793,48.48104674782887,47.33362028660829,47.429969787597656,9653200
2012-02-21,48.18323933386198,48.9189951896621,47.91171257482936,48.89271926879883,11722700
2012-02-22,48.682503533655485,49.926279417067555,48.44601023019855,49.77737808227539,13146400
2012-02-23,49.96131512837713,50.54816626997661,49.724821830014214,50.15401077270508,14465100
2012-02-24,50.057673459025125,50.18029889287242,49.20804960837964,49.45330047607422,9122200
2012-02-27,49.28687774537602,49.61095970687187,48.81389109370602,49.10293960571289,8395400
2012-02-28,49.532116696259074,50.31166672671735,49.225553203817555,50.2153205871582,15019900
2012-02-29,50.37298277912611,50.7233439434939,48.0606084499154,48.524837493896484,34053800
2012-03-01,48.647469344478694,49.38322521410009,48.35842084438465,48.95403289794922,15032900
2012-03-02,48.51607797059457,48.63870337913156,47.74528539241549,47.99053955078125,12757700
2012-03-05,47.59638904666997,47.683977678708544,46.615382334411,46.96574020385742,13539600
2012-03-06,46.02852054369722,46.05479980219528,45.23145208928267,45.95845031738281,20943600
2012-03-07,46.054804899568055,46.35260757097976,45.48546879427538,46.13363265991211,11751800
2012-03-08,46.624133687800956,47.04456508024447,45.958451485088325,46.702964782714844,9950500
2012-03-09,46.378884736072564,47.24602347358249,46.10735465575666,46.632896423339844,8384800
2012-03-12,46.378888281534785,46.63289998822015,45.739481922193484,45.87086486816406,8761400
2012-03-13,45.73072370652758,46.30005986262856,45.36284742692431,45.64313507080078,13602500
2012-03-14,44.977441517802454,44.977441517802454,43.51469084184227,43.90008544921875,24309200
2012-03-15,43.99643745310655,44.61832538056906,43.724907368402754,43.917606353759766,11196700
2012-03-16,43.75118767475629,44.0665120796801,43.61980139227404,43.73366928100586,11395500
2012-03-19,43.85628824979614,44.25044369801638,43.43585688545837,43.44461441040039,11432600
2012-03-20,42.91032391689962,43.78622353818419,42.41105805877888,43.67235565185547,15287200
2012-03-21,44.03148094741662,44.23293748948294,43.54973675192825,43.58477020263672,14024800
2012-03-22,42.708865100719954,43.03295037419482,42.43733834995536,42.70010757446289,11460500
2012-03-23,42.989161445084164,43.84754280135073,42.770186507017414,43.58477020263672,14594200
2012-03-26,44.504463967600664,44.627089388259876,43.97016462790657,44.3468017578125,12638700
2012-03-27,44.53073914774772,44.548257542020664,43.619802693306944,43.71615219116211,10166200
2012-03-28,43.488421683876524,43.576010317847775,42.59500358394247,42.85777282714844,14557900
2012-03-29,42.70886136829759,42.997909828899665,42.08697347834314,42.97163391113281,12259600
2012-03-30,43.46214482776027,43.47090569641793,42.7526681659397,43.39207458496094,9890400
2012-04-02,43.39207182901529,44.46066718820565,43.28696145955354,44.1365852355957,13114500
2012-04-03,44.20665602886763,44.20665602886763,42.34974638092487,42.70010757446289,17390400
2012-04-04,41.806690923634285,41.84172771240765,40.300142419300485,40.913272857666016,27237700
2012-04-05,41.12348891077538,41.23735679993728,40.29138358159278,40.4665641784668,11559200
2012-04-09,40.80816055168603,41.281147115041364,40.632979971781275,40.71181106567383,9302200
2012-04-10,40.676778307150656,41.333703040839545,40.27386527239822,41.20232009887695,18461300
2012-04-11,41.307424547003855,41.36873725102464,40.60670554298646,40.72057342529297,10167900
2012-04-12,40.694299356049235,42.33223420464195,40.68554182919715,42.1745719909668,14841700
2012-04-13,41.97311232632982,42.09574109190971,41.386261126869606,41.6052360534668,12925100
2012-04-16,41.465089653081606,41.8154508503456,40.63298431554863,40.851959228515625,12576000
2012-04-17,41.00962202341948,41.789172190195565,40.71181600384627,41.263633728027344,10549000
2012-04-18,40.86071907714927,41.39501504477886,40.6417441696432,40.84320068359375,10432800
2012-04-19,41.12348961111996,41.40377723437497,40.67677891441901,40.82568359375,10358700
2012-04-20,40.93078747465972,41.219835943426325,40.37896979692731,40.396488189697266,10535400
2012-04-23,39.77460533061407,39.80964212060107,38.697249098205404,39.450523376464844,19325900
2012-04-24,39.72204311391849,39.82715346527253,39.23154150609939,39.53810501098633,10375100
2012-04-25,39.827157464216626,40.63298352442558,39.503072193605156,40.54539489746094,21177600
2012-04-26,40.571661967441216,40.68552983069094,40.177506549493096,40.51034927368164,12882600
2012-04-27,41.04465875932647,41.26363367516471,40.7380918723777,40.992103576660156,9498400
2012-04-30,40.615473393556236,40.79065402441609,40.037379650623556,40.632991790771484,9197900
2012-05-01,40.65050096677023,41.079693247953664,40.396489276708444,40.67677688598633,8883700
2012-05-02,40.3526986051219,40.378974526708774,39.67825544029084,39.99357986450195,10172800
2012-05-03,39.450526166907935,39.54687567554114,38.014051088757256,38.43448257446289,19120600
2012-05-04,38.38192132520851,39.18775071820543,38.3556454056548,38.583377838134766,14631400
2012-05-07,38.618417479719426,38.88118671855604,37.742517789402626,38.25053787231445,13775000
2012-05-08,37.43595722148766,37.532303388424985,36.551296592553136,36.93669128417969,23654800
2012-05-09,36.253480952983395,38.21549736715268,35.99946928778758,37.68119812011719,28890800
2012-05-10,38.14543245126356,38.443238492162955,37.38340062416216,37.74251937866211,18881400
2012-05-11,37.29581352107183,37.92645907850028,37.07683858027068,37.15566635131836,12632900
2012-05-14,36.411139369979246,37.01550877932815,35.86808265398641,35.88560104370117,21789800
2012-05-15,35.8856068056104,36.20968871414115,34.37905846115656,34.457889556884766,24527000
2012-05-16,34.55424710791469,35.61408504344388,34.23016512376372,34.650596618652344,28720000
2012-05-17,35.19365409303227,36.761515530782575,35.14109890237343,36.20969772338867,30740700
2012-05-18,36.95419943885111,37.497259545407346,36.297274800754714,36.45493698120117,21909600
2012-05-21,36.47246177585465,37.76879288833578,36.46370424931076,37.67244338989258,13536300
2012-05-22,37.628648962079055,38.329368028718015,36.96296668409506,37.260772705078125,20767800
2012-05-23,36.8928859637255,38.92497253417969,36.17464864182141,38.92497253417969,31400000
2012-05-24,39.19651098804589,39.660736752880766,38.27681698507642,39.09140396118164,21742500
2012-05-25,39.18775332067046,39.54687205735194,38.88118642658638,39.33665466308594,12572600
2012-05-29,39.783356703710695,39.835911880561866,38.2592933292351,38.618412017822266,16699100
2012-05-30,38.04032172279311,39.266582558220456,37.418433778827115,38.74980163574219,20220700
2012-05-31,38.81988001846604,39.28410585700188,37.78631795655053,38.346893310546875,15763700
2012-06-01,39.266576203997374,41.05340864530654,39.2227785559473,40.799400329589844,35430300
2012-06-04,41.09720730488803,41.47384439722855,40.16875587461846,41.456329345703125,20460800
2012-06-05,41.25487076959427,41.69282057963792,41.03589586457245,41.631507873535156,14154900
2012-06-06,42.37602804442575,42.673834073427045,41.08845442767134,41.71034240722656,24414600
2012-06-07,41.780410775986425,41.82420508687664,39.7921183216867,40.282623291015625,28584100
2012-06-08,39.73080915159006,40.85195964828795,39.47679744802818,40.5804328918457,14443000
2012-06-11,40.86947955784741,40.91327387425625,39.87971196880524,39.99357986450195,13785700
2012-06-12,40.396490348841816,41.11472778434008,40.30014085410318,40.95706558227539,13719300
2012-06-13,41.281147201112525,41.58771071061629,40.834436554359435,40.983341217041016,13250500
2012-06-14,41.289906589342436,41.3161825081163,40.46656216860732,41.1059684753418,15090600
2012-06-15,41.2461222652708,41.272398190407316,40.78189643429845,41.09721755981445,12873200
2012-06-18,40.58043640418569,41.9731137778656,40.42277418427998,41.80669403076172,13099100
2012-06-19,41.85047847855307,41.94682796146977,41.359976880128485,41.76288986206055,10395000
2012-06-20,41.25486579185729,42.34974018486084,40.72932741973218,41.403770446777344,21410300
2012-06-21,40.527875228157406,40.62422471956099,39.24030173629462,39.25782012939453,17763000
2012-06-22,39.18775123014546,39.72204720203836,38.5658599484841,39.047607421875,13971400
2012-06-25,38.64468952701088,39.80963760216417,38.425714626384334,39.555625915527344,11187900
2012-06-26,39.20526929309098,39.616943223312795,38.451998354101654,38.93374252319336,10339500
2012-06-27,39.15271540953095,39.24030403887828,38.259297356761635,38.78483581542969,9853800
2012-06-28,38.29433371873156,38.53958455120762,37.31332370624331,37.93521499633789,15493700
2012-06-29,39.406718728507705,39.48554981466548,38.66220217228618,39.214019775390625,12481800
2012-07-02,38.9337420929661,39.4505230464283,38.87242938164788,39.20526885986328,6302200
2012-07-03,39.83591178430476,40.7906424430649,39.81839339206336,40.6855354309082,11298800
2012-07-05,40.29138419335156,40.65926044520982,40.011096570614214,40.089927673339844,8584600
2012-07-06,39.42424940588938,39.77461067020966,38.75856701323201,38.916229248046875,12260200
2012-07-09,38.811115363435185,38.98629262342149,38.36440466311076,38.75856018066406,8547200
2012-07-10,39.12643876922099,39.27534345863872,37.35712428055564,37.54981994628906,14906800
2012-07-11,37.260771468897644,37.2695289951248,36.34107751561544,36.76150894165039,16633700
2012-07-12,36.0870679571052,36.84034222638204,35.43890071524377,36.533775329589844,24067000
2012-07-13,36.84033602706478,37.23448814886959,36.56880596553356,37.05931091308594,13690600
2012-07-16,37.11187088192334,37.16442606895306,36.700200278047014,36.92793273925781,7989500
2012-07-17,36.88413551451096,36.9542057504039,35.91188634946743,36.52501678466797,12185200
2012-07-18,36.16589533127963,36.41990701750832,35.91188364505094,36.016990661621094,8492600
2012-07-19,36.39363218561297,36.68268069296579,36.22721244402003,36.42866897583008,7725100
2012-07-20,36.21844860353798,36.67391681510555,36.18341515748813,36.54253387451172,8173800
2012-07-23,35.90312437530674,35.964437077102204,35.48268964686405,35.649112701416016,10124000
2012-07-24,35.955674897557216,36.06078190518433,35.38634221005978,35.666629791259766,8483400
2012-07-25,36.393631655465,37.33960492979357,36.043273782274255,36.752750396728516,14456000
2012-07-26,36.85786473929302,37.62865414818255,36.621371395215824,37.51478958129883,13397600
2012-07-27,37.68996158690897,37.91769737136257,37.138147202647225,37.77755355834961,12202100
2012-07-30,37.67243935752669,38.33812490753981,37.584850736294726,38.29433059692383,7071700
2012-07-31,38.31185825594751,38.52207233426555,37.47099191879775,37.51478958129883,9413800
2012-08-01,37.30456565362787,37.707478684523366,35.99071619882711,37.00675964355469,30714900
2012-08-02,36.77902825598487,37.56733594654745,36.48122223742779,36.82282257080078,11901900
2012-08-03,37.26952750638677,37.672440522581006,37.07683186545882,37.54105758666992,14580100
2012-08-06,37.60237012946742,38.679726237491245,37.52353903174412,38.3030891418457,12916100
2012-08-07,38.57462715002362,38.75856530208944,38.33813380824221,38.74104690551758,8880400
2012-08-08,38.600892980578706,39.31913034575242,38.469506711291864,38.53082275390625,10652200
2012-08-09,38.53958531605271,39.178991671477625,38.3030920052037,39.03009033203125,8443400
2012-08-10,38.96001763061346,39.32789723618921,38.84614973587666,39.28409957885742,5845300
2012-08-13,39.41548389355374,39.71328990551227,38.60089695911694,38.74980163574219,8020400
2012-08-14,38.60089689946986,39.012570799824275,38.41695877682757,38.478271484375,6268600
2012-08-15,38.54833835635842,38.70600054524264,38.27681162984023,38.67096710205078,4683000
2012-08-16,38.88118957235014,40.00234018903215,38.7673216686895,39.984825134277344,14382600
2012-08-17,40.07240989923192,40.20379618623804,39.46804032984636,39.71329116821289,7456000
2012-08-20,39.695768848682775,40.08992432943437,39.284094975309806,39.95853805541992,6397600
2012-08-21,40.606711036020656,41.36874284714197,40.361460186761434,40.624229431152344,16393800
2012-08-22,40.685542030017025,41.6052360534668,40.24759217682264,41.6052360534668,15922200
2012-08-23,42.008154396906136,42.17457750046635,41.47385497424097,41.5351676940918,14891700
2012-08-24,41.46509314666913,41.85048782309685,41.21984229269625,41.66654968261719,7617800
2012-08-27,41.68407010723512,41.75414035122736,40.98335096085048,41.0797004699707,8282900
2012-08-28,41.2285952889528,41.50888290306016,40.99210198805749,41.03589630126953,7093000
2012-08-29,41.132254416881864,41.17604873927367,40.51912387951869,40.632991790771484,8076100
2012-08-30,40.65925290387654,40.80815755531421,40.15999045964631,40.308895111083984,8065700
2012-08-31,40.668020310458616,42.09573765072299,40.256346412895354,41.99062728881836,26221700
2012-09-04,42.10450128544687,42.16581400147388,41.44757646404969,41.841732025146484,10668700
2012-09-05,41.8066881529317,42.02566305631472,41.42129352584264,41.981868743896484,6741300
2012-09-06,42.44610060629776,43.059231092669016,42.2183681440245,43.032955169677734,15134600
2012-09-07,44.02271065414332,44.43438451878894,43.86505180647674,44.19789123535156,18402500
2012-09-10,44.05775315501578,44.16286018086141,43.26944544923545,43.339515686035156,11893500
2012-09-11,43.73366230228993,44.101538488469934,43.427098813806595,43.62855529785156,9796700
2012-09-12,43.96140366452396,44.005201321486105,42.665072541196565,43.803741455078125,18235400
2012-09-13,43.69863362365367,46.01100819784244,43.12930084785425,46.00225067138672,32409600
2012-09-14,46.44895464077784,47.368651892266705,46.42267872203535,47.17595291137695,27035600
2012-09-17,47.316096428828004,47.473758622918034,46.53654632543382,47.20222854614258,12992700
2012-09-18,47.11463934178548,47.57886505126953,46.746759779685625,47.57886505126953,16323500
2012-09-19,47.74528539241549,48.130683352150925,47.21098944683172,47.99053955078125,15389300
2012-09-20,47.41245033608731,47.65770117583647,47.009533946266714,47.61390686035156,11582300
2012-09-21,48.270833514553395,48.39345893924971,47.57011441536569,48.00806427001953,13869600
2012-09-24,47.351133469283624,47.500034797118964,46.36136598801247,46.38764190673828,16072900
2012-09-25,47.04456877050747,47.26354368007932,45.686924999420356,45.695682525634766,17410200
2012-09-26,45.152623836104006,46.229979946116316,44.583291099311,45.89714050292969,18635900
2012-09-27,46.50150953979341,47.289820510243594,46.07231726892792,47.20222854614258,17141300
2012-09-28,47.02705383300781,47.40369097245545,46.60662237668556,47.02705383300781,10909100
2012-10-01,47.48251736370228,47.83287854648807,47.035810029877666,47.237266540527344,10912600
2012-10-02,47.33362009825614,47.47376391514878,46.64165854053342,46.9394645690918,10223300
2012-10-03,47.01829591964843,47.01829591964843,46.08984103959462,46.177433013916016,11934900
2012-10-04,46.851876745108044,47.51755905151367,46.67669613564586,47.51755905151367,14103200
2012-10-05,47.28982184237194,47.85915458925328,46.7905559861616,46.99201583862305,12997100
2012-10-08,46.57158650705174,46.895671809171546,46.326335654673315,46.624141693115234,7563400
2012-10-09,46.79931490510488,47.00077140788736,45.59057254711822,45.616851806640625,13256500
2012-10-10,45.52050155342839,46.422677037971866,45.35407849731842,45.96720886230469,11006200
2012-10-11,46.26502402822583,46.53655415065969,45.94969958702325,45.97597885131836,7463700
2012-10-12,46.06356463670466,46.17743253148678,45.14387063433738,45.24897766113281,10958100
2012-10-15,44.90738240093206,45.2665011793145,44.50446930153566,45.23146438598633,10377700
2012-10-16,45.51174471439006,46.13363265991211,45.51174471439006,46.13363265991211,11357500
2012-10-17,46.21246463857027,46.773043228227394,45.73948136106975,46.5190315246582,10937100
2012-10-18,46.03727905802178,46.18618036963905,45.1263427734375,45.1263427734375,14783900
2012-10-19,44.977444680501954,45.54678077672782,44.460663764960486,45.31028747558594,19920000
2012-10-22,45.213936261265175,45.96721044928665,45.16138442387229,45.92341613769531,10197500
2012-10-23,44.87233848983937,45.091313401467296,44.60080839655563,44.63584518432617,14897400
2012-10-24,44.97744992455444,45.10883622093818,43.77746822666609,43.84754180908203,15897400
2012-10-25,44.92490238471752,45.31029710106518,44.688409033336235,45.18767166137695,17175500
2012-10-26,45.292774115547886,45.44167880672261,44.67088611081725,44.881103515625,8553500
2012-10-31,45.44167637651266,46.39640716225834,45.42415798194121,46.3350944519043,17965000
2012-11-01,45.94969752601141,46.01977110593219,45.5467844653435,45.5555419921875,10229600
2012-11-02,44.95117501903848,45.021248603040185,43.56725514792868,43.58477020263672,20450400
2012-11-05,43.830021099590894,44.01395923178376,43.260684967041016,43.260684967041016,10855400
2012-11-06,43.812504864885916,44.22417880691128,43.260687099810355,44.09279251098633,18612700
2012-11-07,44.41686859770426,44.77598730557973,43.479656278583086,44.73219299316406,15286700
2012-11-08,44.46941979675769,45.38911364032906,43.97015732906776,45.02999496459961,15624700
2012-11-09,45.082550616614185,45.21393354349087,44.37307078283033,44.38182830810547,10771000
2012-11-12,44.408114561211804,44.61832861384184,43.777465720737446,43.830020904541016,7668700
2012-11-13,43.321997291512204,43.908851813508825,43.13805916095934,43.339515686035156,10448100
2012-11-14,43.28696203941749,43.31324130278105,41.3074301661276,41.3599853515625,25574300
2012-11-15,41.298660184589146,41.33369362302167,39.85342476325145,40.265098571777344,29679400
2012-11-16,40.20379382027453,40.965825552705596,39.72204635713064,40.70305633544922,22350700
2012-11-19,41.65779387706546,41.911802268623454,41.35122695563798,41.841732025146484,15537800
2012-11-20,41.640271002648866,41.80669073663985,41.2373579574336,41.482608795166016,10107900
2012-11-21,41.465083614267634,42.165802565453625,41.16727764235215,42.113250732421875,8856600
2012-11-23,42.349745370411114,42.91908146100239,41.93807482031264,42.691349029541016,12737700
2012-11-26,42.48113266382462,42.70010757446289,41.92055742719736,42.70010757446289,12536000
2012-11-27,42.27967800356969,42.46361613467282,41.57019805908203,41.57019805908203,18502000
2012-11-28,40.799409588307896,41.97311197747318,40.51036108378174,41.955596923828125,14299200
2012-11-29,42.15704764845046,42.45485363878989,41.65778515601254,42.078216552734375,9941800
2012-11-30,41.83297073901924,42.288439011598655,41.21984358486657,41.64903259277344,11111000
2012-12-03,41.62274740814523,41.74537281169106,40.668016756020556,40.71181106567383,14753700
2012-12-04,40.186267175418244,41.14975522128717,40.054880923121935,40.86071014404297,11930500
2012-12-05,40.886990054681256,40.904508446119266,39.60817755133048,39.722042083740234,16368500
2012-12-06,39.704532590761495,40.41400916619791,39.634459015201756,39.8972282409668,13228400
2012-12-07,40.256347942312836,40.466565332816714,39.993578710152036,40.230072021484375,10047800
2012-12-10,40.55415387896811,40.87823581991764,40.37897327746033,40.74685287475586,9836300
2012-12-11,40.62422450287414,40.922030501400464,40.49283822597154,40.5366325378418,7457600
2012-12-12,40.922028668463334,42.00814225588174,40.82567918188926,41.71909713745117,23020300
2012-12-13,40.78188660339962,41.07093173410177,40.26510570543705,40.58918762207031,15955300
2012-12-14,40.42276594892889,40.9483043473515,40.25634289443813,40.71181106567383,12424800
2012-12-17,40.57167078750928,40.9045135840561,40.3439383527932,40.73809051513672,9087200
2012-12-18,40.74685374181273,40.82568484710408,39.757086162330694,40.072410583496094,14998700
2012-12-19,39.87970959323532,40.116202897306124,39.66073468294294,39.73080825805664,10954600
2012-12-20,39.28410000899551,39.59066690721405,38.67973042192973,39.47679901123047,14517200
2012-12-21,39.12643235167991,39.89722491206451,39.11767482611164,39.573143005371094,11377700
2012-12-24,39.69881567555648,39.73421444842246,39.097050040085975,39.689964294433594,5888200
2012-12-26,39.84924423239414,40.03508604996889,39.53951349612263,39.955440521240234,7026700
2012-12-27,39.61031631066747,40.619161020511534,39.54837014986291,40.21208190917969,17914700
2012-12-28,40.07933961525147,40.433317177355605,39.716510673002595,39.76075744628906,10707600
2012-12-31,39.82270168392696,41.22977061179154,39.77845491277393,41.05278015136719,16214700
2013-01-02,41.79613943458155,42.06162345033382,41.51295603433748,41.681095123291016,13210600
2013-01-03,41.36251455454083,41.64569794263029,39.88464808312495,39.94659423828125,22829200
2013-01-04,39.63686144070299,40.1147346496582,39.380225453396065,40.1147346496582,16822300
2013-01-07,39.68995223523776,39.86694266997899,39.327123363133545,39.36252212524414,15483900
2013-01-08,39.39792947138096,39.557220559773256,38.928907586566154,39.51297378540039,11815600
2013-01-09,39.48642145526621,39.574918376317264,39.05279835745933,39.2563362121582,7690400
2013-01-10,39.69880660120591,40.34481886718705,39.68995522210627,40.18552780151367,16542800
2013-01-11,40.12358336911928,40.25632705480173,39.72535568788408,40.17668151855469,12013900
2013-01-14,40.42446901210804,40.4952631739221,39.99084253367701,40.026241302490234,8074700
2013-01-15,40.282875774779626,40.67225208942262,39.858100692674824,40.34482192993164,9774200
2013-01-16,40.079331000474035,40.1943719111291,39.91118857198915,40.0085334777832,8441200
2013-01-17,39.77845373065017,40.22092818065559,39.4156248166782,39.82270050048828,12326900
2013-01-18,40.04393242007233,40.04393242007233,39.7342016964296,39.920040130615234,8141400
2013-01-22,39.84925221480758,40.636856281220105,39.716511890877804,40.548362731933594,12118800
2013-01-23,40.371374360104454,40.45987128981244,39.415631149947075,39.43333053588867,16697100
2013-01-24,39.132440911417824,39.309427988385316,38.141295726176914,38.25634002685547,25261700
2013-01-25,38.0085531230661,38.105898035006696,37.07935752185365,37.09705352783203,35696400
2013-01-28,37.13245095407049,37.238647240987476,36.62803040655604,36.70767593383789,18548900
2013-01-29,37.27405099099545,37.53953501623339,37.026266350881706,37.389095306396484,16484400
2013-01-30,37.9908554059331,38.17669385915615,37.07935914657161,37.13245391845703,19525600
2013-01-31,37.05280688100651,37.10590502654895,36.63688322293238,36.83156967163086,12440500
2013-02-01,37.406795604108694,37.512988541632076,36.76963122734314,37.362548828125,17063300
2013-02-04,37.194403167009916,37.9466117975456,37.15900777474266,37.4687385559082,9921100
2013-02-05,37.68997636674151,37.76077052816662,37.220954497886524,37.39794158935547,7646100
2013-02-06,37.36254567159504,37.71652322537183,37.31829552353715,37.645729064941406,8173500
2013-02-07,37.26520271909232,37.9997086295102,37.1678577895136,37.69882583618164,9787300
2013-02-08,37.672275592582125,37.84926605333371,37.44219035667364,37.4510383605957,5593600
2013-02-11,37.11475331211943,37.14130407299874,36.601484737882636,36.698829650878906,11962600
2013-02-12,36.65457911051068,37.15900305200397,36.40679451707054,37.09705352783203,11065200
2013-02-13,36.99086408798884,37.238652080519195,36.4244973207404,36.459896087646484,14594300
2013-02-14,36.628037409651036,37.1767048270441,36.59263864057731,36.60149002075195,9956400
2013-02-15,36.132471489158405,36.132471489158405,35.24752243530662,35.30061721801758,22895700
2013-02-19,35.1944197693036,35.1944197693036,34.65460037546064,34.84043884277344,15353800
2013-02-20,34.25637646610709,34.406819558056974,33.08824400548963,33.14134216308594,37094600
2013-02-21,33.28292668820922,34.25636906994738,33.17673377175697,33.734249114990234,23221700
2013-02-22,33.82274851310846,34.03513436163541,33.38027405689642,33.56611251831055,11323300
2013-02-25,34.05283888685826,34.51301279590113,33.88469978340157,34.132484436035156,17100500
2013-02-26,34.300618793222,34.76964401828018,33.75195140581993,34.557254791259766,19392300
2013-02-27,34.22097176057972,34.265221905476835,33.75194993181673,33.8581428527832,14560700
2013-02-28,33.70770911260596,33.716557117659924,32.937804392029136,33.09709548950195,15832200
2013-03-01,33.22098625616405,33.433372125619336,32.760812371260904,32.840457916259766,13137000
2013-03-04,32.77850609685965,32.84930024918401,31.760813572677836,31.778512954711914,24525200
2013-03-05,32.203288819784476,32.43337741630071,31.769665764200244,31.796213150024414,17759700
2013-03-06,31.760814364414504,33.14133581517881,31.477630996433934,33.132484436035156,33784100
2013-03-07,33.212138719972096,33.68116403961556,32.62807244764641,32.66347122192383,22037400
2013-03-08,32.36258464626659,33.256385026344105,32.13249939172128,32.840457916259766,23003100
2013-03-11,32.93779886868496,33.03514378701819,32.548419195352004,32.70771026611328,11375600
2013-03-12,33.2475304657899,33.80504922745566,33.13248616161489,33.52186584472656,21810500
2013-03-13,33.57495820272165,33.6546037343704,32.504170902853346,32.6280632019043,18937900
2013-03-14,32.468771462954955,33.150182469367465,32.362578548237074,32.9643440246582,12373800
2013-03-15,32.973189752036056,33.247525086587295,32.83159808357998,33.04398727416992,12569800
2013-03-18,33.47762282176117,33.707708080055674,33.06169570489939,33.16788864135742,9937400
2013-03-19,33.141345286857295,33.49532291009254,32.95550678147281,33.25638961791992,12018400
2013-03-20,33.22983571660045,33.371427427711275,33.01744983784055,33.14134216308594,8447200
2013-03-21,33.3891257165555,34.14133439996525,33.31833155123241,34.00859069824219,17376100
2013-03-22,33.74309830747808,34.1147751788835,33.6192060170096,33.76964569091797,10310300
2013-03-25,33.583817081986915,33.743108180859004,33.08824439929455,33.336029052734375,14494300
2013-03-26,33.194440064103276,33.33603178851927,32.769664890855296,33.07939910888672,19264000
2013-03-27,32.92010465176358,33.69886074482469,32.849307108843185,33.6280632019043,16701600
2013-03-28,33.4245213929882,33.566113086339676,33.22983154870032,33.49531555175781,7672800
2013-04-01,33.48647174793028,33.52187051966116,32.92010490348699,33.14134216308594,12218000
2013-04-02,32.71656677794615,32.734266163675365,31.68117465556948,31.751972198486328,22194000
2013-04-03,31.645771090522278,32.01745138290962,30.105961899264813,30.309499740600586,42315900
2013-04-04,30.167908769570207,31.344889075864927,29.831627235280763,31.16790199279785,29846900
2013-04-05,31.54842995842067,31.849312722534577,30.82277212305399,31.026309967041016,21249100
2013-04-08,31.052857059671027,31.23869551861758,30.539585076890475,30.663480758666992,18689700
2013-04-09,30.831620408428666,32.11479701345404,30.68117733709135,31.884708404541016,20471900
2013-04-10,31.45993274378599,31.663470585843474,30.63692999609452,30.663480758666992,26201600
2013-04-11,30.636933025912498,30.95551520179092,30.247556686401367,30.247556686401367,15927900
2013-04-12,29.54844443623833,29.601542587696734,28.41571087829067,28.5130558013916,40555900
2013-04-15,26.76085820685396,26.769707899617465,25.654671930010263,25.68122100830078,74239200
2013-04-16,26.707759709852464,26.796254942860433,25.336087817994425,25.504228591918945,38723200
2013-04-17,25.521928652647084,25.840510824758397,24.132559027682436,24.229902267456055,47828900
2013-04-18,24.46883833647484,25.27414175274039,24.30954725406518,24.97325897216797,31983200
2013-04-19,25.389184926635,25.628119851654372,24.663527084037117,25.300689697265625,22404900
2013-04-22,25.840510061694744,25.973252066852545,25.221045120416775,25.63697052001953,18280600
2013-04-23,25.291839233510522,25.3803344601786,24.77856894432293,25.061752319335938,16850200
2013-04-24,25.57502084010913,26.928993157162402,25.548473455478597,26.752002716064453,34054000
2013-04-25,27.27412459216215,27.672352268882076,26.867048911876054,27.061737060546875,30995200
2013-04-26,27.07058802832766,27.229879106525797,25.849357554079386,26.070594787597656,27488000
2013-04-29,26.530770546371667,26.76085748832609,26.27413621474583,26.46882438659668,14765000
2013-04-30,26.26528649046403,26.86705207824707,25.654671210165798,26.86705207824707,19689400
2013-05-01,26.070594431185665,26.628113197257278,25.769713350587825,26.23873519897461,27633100
2013-05-02,26.442272227306564,26.513068071356546,25.99094977642921,26.22103500366211,12825400
2013-05-03,26.203339738983193,26.796255620860524,26.070596042159465,26.27413558959961,14874300
2013-05-06,26.327227732554434,26.389173880683728,26.15023729112278,26.309528350830078,7885300
2013-05-07,25.760863901973035,25.875906520236953,25.327239128661134,25.530776977539062,21191600
2013-05-08,25.884755557048237,26.990941691964828,25.822809403557883,26.93784523010254,33362600
2013-05-09,26.371479153236194,27.398019843738677,26.31838268659813,26.415727615356445,22262200
2013-05-10,25.787411372001472,26.398026608492017,25.50422798345691,26.380327224731445,20007800
2013-05-13,25.9732525988537,26.105994606730412,25.6900691986084,25.6900691986084,11824200
2013-05-14,25.54847662292245,26.070594944290008,25.32723938807448,25.406883239746094,14384500
2013-05-15,24.973258414269573,25.167948260823675,24.20335378369734,24.247600555419922,31353000
2013-05-16,23.911321802092964,24.69892585275964,23.61043901439657,24.318397521972656,21859900
2013-05-17,24.01751104513353,24.061759500001767,23.32725202824871,23.34494972229004,23628300
2013-05-20,23.29185466525059,24.93786015141727,23.221058821109338,24.796268463134766,39215400
2013-05-21,24.106009646407674,24.575033206328023,23.76972978179553,24.17680549621582,24521400
2013-05-22,24.57503316744633,25.362637206304118,24.132558684868926,24.48653793334961,38650700
2013-05-23,24.990956682134428,25.026355448256655,24.504235463296297,24.66352653503418,15396700
2013-05-24,24.55733304457231,24.946711050145016,24.167955038999605,24.336095809936523,19892600
2013-05-28,24.283000094437366,24.8051201192977,23.91132146128096,24.08831024169922,21388200
2013-05-29,24.291852511919213,25.22104835510254,24.212206961028482,25.22104835510254,28924800
2013-05-30,25.796261014744207,26.636963174802343,25.707765784016065,26.601564407348633,39676500
2013-05-31,26.203336278231166,26.415723802029774,25.778559542727958,26.10599136352539,20244000
2013-06-03,26.371479424833826,27.061740249862535,26.247587105433645,26.86705207824707,22263600
2013-06-04,26.433424685298682,26.521918225976886,26.017497617324306,26.406875610351562,18458000
2013-06-05,26.442274213763884,26.867050997880906,26.13254342771819,26.486522674560547,16816400
2013-06-06,26.486525106577535,26.98209609766062,26.28298723194242,26.813955307006836,17932900
2013-06-07,26.114842648247357,26.2298852643603,25.442281271224516,25.6546688079834,21212000
2013-06-10,25.681217908538756,26.026347445126312,25.380335142521773,25.7431640625,14144800
2013-06-11,25.141398208537222,25.406882204373414,24.831665754790944,24.893611907958984,21145700
2013-06-12,24.929015324623148,25.5307809612069,24.84052008020088,25.088306427001953,17782700
2013-06-13,24.902461514590243,25.36263534784884,24.73432243882374,25.33608627319336,17264300
2013-06-14,25.4776775931571,25.504224977763187,24.840513356116027,24.884761810302734,12271700
2013-06-17,24.88476823729083,25.13255289310797,24.73432683001341,24.946714401245117,8644600
2013-06-18,24.76087199167283,24.893614000750468,24.141408720008442,24.229902267456055,19369600
2013-06-19,24.32724873234705,24.513088907123752,23.380353536412116,23.459999084472656,21733700
2013-06-20,22.247614360342205,22.513100037769266,21.380364860807088,21.725494384765625,67786300
2013-06-21,22.008683245803507,22.132575570588536,21.19453006598831,22.03523063659668,32954800
2013-06-24,21.521960667434982,21.601606217121066,20.814002101232397,21.017539978027344,36549500
2013-06-25,21.079484616816973,21.2830224788892,20.690106589617667,20.93789291381836,23530200
2013-06-26,20.150285653300408,20.256478569723672,19.6547130836386,19.663562774658203,46923300
2013-06-27,19.946748694703484,20.389223137571907,19.82285470292421,20.167985916137695,49234300
2013-06-28,19.911349565605047,21.822838988870647,19.87595080062686,21.67239761352539,75335700
2013-07-01,22.03522641544772,22.300712087866373,21.51310644972098,22.026376724243164,32205000
2013-07-02,21.89363933666793,21.92903810893124,20.76090394283743,21.017539978027344,34482700
2013-07-03,21.256473872127163,21.530807569987182,21.02638694595529,21.3980655670166,21909200
2013-07-05,20.681257150356142,20.734353613320543,20.167986840617232,20.72550392150879,43649000
2013-07-08,20.920191340811524,20.982137493405855,20.265329360961914,20.265329360961914,21770700
2013-07-09,20.619307344975997,20.937889468249672,20.3803724404267,20.548511505126953,20635900
2013-07-10,20.6458592489522,20.911343262814174,20.283030308984607,20.5219669342041,22679700
2013-07-11,21.69894582078066,22.106021474338426,21.433460157763644,22.097171783447266,38637300
2013-07-12,21.725495366560978,21.875936750863087,21.291870597197512,21.566205978393555,23268700
2013-07-15,21.566206768047007,21.75204523833326,21.371516917759106,21.495410919189453,12949200
2013-07-16,21.69009901213266,22.71663966123388,21.69009901213266,22.69894027709961,35463700
2013-07-17,22.796286508774045,22.99982437426784,21.999832744041527,22.01753044128418,37268500
2013-07-18,22.24761178503658,22.362656071642995,21.85823553719938,21.929031372070312,16323800
2013-07-19,22.238764999954068,22.911326363044015,22.106023003217935,22.88477897644043,27363400
2013-07-22,23.84937239356184,24.566180495786885,23.707780711342227,24.282997131347656,43719300
2013-07-23,24.238754443617122,25.088306427001953,23.964420705023844,25.088306427001953,39798800
2013-07-24,24.867063732752268,24.95555895786077,23.353800278324318,23.84937286376953,43653900
2013-07-25,23.672384436819723,24.51308661534588,23.645835360646227,24.07946014404297,28249400
2013-07-26,23.805127200625723,24.424592161169063,23.548492874393464,24.406892776489258,25046200
2013-07-29,24.46884091553349,24.530787079020662,24.08831255364788,24.0971622467041,19000000
2013-07-30,24.088306076257634,24.22989775127015,23.760875960755907,23.946714401245117,17316000
2013-07-31,23.96441879925011,24.495388535651887,23.353803517992755,23.88477325439453,27347600
2013-08-01,23.982117657815458,24.02636443158329,23.09716867920903,23.159114837646484,28548000
2013-08-02,23.141414439563086,23.4776959819345,22.58389735013468,22.645843505859375,32483200
2013-08-05,22.672392248819563,23.044070865616806,22.424605941652693,22.50425148010254,18584400
2013-08-06,22.12372350319372,22.14142288709375,21.265323638916016,21.265323638916016,38664100
2013-08-07,21.18567657470703,21.67239778158937,21.141428118141164,21.18567657470703,19506600
2013-08-08,21.575052883161753,23.088316340864157,21.47770965444719,23.008670806884766,65972000
2013-08-09,22.911326491771057,23.875920928262488,22.619293422148353,23.424596786499023,45317800
2013-08-12,24.406888198421957,24.955557205236946,24.398038507742015,24.787416458129883,49441900
2013-08-13,24.601577604942303,24.813966816458755,23.93786596069487,24.06175994873047,36959000
2013-08-14,24.300696887283088,25.451131512798856,24.274149499555968,25.398035049438477,53862500
2013-08-15,24.92016250169425,26.928997039794922,24.875915728993217,26.928997039794922,66608300
2013-08-16,27.20332939163869,27.38031984945687,26.08829355835879,26.362628936767578,48518000
2013-08-19,26.41572300477893,26.557314683037966,25.76971076173383,25.867053985595703,31219400
2013-08-20,25.93785344447855,27.008642559640517,25.875907287583576,26.84050178527832,44816400
2013-08-21,26.46882155668354,26.575016167734198,25.583872653583708,25.601572036743164,53748500
2013-08-22,26.01749510786913,26.451119829411258,25.72546206324256,25.990947723388672,35527500
2013-08-23,25.955555038027082,26.91129992495975,25.92900595942389,26.67236328125,42793200
2013-08-26,26.89359746077297,27.327222234217732,26.57501699353351,26.911296844482422,34120400
2013-08-27,27.681205144828766,27.743151304354647,25.716617297543664,25.752016067504883,63019200
2013-08-28,26.02634986547298,26.51307113863683,24.893614541721764,25.044055938720703,62618100
2013-08-29,24.80511512474742,25.592719005602923,24.371490421360352,25.256439208984375,61229600
2013-08-30,24.805118367950975,25.36263543436941,24.645827295286825,24.893611907958984,40929400
2013-09-03,25.353788442628314,25.583875384543713,25.026358258757124,25.132551193237305,35970300
2013-09-04,24.822817944991574,25.291841506958008,24.672376552504694,25.291841506958008,34233800
2013-09-05,25.04405357612218,25.14139849673416,24.274148966628125,24.36264419555664,48364600
2013-09-06,24.734320001956142,25.035202733450507,24.601576329662933,24.787416458129883,31426800
2013-09-09,24.78741989506482,24.937861281671665,24.389192198780183,24.46883773803711,29911900
2013-09-10,23.97326781953564,24.008664900753168,23.406901016805456,23.513093948364258,46624300
2013-09-11,23.610435923001848,23.743177914803727,23.185660874073438,23.707780838012695,34982000
2013-09-12,22.920179312178558,23.008674551882443,22.33611309320174,22.380361557006836,64028900
2013-09-13,22.26531469694408,22.76973531138732,22.19451885084514,22.68124008178711,50205800
2013-09-16,22.81398616708613,23.03522342037783,22.45115720672025,22.468854904174805,36537700
2013-09-17,22.69894142598284,22.946727752685547,22.504253254370457,22.946727752685547,39034600
2013-09-18,22.69894152616235,25.34493883521568,22.5396504360009,24.99980926513672,114753100
2013-09-19,25.176796493356406,25.229892953926953,23.875920550082647,24.212202072143555,72377600
2013-09-20,23.813974612886145,23.82282430437873,22.61044357639168,22.796283721923828,95898100
2013-09-23,22.6015960402017,23.070617883665506,21.902485588984636,22.2741641998291,55259900
2013-09-24,21.982129613736905,22.424604039636755,21.743193018653553,22.194517135620117,41784500
2013-09-25,22.327260642314947,23.008671709580764,22.27416418021424,22.58389663696289,52931800
2013-09-26,22.592744095011604,22.81398130111585,21.9467301703787,22.221065521240234,39161000
2013-09-27,22.530798506796945,22.716638656172226,22.061776663333134,22.2741641998291,25521800
2013-09-30,22.035229557386508,22.45115666377642,21.955584013095088,22.14142417907715,28640200
2013-10-01,21.610452245886552,21.81399008816932,21.5042576350095,21.60160255432129,48633800
2013-10-02,21.8139892976261,22.185667890366968,21.6546982310363,21.67239761352539,35018800
2013-10-03,21.7343484842843,21.946736056558645,21.460014747751575,21.46886444091797,27697600
2013-10-04,21.530806059685382,21.637000667356396,21.265322072366885,21.40691375732422,24234600
2013-10-07,21.592754002587064,21.79629185561412,21.53080784626632,21.760894775390625,33627300
2013-10-08,21.74319472310476,21.805140877521747,20.88479487721516,21.079483032226562,48557000
2013-10-09,20.90249240181597,21.380363899038574,20.468865983648506,21.16797637939453,33991300
2013-10-10,21.09718205326989,21.327268971369868,20.760900523775273,20.849395751953125,36571100
2013-10-11,20.54851458966133,20.68125828622214,20.291880264649944,20.398073196411133,46747300
2013-10-14,20.557362892233666,20.654707813022526,20.283029201172273,20.451169967651367,22566300
2013-10-15,20.336123660223485,21.044083735293277,20.24762843985152,21.026384353637695,49631500
2013-10-16,20.92018869047865,20.955587451994283,20.548510134093736,20.601608276367188,39103400
2013-10-17,21.353817759163537,22.097175023974216,21.318420678313895,21.681249618530273,61897600
2013-10-18,21.698946248364226,21.92018346128497,21.50425642073414,21.57505226135254,23734800
2013-10-21,21.654697856834925,22.097172283980026,21.61930078037443,22.06177520751953,27070400
2013-10-22,22.566199033952124,23.114868145299504,22.50425287529647,23.0263729095459,53476300
2013-10-23,22.84053137995657,23.008672149044067,22.194519067023187,22.28301429748535,45435300
2013-10-24,22.875927943734492,23.247606525548,22.82283148573427,23.12371253967285,56123000
2013-10-25,22.99097021361691,23.406897244253763,22.778582696824152,23.291852951049805,24939200
2013-10-28,23.353801872069475,23.81397572371275,23.070618482721656,23.48654556274414,27557200
2013-10-29,23.353801614256515,23.433447152619614,22.74318807068092,22.813983917236328,38950500
2013-10-30,23.22990908498602,23.389200160205185,22.283014013301088,23.212209701538086,42162800
2013-10-31,22.521951711928025,22.72548956767361,22.203369546130634,22.21221923828125,56234000
2013-11-01,21.822838674601375,21.875935133398,21.256471946354743,21.309568405151367,59342300
2013-11-04,21.575053369210664,21.99983012263892,21.504257524956966,21.955581665039062,36347100
2013-11-05,21.79628991513701,21.858237753848833,21.41576331905761,21.67239761352539,24843100
2013-11-06,21.893638727674137,22.03523043697614,21.80514348738381,21.93788719177246,22748600
2013-11-07,21.610453397048577,22.03522848737188,21.32727000349971,21.362667083740234,37682400
2013-11-08,21.12373189199841,21.504258517483912,20.79630004227118,21.486560821533203,40162600
2013-11-11,21.283021868914155,21.53965787818531,20.999838471033012,21.50425910949707,27788400
2013-11-12,21.283017529910357,21.521954106125,20.937888045093104,21.044082641601562,37518000
2013-11-13,21.203374959186128,21.30956957049276,21.017536499282134,21.159128189086914,21370400
2013-11-14,21.460010395244602,21.76089315025165,21.344967783227105,21.725494384765625,48882100
2013-11-15,21.796293398946734,21.85824124755999,21.28302304006661,21.353818893432617,37580000
2013-11-18,21.309571968416037,21.344970738803628,20.867097466008804,20.94674301147461,37617300
2013-11-19,21.00868998357513,21.132582308906656,20.83170118851671,20.96444320678711,19716300
2013-11-20,20.69895421530748,20.911341748599067,20.052941923890646,20.22108268737793,62055700
2013-11-21,20.02639025666795,20.06178901825356,19.672411080341092,19.937896728515625,44479000
2013-11-22,20.02639290767629,20.22108274635766,19.690113067626953,19.690113067626953,29647700
2013-11-25,19.336133939272194,19.83170485416178,19.044100867723998,19.64586639404297,49429800
2013-11-26,19.45117886647847,19.56622318319393,19.12374867747109,19.16799545288086,35439100
2013-11-27,19.362683541441505,19.451178779772853,19.09719951435374,19.300737380981445,26314800
2013-11-29,19.566223863253455,19.822858207781223,19.495428007393414,19.716665267944336,27521400
2013-12-02,19.283037578492856,19.36268142759937,18.495431900024414,18.495431900024414,73218400
2013-12-03,18.380392049519518,18.610479003515064,18.203401565551758,18.203401565551758,39831700
2013-12-04,18.43348640410529,18.94675672322085,18.238798244408407,18.778615951538086,60397000
2013-12-05,18.24765004299928,18.619328709261147,18.194551885028762,18.29189682006836,47038600
2013-12-06,18.59277533943745,18.70781794601135,18.26534352580933,18.283042907714844,24136900
2013-12-09,18.40693505986561,18.769763946533203,18.344988911591525,18.769763946533203,46482400
2013-12-10,19.36267869505619,19.637014034009184,19.318431930918408,19.49542236328125,53807700
2013-12-11,19.47772340891419,19.47772340891419,18.74321596796685,18.752065658569336,41639900
2013-12-12,18.291896356956087,18.628176242723715,18.15030464843221,18.5927791595459,29255000
2013-12-13,18.796317044363885,18.973307524111274,18.601628866966806,18.6812744140625,27341400
2013-12-16,18.805161563943866,19.088344903312436,18.65472020391608,18.920204162597656,30996800
2013-12-17,18.72551658676188,18.89365733239731,18.583924912933902,18.752065658569336,25799700
2013-12-18,18.85826133210012,19.176843488827785,18.424636556501987,18.46003532409668,51982900
2013-12-19,18.097209824034774,18.256499244667527,18.026413963340286,18.141456604003906,34844500
2013-12-20,18.26534632184496,18.398090018550565,18.15030369766048,18.16800308227539,26982400
2013-12-23,18.159963111320472,18.25822218823654,18.079569630890425,18.213558197021484,18645900
2013-12-24,18.24035711328189,18.794178693884163,18.24035711328189,18.785245895385742,34891900
2013-12-26,18.999624431056958,19.11574738252669,18.66911776282393,18.8031063079834,18396900
2013-12-27,18.93709774176241,18.981760025024414,18.749512403796817,18.981760025024414,20863900
2013-12-30,18.794181474774263,18.910304464921698,18.427943497176905,18.43687629699707,41975200
2013-12-31,18.338614702909435,18.981760808723074,18.329681905136848,18.874568939208984,45942200
2014-01-02,19.285466597311796,19.73209620502396,19.267601004101692,19.67850112915039,50923300
2014-01-03,19.776761143773776,19.84822182246713,19.481985631194057,19.49985122680664,24075200
2014-01-06,19.642769344872207,19.86608414193136,19.544510288964037,19.589174270629883,27905100
2014-01-07,19.38372781968884,19.64277213512113,19.24080646556959,19.624906539916992,20746000
2014-01-08,19.347997476027352,19.47305324041541,19.19614331766028,19.303335189819336,32699500
2014-01-09,19.26760327436782,19.285468869682994,18.99069336201038,18.99962615966797,26816900
2014-01-10,19.356926733325835,19.7052972725454,19.276533269851058,19.660634994506836,48807100
2014-01-13,19.70530143013669,20.250190196707265,19.544514469262943,20.232324600219727,40953500
2014-01-14,20.07153858589761,20.357383031907187,19.696369560751993,19.74103355407715,44762000
2014-01-15,19.60704527666108,20.026876597692297,19.535584590022633,20.000078201293945,25062000
2014-01-16,20.16979516170757,20.276987028614066,20.01794101078157,20.20552635192871,17849900
2014-01-17,20.455638956647743,20.88440303956927,20.410976670252296,20.839740753173828,39755700
2014-01-21,20.58962992543796,21.268507321267354,20.482439744061182,21.170249938964844,36615000
2014-01-22,21.036257065810265,21.036257065810265,20.5270995075847,20.62535858154297,36751100
2014-01-23,21.027325105918802,21.438223573269813,21.018392308312443,21.1881103515625,45871700
2014-01-24,21.447158111563212,21.607945074013582,20.652157801399795,21.143449783325195,35768500
2014-01-27,21.009461138350492,21.071989022682246,20.428842879010848,20.446706771850586,39306300
2014-01-28,20.562829668836525,21.00052652508804,20.375244328296205,20.902267456054688,35800200
2014-01-29,21.223840184177792,21.48288448316199,20.85760402453187,21.447154998779297,45294600
2014-01-30,20.821877135960836,21.098788789951886,20.76828204644138,20.982664108276367,39061500
2014-01-31,21.205975804872107,21.223841399965277,20.696818271015164,20.97372817993164,28864000
2014-02-03,21.161312876210072,21.4382227766904,20.81294059753418,20.81294059753418,29233300
2014-02-04,20.73254953854496,21.08092185776223,20.687887250732086,21.071989059448242,25405500
2014-02-05,21.250639795234317,21.277436484120468,20.714683868671305,20.732547760009766,26263800
2014-02-06,20.884403495073457,20.96479697534431,20.607493565116652,20.714685440063477,17131300
2014-02-07,20.750411588776053,21.384626530620714,20.741478791988744,21.35782814025879,41599600
2014-02-10,21.643670344433115,22.134963934344366,21.643670344433115,22.06350326538086,46083500
2014-02-11,22.32255071711088,23.01036081827356,22.26895563372691,22.91210174560547,60141000
2014-02-12,22.89423761378788,22.912103210643888,22.0813716981676,22.126035690307617,58448600
2014-02-13,22.17962733532458,23.126481672919603,22.090301068663127,23.108617782592773,59204100
2014-02-14,23.5999119146237,23.83215954829797,23.26940520799882,23.537384033203125,52546300
2014-02-18,23.733902084985655,23.760700480450655,23.305137980088276,23.635643005371094,30546700
2014-02-19,23.47485357596804,23.724965074206473,22.83170582905367,22.89423370361328,49689800
2014-02-20,23.037161294908056,23.903622320283347,22.974631704256236,23.82322883605957,48798000
2014-02-21,23.85895495018632,23.984012410033355,23.44805649231478,23.698169708251953,38899700
2014-02-24,24.028679866899516,24.08227495908388,23.841096192375616,23.85002899169922,26237700
2014-02-25,23.82322620457837,23.939349166876404,23.492719505526047,23.51951789855957,33248100
2014-02-26,23.314071265713768,23.492722127941956,23.02822852314296,23.269407272338867,37403200
2014-02-27,23.34980071817202,23.644576258931966,23.144351460257507,23.197946548461914,24135500
2014-02-28,23.296202437448507,23.37659591061654,23.001426937084688,23.117549896240234,26854600
2014-03-03,23.82322635135718,23.885754231730367,23.421258972162494,23.492719650268555,38957700
2014-03-04,23.189012278373696,23.47485670609264,23.072889310673048,23.314069747924805,21126300
2014-03-05,23.358730364077996,23.689237054870112,23.23367460722758,23.671371459960938,24839500
2014-03-06,23.850022638438084,24.001876778973337,23.716032388034122,23.930416107177734,30022900
2014-03-07,23.54631550980187,23.564179400807483,23.269403902253742,23.385528564453125,41153600
2014-03-10,23.385531912813047,23.465925396998227,23.099689170713358,23.197946548461914,22459800
2014-03-11,23.45698692490962,23.51951479665097,23.171144251945318,23.340862274169922,40182800
2014-03-12,23.71603451248031,24.064406809477735,23.61777714480762,24.046541213989258,48251500
2014-03-13,23.9840106908275,24.689684597297074,23.90361722374458,24.68075180053711,51290800
2014-03-14,24.98446452288635,25.038061312987022,24.493172539929706,24.770082473754883,33467300
2014-03-17,24.60929268637542,24.67182226764922,23.939348220825195,23.939348220825195,57393200
2014-03-18,23.599910052553746,24.001877406765857,23.456988705224298,23.608842849731445,35900800
2014-03-19,23.421257043126417,23.519516106338234,22.706650320922694,22.724515914916992,59004800
2014-03-20,22.527997445600132,23.037156644146915,22.474402368189814,22.751312255859375,30817600
2014-03-21,23.090752125340554,23.17114559474025,22.581594621647028,22.795976638793945,23183300
2014-03-24,22.42974073578183,22.527998096580575,21.697268409566707,21.73299789428711,60563300
2014-03-25,21.92951701951872,22.108169576386278,21.759798964627294,21.866989135742188,40283600
2014-03-26,21.8848563500135,21.99204823280958,20.97373130939693,20.982664108276367,60261900
2014-03-27,20.955863302422074,21.339965091293305,20.786145254496116,21.277437210083008,38461400
2014-03-28,21.17024823556568,21.750866498617675,21.00052847432501,21.527551651000977,46141600
2014-03-31,21.4024926886482,21.59007803354818,20.937999132779165,21.089853286743164,45688600
2014-04-01,21.18811260988701,21.331033979308124,20.99159615287226,21.16131591796875,19095400
2014-04-02,21.527549349102618,21.875919928931822,21.509683754301918,21.72406578063965,50757600
2014-04-03,21.527549888233512,21.55434657734876,21.259571070782478,21.500751495361328,29477700
2014-04-04,22.000978120367837,22.027776515535272,21.563281221842225,21.670473098754883,30183500
2014-04-07,21.599012415398803,22.00991091875698,21.491820538486145,21.670473098754883,26017500
2014-04-08,22.045641900333123,22.268956746643212,21.875922140085475,22.224292755126953,35477500
2014-04-09,21.974179283074438,22.635190965506496,21.884853011663203,22.394010543823242,28068600
2014-04-10,22.545863847003034,22.599458926333334,21.911650580950052,21.94738006591797,33824400
2014-04-11,22.00991370522026,22.152835090026315,21.554351152241967,21.63474464416504,25661000
2014-04-14,21.947381783324644,22.179629416938717,21.77766203111494,21.902719497680664,26719400
2014-04-15,21.286369273944683,21.500751303740717,21.01839216263887,21.45608901977539,40829300
2014-04-16,21.47395481095002,21.509684297697152,21.14344811381509,21.259571075439453,24011100
2014-04-17,21.259570243544356,21.402491592454208,21.027324329383504,21.054121017456055,19332100
2014-04-21,21.063054306862046,21.205975659111196,20.580695168960396,21.000526428222656,33215100
2014-04-22,21.02732225582377,21.27743373987342,20.83973693902983,21.25063705444336,21896000
2014-04-23,21.286372487248876,21.858057986337617,21.2327773976486,21.679407119750977,44932000
2014-04-24,21.393559185277766,21.75979533234039,21.295300125026948,21.384626388549805,29250600
2014-04-25,21.55434748215825,21.866988597096718,21.465022909681835,21.849123001098633,32620000
2014-04-28,21.71513347980445,21.74193187261831,21.331031701590497,21.429290771484375,28567200
2014-04-29,21.375695873875323,21.840191130777935,21.366763076193703,21.715133666992188,25448500
2014-04-30,21.482888878821242,21.741934934566224,21.375698699983932,21.53648567199707,19155500
2014-05-01,21.304232129060185,21.447153463876184,21.19704027606983,21.25063705444336,21062200
2014-05-02,21.366762403410096,21.78659365868521,21.268503335763132,21.72406578063965,30655700
2014-05-05,21.97417835631177,22.03670623253544,21.69726845999687,21.804458618164062,13954400
2014-05-06,21.822325885912274,21.831258683737367,21.661538932574523,21.688337326049805,8793200
2014-05-07,21.61687159308953,21.625802685069523,21.09878136666457,21.26849937438965,34352300
2014-05-08,21.277437019602605,21.42929117422117,21.18811074563457,21.23277473449707,13305600
2014-05-09,21.304236246264583,21.39356252372674,21.0094607232694,21.197044372558594,10691700
2014-05-12,21.447158774702977,21.545417855629026,21.30423740449624,21.37569808959961,16204900
2014-05-13,21.37569939176748,21.52755356983245,21.20597961539905,21.21491241455078,12505800
2014-05-14,21.473953389883935,21.554345155684196,21.4024910136049,21.447154998779297,16749000
2014-05-15,21.268505363254178,21.38463003677181,21.000528230725422,21.098787307739258,26428900
2014-05-16,20.973730585717075,21.063056867672156,20.839742014663013,20.920135498046875,14762700
2014-05-19,21.09878875302495,21.125585445859187,20.786147607820503,20.911203384399414,11015300
2014-05-20,20.795076075535906,21.00945809234471,20.7772104815293,20.893333435058594,9777000
2014-05-21,20.795079579210125,20.982663236614194,20.741482788160013,20.94693374633789,11669100
2014-05-22,21.1077154518674,21.116648248870703,20.893333435058594,20.893333435058594,10736700
2014-05-23,20.920131774217612,20.991592446310097,20.812939914200477,20.82187271118164,8163800
2014-05-27,20.544965595379605,20.56283119175554,20.017942428588867,20.017942428588867,42767100
2014-05-28,19.946479452776387,20.026872923464907,19.589176085136774,19.687435150146484,38713400
2014-05-29,19.615971854967675,20.06260146955718,19.589175168496638,19.866085052490234,20726800
2014-05-30,19.776761356653232,20.09833526611328,19.59811050987531,20.09833526611328,28665000
2014-06-02,19.937546122433133,20.13406424719714,19.78569198227767,19.910749435424805,21540300
2014-06-03,19.910751388025535,20.02687435188206,19.65170536316232,19.98221206665039,17797700
2014-06-04,20.009007481004335,20.035805872689515,19.857153335635378,19.901817321777344,16684600
2014-06-05,20.09833603407729,20.35738207187545,20.026875351884183,20.232324600219727,23394100
2014-06-06,20.223388671875,20.25911985931974,19.955411581066624,20.223388671875,16146600
2014-06-09,20.22338930486075,20.348446761074804,20.125131943825874,20.142995834350586,9406200
2014-06-10,20.250190072533954,20.580696790498564,20.232324476155963,20.57176399230957,23569000
2014-06-11,20.652159032377792,20.911203384399414,20.598562239194965,20.911203384399414,26206500
2014-06-12,20.98266030393258,21.473953930682693,20.955861912153054,21.46502113342285,36108300
2014-06-13,21.420360990539947,21.54541847085971,21.16131663855214,21.53648567199707,27970100
2014-06-16,21.616876803899537,21.67940468537147,21.36676357425483,21.420358657836914,26461100
2014-06-17,21.22383821520328,21.581141544666636,21.152377549310607,21.545412063598633,18753900
2014-06-18,21.52755063570869,22.134967265179974,21.465022753926114,22.117101669311523,37017800
2014-06-19,22.4833352466917,23.3140666164737,22.456536856010835,23.305133819580078,79263400
2014-06-20,23.12648509915507,23.278339263849993,22.894237452930064,23.06395721435547,39255700
2014-06-23,23.11754724953329,23.501648976525786,22.974625914432362,23.465919494628906,29849300
2014-06-24,23.573110825763667,23.698168278063463,22.751312255859375,22.751312255859375,47793000
2014-06-25,22.751312806451786,23.19794243777892,22.733448916053895,23.010358810424805,26661400
2014-06-26,22.849575590524434,23.215811811536476,22.715587020063925,23.180082321166992,24494300
2014-06-27,23.171145363456006,23.35872898767837,22.96569444162038,23.20687484741211,18777600
2014-06-30,23.02822518983817,23.698169659673866,22.912100527629455,23.626708984375,33266100
2014-07-01,23.67136884321267,23.805357382705925,23.358727781890593,23.43912124633789,37682400
2014-07-02,23.412326798718137,23.841092582544476,23.412326798718137,23.653507232666016,47776900
2014-07-03,23.403394351350933,23.671371459960938,23.171146728802377,23.671371459960938,24026700
2014-07-07,23.40339652371734,23.465924407946556,23.22474396555639,23.260475158691406,27758400
2014-07-08,23.510587234048632,23.644575803859425,23.126485417835816,23.635643005371094,39251800
2014-07-09,23.778561161567218,24.332380923293144,23.751762771642383,24.25198745727539,45722200
2014-07-10,24.662889728894285,24.814743877494674,23.751764837291944,23.769630432128906,56464800
2014-07-11,23.885756352513944,24.457441828121596,23.85002686216702,24.403846740722656,44288000
2014-07-14,23.68923764083404,24.055473826746617,23.60884416551109,23.760698318481445,50884100
2014-07-15,23.84109075686174,24.019741591331552,23.001426553207295,23.02822494506836,57239800
2014-07-16,23.215809403694273,23.644573466201212,23.189011010878737,23.474855422973633,35776800
2014-07-17,23.58204666765457,24.171597706564157,23.528451583323793,24.10906982421875,49433900
2014-07-18,23.832159713350087,24.091204038708938,23.63564156608786,24.064407348632812,29638500
2014-07-21,24.162659799020155,24.17159259514582,23.680300734530643,24.028671264648438,20045600
2014-07-22,23.939351772564045,24.02867805530826,23.689240225388808,23.751768112182617,24406300
2014-07-23,23.742832821971103,23.992946046656712,23.644573750888014,23.662439346313477,20042200
2014-07-24,23.501650929241062,23.519516523552277,23.18007875042341,23.296201705932617,32711300
2014-07-25,23.314064555107162,23.96614333687529,23.260469482240964,23.957210540771484,37295300
2014-07-28,23.79642870873469,24.11800262223338,23.733900826389284,24.10906982421875,16168400
2014-07-29,24.144800193137087,24.225193668771,23.81429349289134,23.90361976623535,22239100
2014-07-30,23.805360159318404,23.814292956827423,23.403394493954117,23.644573211669922,32753900
2014-07-31,23.42125997846882,23.501653457761908,23.081822168820157,23.144350051879883,33849300
2014-08-01,23.421260499318905,24.582498723955787,23.162216163202608,23.403396606445312,30954500
2014-08-04,23.349800381996985,23.45699226061966,22.983564160984944,23.180082321166992,24726000
2014-08-05,23.090754906859924,23.421259917532012,22.858507267701608,23.314069747924805,25597200
2014-08-06,23.698171700449045,23.93041934110966,23.653507709692946,23.841093063354492,38162200
2014-08-07,23.73390001725743,24.019742728952693,23.564180268279507,23.90361976623535,17953800
2014-08-08,23.948284500341508,24.189464951909994,23.787497532629185,23.92148780822754,13860400
2014-08-11,23.805360974525705,24.091203689575195,23.796428176710787,24.091203689575195,13519500
2014-08-12,24.225195774831793,24.62716148419001,24.18053178239837,24.502105712890625,31400400
2014-08-13,24.528900640559613,24.680754796398226,24.359182592789438,24.475305557250977,16989400
2014-08-14,24.475305567958944,24.636092521712172,24.091203779272227,24.2341251373291,27201700
2014-08-15,23.80535641452005,24.153728647541957,23.742828545550044,23.957210540771484,29043500
2014-08-18,23.84109269880785,24.11800262223338,23.751766422418545,24.10906982421875,16707000
2014-08-19,24.073340704015102,24.153734183619047,23.796429072598393,23.841093063354492,20323300
2014-08-20,23.885753583882693,24.10013561238624,23.71603383907521,23.814292907714844,15985200
2014-08-21,23.492720745799765,23.537384736546958,23.162215733055724,23.28727149963379,47056300
2014-08-22,23.340866438448092,23.430192715625452,23.108620503046804,23.314069747924805,15593600
2014-08-25,23.24260686847036,23.24260686847036,22.876370700065944,22.885303497314453,25534700
2014-08-26,23.224740940330868,23.43912295994464,23.12648187576574,23.394460678100586,31613500
2014-08-27,23.403395338296924,23.51951830258978,23.287270670247093,23.323001861572266,12577500
2014-08-28,23.59098071668653,23.662441400836094,23.46592494536407,23.635643005371094,18631500
2014-08-29,23.5552503375436,23.885755350353556,23.483789656090877,23.841093063354492,16430600
2014-09-02,23.367666237748313,23.403397432270463,23.019295609942986,23.055025100708008,45629200
2014-09-03,23.144347902285897,23.22474137411222,23.010359350494316,23.02822494506836,18809800
2014-09-04,23.13541773697381,23.197945621339507,22.152832072458008,22.224292755126953,48013800
2014-09-05,22.34041546247927,22.42080893637369,22.027774364418413,22.394010543823242,29706700
2014-09-08,22.242155855722718,22.26002145032435,21.5722113919735,21.607942581176758,44416600
2014-09-09,21.625806856215267,22.009908628189688,21.465021613214795,21.938447952270508,29675800
2014-09-10,21.697271412241648,21.849123873014207,21.402494177780817,21.527551651000977,33863700
2014-09-11,21.36676597352788,21.733002209351252,21.2327773976486,21.679407119750977,29420500
2014-09-12,21.46502206024262,21.616876212702984,21.250640028020396,21.331031799316406,32381700
2014-09-15,21.447154404375095,21.47395279473702,21.214906799175413,21.35782814025879,20102500
2014-09-16,21.357831313208106,21.66153963406881,21.143449269734145,21.43822479248047,27000500
2014-09-17,21.456086873092474,21.50968194924006,20.89333261039418,20.92906379699707,41435400
2014-09-18,20.857603248728335,20.95586060494365,20.616422849027835,20.66108512878418,35030900
2014-09-19,20.63428936013006,20.66108604767293,20.089400663333894,20.241254806518555,51690900
2014-09-22,20.12513541680623,20.134068215488536,19.669572906551494,19.8124942779541,41175500
2014-09-23,20.098334437914367,20.241255790950092,19.866086813292082,20.134065628051758,34631500
2014-09-24,19.982215612614358,20.178732087766498,19.812495831853667,19.839292526245117,29477400
2014-09-25,19.642770158372976,19.982209618064438,19.517714412042835,19.964344024658203,35894800
2014-09-26,19.830354860010736,19.857151545523344,19.580241671433892,19.63383674621582,30222900
2014-09-29,19.758897205965926,19.80355949113654,19.419457705144172,19.428390502929688,22893400
2014-09-30,19.374796431829957,19.535583392852477,19.017493020533824,19.080020904541016,44049300
2014-10-01,19.187211952001096,19.50878588872689,19.10681846781965,19.115751266479492,32615000
2014-10-02,19.25867241946323,19.38372989552791,18.96389688205461,19.31226921081543,30790500
2014-10-03,18.981761937178423,18.981761937178423,18.427940368652344,18.427940368652344,72263700
2014-10-06,18.669117674553224,18.963893154013025,18.52619633322464,18.901365280151367,43922100
2014-10-07,18.954961279372526,19.008558062795824,18.23142174072665,18.240354537963867,59344300
2014-10-08,18.46367043971552,19.794626638439922,17.963445691413018,19.59811019897461,114256600
2014-10-09,19.562380343217352,19.580245939958296,18.508333988101008,18.95496368408203,77681600
2014-10-10,18.874567864480532,19.303333614365762,18.46366941288007,18.552995681762695,52079000
2014-10-13,18.87456982734603,19.43732418720054,18.767379656545106,18.865638732910156,45807100
2014-10-14,19.00855954056044,19.42839082080697,18.963895550902087,19.088953018188477,36062500
2014-10-15,19.21400691333821,19.589175871201764,18.937097019411272,19.160411834716797,36039100
2014-10-16,19.035356913280836,19.446257114089182,18.96389623102161,19.080020904541016,28753500
2014-10-17,19.124681025354942,19.151479417074984,18.481534957885742,18.481534957885742,54513000
2014-10-20,18.713784612738944,18.963896147668375,18.579794343304407,18.93709945678711,32998700
2014-10-21,19.142548115186464,19.276536676739678,18.77631191852109,18.8477725982666,21702100
2014-10-22,18.731643100277726,18.812036557237604,18.240351266639834,18.258216857910156,40030800
2014-10-23,18.08850371557275,18.50833504031,17.909851145521014,18.365413665771484,36274300
2014-10-24,18.338611884599853,18.43686923748403,18.106364289475678,18.285015106201172,16302400
2014-10-27,18.177825767993642,18.222488048228627,17.94557816250681,17.963443756103516,28523200
2014-10-28,18.124235258907127,18.347550123878833,17.954515484476612,18.3386173248291,32700000
2014-10-29,18.12422944481514,18.33861144196527,17.481081749608087,17.543609619140625,68045200
2014-10-30,17.35602896541131,17.373894560821274,16.221589213232804,16.257320404052734,113088500
2014-10-31,15.48018534698234,15.891085557284617,15.087150733596921,15.372993469238281,103841400
2014-11-03,15.578441665218289,16.0786663639332,15.408721932102647,15.998272895812988,74222500
2014-11-04,15.891085557284617,15.917882248902808,15.301532785327941,15.372993469238281,67537600
2014-11-05,14.899566337569624,15.489117376501628,14.69411709449632,14.819172859191895,86227300
2014-11-06,15.096083532055351,15.801759276457418,15.0514212435203,15.372993469238281,103000000
2014-11-07,15.68563072438953,16.695014551934545,15.667766835643873,16.65035057067871,136476900
2014-11-10,16.3645102864586,16.3645102864586,15.462318178915504,15.58737564086914,111605600
2014-11-11,15.873217088634647,16.569958204768948,15.837485901265303,16.275182723999023,86722200
2014-11-12,16.46277245120219,16.703952919150176,15.891086930517117,16.293052673339844,46634200
2014-11-13,16.489567595143306,16.552097183878146,15.908949329805052,16.025074005126953,56202100
2014-11-14,15.757094881794126,17.13271514163688,15.667770307005005,16.98979377746582,110737700
2014-11-17,16.837936252064644,17.427487187459956,16.668216527100324,17.320295333862305,58658900
2014-11-18,17.615074969333072,18.20462604421772,17.481086398451488,18.13316535949707,79925400
2014-11-19,18.07063416269088,18.097432553460422,17.079117556813095,17.141645431518555,120991200
2014-11-20,17.56147785283714,17.802658274814444,17.293500742033633,17.60614013671875,58492700
2014-11-21,18.070636727120192,18.12423351626527,17.481085676580694,17.75799560546875,45995700
2014-11-24,17.659734065533275,17.820520987511866,17.356025813741862,17.498947143554688,40827500
2014-11-25,17.552546460852145,18.24035659175052,17.525749769880168,18.213558197021484,72984400
2014-11-26,18.159960865364962,18.177826459641434,17.90091656338348,17.954511642456055,36643000
2014-11-28,17.213105704307946,17.222038501024148,16.159059544390857,16.400239944458008,113272100
2014-12-01,16.927267570751603,17.740133548921545,16.82900848423967,17.615076065063477,87972600
2014-12-02,17.043389480970397,17.561479870812253,16.891535313063798,17.15058135986328,58668500
2014-12-03,17.418558690455054,17.838390004513453,15.828556309460946,17.19524383544922,52488100
2014-12-04,17.552547072258086,17.749065232935518,17.13271576275495,17.15058135986328,49542400
2014-12-05,16.837937718681058,17.07018533524126,16.659285181709564,16.748611450195312,46715200
2014-12-08,16.989795261382596,17.19524452735314,16.3198506694078,16.87367057800293,52915800
2014-12-09,17.436425576486965,18.017043901664323,17.356032086442394,17.659740447998047,78927800
2014-12-10,17.650805238660002,18.052770930241522,17.15951156616211,17.15951156616211,61161000
2014-12-11,16.954063952268992,17.543615052974353,16.84687377237194,16.9719295501709,41317400
2014-12-12,16.927265325670795,17.10591617301204,16.587825819335542,16.659286499023438,43489900
2014-12-15,16.400242589281586,16.72181480414012,15.471252026061947,15.489117622375488,90290400
2014-12-16,15.998278054395232,16.07867154843801,15.25687271225644,15.274738311767578,64026200
2014-12-17,15.435521946485279,16.167994329738843,15.328330076463233,16.060802459716797,90028100
2014-12-18,16.444906232301864,16.83794086482292,16.14119788495703,16.75754737854004,62391200
2014-12-19,16.72181152629844,16.998723103606462,16.552093505859375,16.552093505859375,46674500
2014-12-22,16.544005403961997,16.63391882166486,15.608910318737314,15.698822021484375,73948700
2014-12-23,15.734785145435891,16.247289301494355,15.474036454132893,15.55495834350586,41643500
2014-12-24,15.599917464026083,16.148386006434414,15.429082156576445,15.97755241394043,40803300
2014-12-26,16.49904567002347,16.6159318850624,16.22031568419572,16.4001407623291,39305800
2014-12-29,16.337202760892573,16.355185784140993,15.959567847453208,16.022506713867188,39723400
2014-12-30,16.337205334658364,16.822735034167692,16.319222308576894,16.58896255493164,61264100
2014-12-31,16.427114952030838,16.72382795394963,16.229305140781403,16.526018142700195,29107600
2015-01-02,16.247290859608405,17.03852680603344,16.139396140067674,17.0295352935791,47287400
2015-01-05,17.13743055674972,17.506074004293257,16.867692034385662,17.479101181030273,46021100
2015-01-06,17.64992936210157,18.603008840561746,17.56900920218833,18.40519905090332,76091200
2015-01-07,17.991603403988215,18.58502945923594,17.82076811082432,18.063533782958984,45809700
2015-01-08,18.18940889442115,18.49511338970178,17.63194896652489,17.793792724609375,46813900
2015-01-09,18.099500723775893,18.638979501293317,18.099500723775893,18.620996475219727,56339000
2015-01-12,18.7828365457995,19.565080874926995,18.683933351968975,19.322315216064453,62924400
2015-01-13,19.663986607529118,19.681967915825453,18.261341663085815,18.47713279724121,75387000
2015-01-14,18.96266354537403,18.98963807941258,17.874714681862027,18.261341094970703,64255900
2015-01-15,19.05257700456136,19.46617623807043,18.935689071644145,19.313323974609375,84358300
2015-01-16,19.520124656434316,20.077586387401674,19.493151835793586,19.924734115600586,68948500
2015-01-20,20.383290994882024,20.760925919635483,20.32035212658237,20.626056671142578,73781200
2015-01-21,20.859829217547173,20.877810524984138,19.87078528038706,20.266403198242188,60199000
2015-01-22,20.518160201004825,20.635048140424697,20.068594896986472,20.15850830078125,37732400
2015-01-23,19.9786804168061,20.059602304366038,19.439203453013747,19.54709815979004,51411300
2015-01-26,19.214420248493177,19.924732477923257,18.998627411370844,19.915740966796875,38330300
2015-01-27,20.104562571755864,20.617066785426147,20.059605008741826,20.57210922241211,52575300
2015-01-28,20.239429966702385,20.428246569103063,19.538107482880903,19.75389862060547,69658600
2015-01-29,19.25937916168974,19.547100703813605,18.953674594444212,19.4122314453125,48279300
2015-01-30,19.484162282217845,20.077588405334676,19.151483169582914,20.041624069213867,51653100
2015-02-02,19.628020315987822,20.39228164509427,19.601045781446842,20.185482025146484,41388300
2015-02-03,19.924735110700865,20.167500798325065,19.5201256313272,19.66398811340332,52864500
2015-02-04,19.915743248034975,20.230439313683387,19.67297756468143,20.023639678955078,37901100
2015-02-05,19.897758722336413,20.311359675540352,19.780872503035244,20.3023681640625,26392000
2015-02-06,19.556092212840078,19.75390034427557,19.160474235013428,19.178457260131836,83701900
2015-02-09,19.35827930959173,19.654992291083097,19.349287799248934,19.502140045166016,31117400
2015-02-10,19.277356056121103,19.322311889672484,18.998624400246168,19.133495330810547,35880700
2015-02-11,19.196436938554907,19.241392778557685,18.719897145730748,18.755863189697266,37436200
2015-02-12,18.980646768434212,19.12450752158092,18.782836946640902,19.016611099243164,36041000
2015-02-13,19.151479083696998,19.38525322095251,19.061567405099396,19.115514755249023,20499400
2015-02-17,18.647967543415238,18.80081980667911,18.43217641556426,18.495115280151367,47904200
2015-02-18,18.52208952422727,19.025602147995688,18.315289910977523,18.917707443237305,62464800
2015-02-19,18.935692030339965,18.989641107018407,18.360248932082218,18.4681453704834,44351800
2015-02-20,18.56704546322044,18.818802633908952,18.36024584888099,18.38722038269043,28204700
2015-02-23,18.27932703202026,18.64797048121109,18.17143059361908,18.4681453704834,29428700
2015-02-24,18.27932286934262,18.558052842217684,18.171426455512265,18.360244750976562,27003500
2015-02-25,18.54007602466438,18.83678909084441,18.477135434300116,18.692928314208984,42515900
2015-02-26,18.989636148857322,19.01660896519828,18.782834838830162,18.845773696899414,23794700
2015-02-27,19.034590439051367,19.313320379971184,18.980643095798687,19.133495330810547,33900100
2015-03-02,19.160471900972755,19.196437946828354,18.558054352535148,18.665950775146484,51326400
2015-03-03,18.737878777969936,18.92669534992398,18.243357714795344,18.324277877807617,36239400
2015-03-04,18.369237951722038,18.3872209748408,17.97362001788669,18.018577575683594,34871100
2015-03-05,18.162437050305872,18.324279102098732,17.92866291110904,18.054540634155273,19225600
2015-03-06,17.51506399838345,17.51506399838345,16.642907917734924,16.705846786499023,106781600
2015-03-09,16.85869568342826,16.912643029427773,16.103425979614258,16.103425979614258,66267700
2015-03-10,16.13939431373228,16.409132797016117,15.716801850977362,15.8876371383667,57613900
2015-03-11,15.914610546219595,16.418123146356,15.545967178178882,16.36417579650879,72568600
2015-03-12,16.481065754035868,16.561987654682248,16.067466452915014,16.247291564941406,50202100
2015-03-13,16.328213465587787,16.337204978432464,15.788734699597162,16.247291564941406,38433500
2015-03-16,16.2922461346051,16.436106883766502,15.959567080322229,16.283254623413086,28041200
2015-03-17,16.049479997442905,16.454087699254195,15.95956660316639,16.121410369873047,41382000
2015-03-18,16.076452876904096,16.975583393206357,15.923600620534495,16.939619064331055,83455800
2015-03-19,16.813743128456945,16.984576709949394,16.588960475482686,16.82273292541504,30136900
2015-03-20,17.03852485104352,17.515062951756068,16.98457578250759,17.38019371032715,55471900
2015-03-23,17.497079084975102,17.775810780766996,17.389184383018225,17.757827758789062,37938900
2015-03-24,17.811772522787408,17.829755542153492,17.560017111482715,17.658920288085938,27594500
2015-03-25,17.847743139794648,17.901690496776272,17.398177830051484,17.407169342041016,32797200
2015-03-26,17.694887747822985,17.87471281105949,16.96659255456135,17.14641761779785,53919800
2015-03-27,17.020540947994686,17.218349044197254,16.75080076413079,16.939619064331055,35143400
2015-03-30,16.660888379258388,16.831721935357077,16.526017435557453,16.6069393157959,37549400
2015-03-31,16.66988095196227,16.759792633551264,16.32821038808467,16.4001407623291,34256400
2015-04-01,16.66988108814617,17.308262950411315,16.597948998358696,17.272296905517578,82601100
2015-04-02,17.146419971666145,17.398177152704896,16.86768997066447,17.07448959350586,47542800
2015-04-06,17.649929075324906,17.802781312597787,17.50606834788633,17.71286964416504,50548500
2015-04-07,17.578002172953425,17.649932550836784,17.245324818351197,17.254316329956055,51149600
2015-04-08,17.353218596762844,17.470106526399874,16.993566726640037,17.16440200805664,30498200
2015-04-09,16.966597232632495,17.137430832566537,16.876683818745473,17.002561569213867,19143000
2015-04-10,17.3352363568399,17.524052935387797,17.326244846201146,17.488088607788086,41732000
2015-04-13,17.515065057706042,17.524056570209808,17.263309567423317,17.317256927490234,24567200
2015-04-14,17.335237426363125,17.622958924733403,17.29927138158914,17.452123641967773,24945600
2015-04-15,17.595986694539846,18.000596176435216,17.461117438893265,17.964630126953125,45624200
2015-04-16,18.018578642568993,18.189412227445896,17.658925018720492,17.748838424682617,36435000
2015-04-17,17.8387523752119,18.036560502402644,17.676908582530555,17.73085594177246,25575900
2015-04-20,17.58699204460251,17.847740711962512,17.488088856082616,17.829757690429688,22548100
2015-04-21,17.847742269447664,18.045550378704522,17.694890002990622,17.955636978149414,18308100
2015-04-22,17.802785011095466,17.883706901460442,17.362211227416992,17.362211227416992,52298200
2015-04-23,17.389189187164273,17.883710423492296,17.389189187164273,17.784807205200195,43056500
2015-04-24,17.640943508902126,17.82976011581559,17.407169342041016,17.407169342041016,41542900
2015-04-27,17.631951660236222,18.144455829164436,17.569012792466864,17.766820907592773,56813000
2015-04-28,17.87471410052478,18.48612313253693,17.87471410052478,18.459150314331055,61169700
2015-04-29,18.459152226474725,18.79182959514801,18.333272773637987,18.629985809326172,48166600
2015-04-30,18.14445704520529,18.21638742961326,17.85673550757342,18.081518173217773,58552500
2015-05-01,17.901688591794272,18.22537612915039,17.883705569728846,18.22537612915039,30991700
2015-05-04,18.513101123504104,18.576039997680475,18.23437108859916,18.35125732421875,20459700
2015-05-05,18.540073530026522,18.620993705409564,18.072525211393945,18.180419921875,30224300
2015-05-06,18.27033102559643,18.297305557301186,17.67690504773415,17.721860885620117,46000500
2015-05-07,17.560019227258596,17.838749201196098,17.335236602964244,17.829757690429688,48920300
2015-05-08,17.928664158451713,18.045550378704522,17.658923956786392,17.955636978149414,24672100
2015-05-11,17.928666612822067,18.12647474915815,17.79379735100402,18.00059700012207,15760400
2015-05-12,18.054540315864596,18.288314450940128,18.045548805097614,18.243358612060547,32359200
2015-05-13,18.51309797509108,18.782836451390043,18.48612344147902,18.68393325805664,48741500
2015-05-14,18.872750489627233,19.10652464400739,18.62099331222811,18.719898223876953,49156300
2015-05-15,18.558055428400415,18.863759976073766,18.450160714489563,18.629985809326172,25460800
2015-05-18,18.755862528810287,18.818801388578596,18.56704423455006,18.656957626342773,18193800
2015-05-19,18.39620797427633,18.39620797427633,17.973617284973805,17.982608795166016,45125400
2015-05-20,18.036557612304282,18.261340240575617,18.000593283557652,18.054540634155273,24315600
2015-05-21,17.982608692325066,18.090505099059303,17.88370379573161,17.928661346435547,17569100
2015-05-22,17.937654104671317,18.036557293191212,17.820766179663273,17.829757690429688,22209700
2015-05-26,17.50607189020182,17.51506340185554,17.245324912065996,17.308263778686523,48088400
2015-05-27,17.37120474311123,17.488092693769836,17.236335481929203,17.479101181030273,25463000
2015-05-28,17.389184987982897,17.65892346721458,17.218349703159937,17.62295913696289,28073800
2015-05-29,17.66791360597168,17.793793039462134,17.515061355626717,17.6049747467041,16940600
2015-06-01,17.829760027260484,17.90169040786391,17.488091148133094,17.52405548095703,25069200
2015-06-02,17.65892773153304,17.86572911150199,17.595988852177385,17.784807205200195,32910000
2015-06-03,17.640941947120396,17.739845140338048,17.37120175618171,17.452123641967773,37003600
2015-06-04,17.227339496488618,17.263305538109073,17.119444801537767,17.14641761779785,26423400
2015-06-05,16.921634405439505,17.08347815711022,16.786765184032305,16.930625915527344,29508600
2015-06-08,16.96659786419533,17.110458645787332,16.822735367647535,17.10146713256836,41183500
2015-06-09,17.155412020761972,17.29028126966835,16.86769049910689,16.88567352294922,24942400
2015-06-10,17.119446050279837,17.209357730978876,16.97558358825953,17.047513961791992,30386300
2015-06-11,16.90365209025343,16.957601153030485,16.750799842295642,16.84970474243164,23837100
2015-06-12,16.795761008344797,16.87668290496607,16.633917215102255,16.67887306213379,22851000
2015-06-15,16.64290764839414,16.930629166633988,16.561985757019745,16.7148380279541,28170400
2015-06-16,16.570979163591776,16.62492652569131,16.45409121159444,16.48106575012207,30638900
2015-06-17,16.418124758285785,16.975584763000764,16.391150223236156,16.957603454589844,54948300
2015-06-18,17.20935948982455,17.245325537744304,17.07449024003658,17.17339515686035,38765100
2015-06-19,17.110456343768693,17.1464206768502,16.6518995210294,16.759794235229492,45124600
2015-06-22,16.552996137906693,16.65190106421894,16.47207423727953,16.48106575012207,27510800
2015-06-23,16.40913193010719,16.651897581210388,16.40913193010719,16.526018142700195,21862400
2015-06-24,16.45408849897745,16.615932273550246,16.409132657131863,16.508037567138672,14923600
2015-06-25,16.47207131090986,16.5889592421413,16.337202072143555,16.337202072143555,31516900
2015-06-26,16.319219494488888,16.41812440592603,16.23829760603222,16.26527214050293,19863800
2015-06-29,16.33720230776163,16.391149661055106,16.094436645507812,16.094436645507812,28759800
2015-06-30,16.03149908861359,16.22930721012956,15.88763832479187,15.968560218811035,32479300
2015-07-01,15.896628698058699,15.923601517495689,15.518993791341721,15.53697681427002,35526400
2015-07-02,15.63588102822702,15.887638220744066,15.61789971908375,15.851672172546387,35636600
2015-07-06,15.734784407099355,16.211324209384024,15.635879499183288,16.049480438232422,34573800
2015-07-07,15.680837664725201,15.698818972809203,15.24026388999099,15.267236709594727,66785200
2015-07-08,15.429079323895019,15.536975739042441,15.141357836775677,15.159340858459473,23785000
2015-07-09,15.402107513420809,15.456056588006739,15.078421640683437,15.222282409667969,14404800
2015-07-10,15.267236824092018,15.285219847266353,14.952540778363085,15.060437202453613,31843300
2015-07-13,14.862630389190189,15.114385875775012,14.745742443313839,15.10539436340332,17813200
2015-07-14,15.087413560178332,15.231274333044277,14.997500148398194,15.006491661071777,16502400
2015-07-15,14.862628581945858,14.907584423382206,14.628854433574915,14.66481876373291,47109000
2015-07-16,14.63784587790593,14.63784587790593,14.476002105546604,14.520957946777344,20774600
2015-07-17,14.431046997609608,14.431046997609608,13.819638706872587,13.864595413208008,67369900
2015-07-20,13.217220317032417,13.280160045300791,12.363046375323789,12.372037887573242,169146000
2015-07-21,12.64177617966835,13.0643669297892,12.605810991201091,12.695723533630371,90063100
2015-07-22,12.425983473858794,12.83958354608813,12.291114239263923,12.659757614135742,39924800
2015-07-23,12.803618468717078,12.85756667750099,12.147253597132664,12.2461576461792,69592000
2015-07-24,12.057340098986977,12.704714311493259,11.84154898064411,12.659757614135742,141204200
2015-07-27,12.497915432314496,12.929498581235082,12.084315307609586,12.201202392578125,76274700
2015-07-28,12.345062479019221,12.443967391822962,12.174228045732907,12.309097290039062,39223000
2015-07-29,12.309097722617846,12.650767458675519,12.17422847357198,12.5608549118042,56984100
2015-07-30,12.282124697354163,12.43497697838823,12.048350519598786,12.102298736572266,73229900
2015-07-31,12.443967583263557,12.560854663616722,12.21019342255723,12.363045692443848,41361100
2015-08-03,12.26414243447583,12.300107626352036,11.850542299160548,11.931464195251465,61550200
2015-08-04,12.111290474619459,12.174229347696247,11.850542612258407,11.949446678161621,69613800
2015-08-05,12.066331999712187,12.174227562368788,11.69768861293271,11.76961898803711,41758700
2015-08-06,11.877514901668118,12.30909716504755,11.787601501391869,12.02137565612793,69121200
2015-08-07,12.066331448512322,12.452957840145347,11.985409565847023,12.048348426818848,50618200
2015-08-10,12.201200446955996,12.8485746383667,12.012383010189442,12.8485746383667,91376800
2015-08-11,12.983445768092299,13.064367661042512,12.533880458349136,13.055377006530762,55172900
2015-08-12,13.316122314256704,13.96349561953426,13.289147783428595,13.95450496673584,123217200
2015-08-13,13.53191530190953,13.675776056465,13.073358503655662,13.1632719039917,101956100
2015-08-14,13.41502876504717,13.477967633331993,12.911515246335275,13.028402328491211,33094300
2015-08-17,13.307133281286106,13.585863291911734,13.262176579014232,13.522924423217773,66966000
2015-08-18,13.253183510226595,13.415027276402615,13.046383904537393,13.280158042907715,52911000
2015-08-19,13.397045882921162,13.738715621110217,13.379063716425831,13.66678524017334,65822400
2015-08-20,14.107358942483176,14.431045654512555,13.999463371806716,14.22424602508545,86900000
2015-08-21,14.511965851391267,14.52994887314186,13.702748737123397,13.837618827819824,84174900
2015-08-24,13.630820024733808,14.03542863113196,12.65076751441705,12.704715728759766,131865300
2015-08-25,13.055377138057267,13.064367792659596,12.210193867037761,12.291115760803223,72336000
2015-08-26,12.120278874567935,12.129270385471003,11.652731454818214,11.724661827087402,97910100
2015-08-27,11.778610935636408,12.506906224917781,11.697689046276757,12.39901065826416,111023300
2015-08-28,12.372037773468739,12.95647234464827,12.36304626130221,12.81261157989502,94381300
2015-08-31,12.533880023566624,12.686732292175293,12.219184832149407,12.686732292175293,57079800
2015-09-01,12.776646265918208,12.9205070292889,12.291115760803223,12.291115760803223,56978800
2015-09-02,12.372035956196735,12.497913678127325,11.985409564603815,12.255148887634277,38700500
2015-09-03,12.039356500130143,12.614799413818014,12.012381970442839,12.030364990234375,49765400
2015-09-04,11.940454177515711,12.075324282562718,11.742646062077858,12.039359092712402,45569700
2015-09-08,12.165236885918976,12.35405434789456,11.994402447692385,12.183219909667969,36832900
2015-09-09,12.012384534408971,12.156246151014853,11.778611229564657,11.805584907531738,54365200
2015-09-10,12.003394155171206,12.06633302436278,11.760628475470362,11.79659366607666,33086600
2015-09-11,11.68869550854051,11.940451787092272,11.347025844624323,11.87751293182373,63781500
2015-09-14,11.74264680387906,11.994403148735108,11.607776690312098,11.75163745880127,37077400
2015-09-15,11.733653167593324,11.976417956106964,11.679704960436037,11.78760051727295,26398000
2015-09-16,12.030367226304636,12.524889215279556,12.021375714737626,12.488924026489258,81356400
2015-09-17,12.336071144807859,12.983444510761684,12.28212293557286,12.83059310913086,79245400
2015-09-18,13.12730751701956,13.226211577446948,12.749672584510929,13.019411087036133,53111900
2015-09-21,12.830593342246825,12.911514371353016,12.57883617121297,12.587827682495117,58502000
2015-09-22,12.291114300010577,12.327079486578807,11.967427620896512,12.012383460998535,73786500
2015-09-23,12.264141732117773,12.309097576280086,11.895497464651367,11.92247200012207,37996400
2015-09-24,12.246160045575394,12.83958617108026,12.192212683699237,12.785638809204102,102655900
2015-09-25,12.551862081416349,12.686731316295447,12.479931708483807,12.569844245910645,34885700
2015-09-28,12.246158803304072,12.336072207280505,11.949445770650717,11.976419448852539,67205900
2015-09-29,12.111287874671342,12.300105310845822,11.95843562360259,12.057339668273926,34734800
2015-09-30,11.886506976824274,12.35405445098877,11.859532440975682,12.35405445098877,41340700
2015-10-01,12.39900935551716,12.578835281045796,12.00339231935416,12.057339668273926,54110100
2015-10-02,12.542871833562277,13.037393840382691,12.479932965277452,13.028402328491211,98242100
2015-10-05,13.12730781699104,13.648803524757197,13.109324792423612,13.594855308532715,102197900
2015-10-06,13.954505992286919,14.17928862084197,13.693757319984487,14.098366737365723,92653200
2015-10-07,14.116351854934098,14.233238949133089,13.819638791766609,14.035429954528809,53677000
2015-10-08,13.810646513957241,14.520959695145947,13.774681322155704,13.855603218078613,62811000
2015-10-09,14.359115674919398,14.628855021771722,14.251220107674017,14.619863510131836,86931800
2015-10-12,14.934561272669361,14.934561272669361,14.044421240092479,14.188282012939453,73832600
2015-10-13,14.19727375213829,14.511968983392746,14.09836968359738,14.269204139709473,48817600
2015-10-14,14.601881636324933,15.276229627802133,14.53894276484663,15.195307731628418,126780700
2015-10-15,14.934558186175796,15.321184576407164,14.817670260547304,15.18631362915039,46677600
2015-10-16,15.14135909580034,15.276228339732674,14.718768340824226,14.736749649047852,65976600
2015-10-19,14.67381004877335,14.772714956354926,14.03542733497375,14.116349220275879,111747800
2015-10-20,14.296175779223116,14.853637489512504,14.287185125168953,14.682802200317383,88202900
2015-10-21,14.476002389931118,14.538941254872768,14.143323327439678,14.251219749450684,63704100
2015-10-22,14.215255264486288,14.62885537772975,14.188280728910273,14.493986129760742,48065200
2015-10-23,14.6917939154069,14.979515428592192,14.323150512268803,14.8536376953125,65417200
2015-10-26,14.817670333340548,14.817670333340548,14.386088101873622,14.395079612731934,58216300
2015-10-27,14.314158820878356,14.574905795820182,14.197271743245073,14.4220552444458,25161300
2015-10-28,14.754732154305248,15.114384030485443,14.026436890670928,14.287184715270996,76262400
2015-10-29,14.062403657552197,14.188281399612976,13.522924925218613,13.594855308532715,87347200
2015-10-30,13.54989759320793,13.837619962466139,13.442002026290258,13.450993537902832,42003200
2015-11-02,13.307133909139385,13.648803662057308,13.154281628689846,13.504942893981934,40933400
2015-11-03,13.271167184660934,13.585862364117611,13.226210485459205,13.43301010131836,27659100
2015-11-04,13.531913894497235,13.68476614468417,13.127305350022613,13.14528751373291,47752800
2015-11-05,13.154279570113072,13.154279570113072,12.596818752321825,12.659757614135742,89901000
2015-11-06,12.264142530014883,12.33607291432764,12.057342032007336,12.102298736572266,73796300
2015-11-09,12.102296490340512,12.443966181149847,11.96742725915578,12.434974670410156,76441900
2015-11-10,12.201200606159336,12.336070695596769,12.066331374199567,12.111288070678711,54219000
2015-11-11,12.174228267094401,12.282123835996716,12.084314864270258,12.27313232421875,29725700
2015-11-12,11.98540949203264,12.399009556180973,11.949444306344857,12.111288070678711,41792900
2015-11-13,12.084313877305151,12.30010585496311,12.048348690608439,12.2461576461792,31486300
2015-11-16,12.35405445098877,12.461950021949807,12.255150391977262,12.35405445098877,24226200
2015-11-17,12.246158218414216,12.282123406791499,11.7336540696685,11.760627746582031,70962600
2015-11-18,11.823566968106796,12.210193397919609,11.616767343076155,12.129271507263184,69238200
2015-11-19,12.309097722617846,12.641776804222829,12.291115556234692,12.5608549118042,57813000
2015-11-20,12.614800747998276,12.650765933907557,11.99440107669376,12.048348426818848,67610000
2015-11-23,12.003393713688244,12.120279935751316,11.91348031174061,11.985410690307617,26679900
2015-11-24,12.228176677921525,12.479933009429258,12.129271761720872,12.443967819213867,59251900
2015-11-25,12.273130613604103,12.54286992700282,12.192209591314363,12.327078819274902,35075100
2015-11-27,12.057340400478774,12.219184172021642,12.021375213188993,12.093305587768555,38458000
2015-11-30,12.183220417723732,12.408003079093254,12.156246738453174,12.372037887573242,43282800
2015-12-01,12.452957575277301,12.767652730920688,12.30909597722237,12.731687545776367,55243200
2015-12-02,12.42598433555813,12.605811137458572,12.24615839113543,12.39901065826416,59197500
2015-12-03,12.614800916778224,12.776644684274215,12.461948660249274,12.659757614135742,51983700
2015-12-04,12.794628668905268,13.361081078247553,12.794628668905268,13.334107398986816,76943200
2015-12-07,13.145288359745406,13.181253546958315,12.64177573876466,12.767653465270996,69177200
2015-12-08,12.794626848730614,12.86655807898925,12.533879033030228,12.659757614135742,58937700
2015-12-09,12.965462346001814,13.064366395875336,12.668749338903554,12.83059310913086,50909900
2015-12-10,12.722698397601745,13.001429277336065,12.704716230429296,12.776646614074707,32698200
2015-12-11,12.632784698866033,13.064366961521406,12.614801675849858,12.929497718811035,47148500
2015-12-14,12.839584557128422,12.875549746350943,12.192211151123047,12.192211151123047,88301100
2015-12-15,12.336070770291183,12.425983306316224,12.147253329917627,12.255148887634277,37161500
2015-12-16,12.524888618446788,12.803618603920205,12.291114473710717,12.740679740905762,82756600
2015-12-17,12.300104506562052,12.300104506562052,11.95843484166004,11.994400024414062,92531900
2015-12-18,12.18321919559169,12.434975510977406,12.120279473636973,12.264141082763672,62472400
2015-12-21,12.523498398949176,12.605113517649666,12.378402836649977,12.478156089782715,70487000
2015-12-22,12.450948662298114,12.623249243087157,12.360264919890861,12.405607223510742,33462900
2015-12-23,12.487225970423351,12.677662131223446,12.460020063309592,12.668594360351562,42889100
2015-12-24,12.76834556857221,12.95878257645595,12.750209163686083,12.940646171569824,24429100
2015-12-28,12.723002640377645,12.732071274796004,12.396539584809956,12.50536060333252,49718100
2015-12-29,12.66859274394853,12.741140090663398,12.505360781423777,12.650455474853516,28853300
2015-12-30,12.37840161145911,12.46001758691402,12.305854269906417,12.387470245361328,40319300
2015-12-31,12.387471190750558,12.469087172434252,12.333061112849826,12.441882133483887,27523300
2016-01-04,12.80461936189715,12.913440386720723,12.57790867730655,12.777414321899414,53710100
2016-01-05,12.813687282697096,12.831823686740584,12.614181649223253,12.713934898376465,29913400
2016-01-06,12.895305104727685,13.013194774761807,12.831825519427648,12.922510147094727,39864700
2016-01-07,13.149218913181734,13.611708889412082,13.040397894921519,13.493819236755371,78644600
2016-01-08,13.149220174230773,13.276178473459657,12.931578116837827,13.167357444763184,66017900
2016-01-11,13.212697395890897,13.248971068017259,12.532565394897212,12.623250007629395,69796900
2016-01-12,12.51443128379955,12.51443128379955,12.124488588382194,12.342130661010742,66902500
2016-01-13,12.27865193936893,12.51443128379955,12.115419952481158,12.342130661010742,39568100
2016-01-14,12.206102145438438,12.323991794122495,11.788954490415065,11.906844139099121,56311100
2016-01-15,12.33306112318124,12.342128892950562,11.852433867270776,11.87057113647461,35653200
2016-01-19,11.979391003810116,12.00659604016394,11.244848103596784,11.308327674865723,76883400
2016-01-20,11.589450675979144,11.716408978597354,11.353672206592014,11.65293025970459,64908600
2016-01-21,11.516901344313835,11.770817041124387,11.290190684524852,11.707338333129883,32173600
2016-01-22,11.54410814932232,11.943119455965963,11.507834472794048,11.816161155700684,32747300
2016-01-25,12.024733447108039,12.151690861453591,11.934048838433338,12.133554458618164,51095400
2016-01-26,12.269583037676796,12.695799402632618,12.26051526680491,12.668594360351562,76144500
2016-01-27,12.577906849708127,12.886233474324003,12.43281217102595,12.877164840698242,60024700
2016-01-28,12.577909616150142,12.868099037340063,12.450951311963205,12.568840980529785,51302800
2016-01-29,12.541634895694887,12.91344027688793,12.46001891156322,12.886235237121582,46570700
2016-02-01,12.995056493140924,13.285245895385742,12.967851452888631,13.285245895385742,48295600
2016-02-02,13.131081781801832,13.212697762559225,12.795550089113444,12.967850685119629,59458800
2016-02-03,13.094807804198455,13.920035362243652,13.076671400469943,13.920035362243652,120309300
2016-02-04,14.32811621676871,14.83594855834124,14.300911175294386,14.64551067352295,122759300
2016-02-05,14.282773145201256,15.525148459201635,14.1195411753668,15.461668014526367,129420600
2016-02-08,15.869748554230771,16.232485318108694,15.815338472065415,15.84254264831543,117795100
2016-02-09,16.069252047380875,16.159936663460982,15.18961524963379,15.189615249633789,122342700
2016-02-10,15.16241131656661,15.561422641379403,14.645511186293321,15.543285369873047,80445100
2016-02-11,16.640563674109845,16.912615788698986,16.11459498414972,16.658700942993164,168723900
2016-02-12,16.187142978758516,17.093985703286553,16.12366426478799,17.084917068481445,93974000
2016-02-16,16.26875642523756,16.604287212374604,15.597693121298514,15.606760025024414,155672200
2016-02-17,15.906022051687405,16.241552887632228,15.72465281681735,16.159936904907227,78925500
2016-02-18,15.887883973602522,17.1483947298295,15.815336629280072,17.139326095581055,106526900
2016-02-19,16.876343619112827,17.130258474425503,16.5770855898763,16.667768478393555,79098700
2016-02-22,16.159937516721982,16.948891469711715,16.096458801013725,16.803796768188477,50464700
2016-02-23,17.130259075769747,17.28442241319218,16.912617022290778,17.1574649810791,73296800
2016-02-24,17.629019474351622,18.000824777640915,17.048639072169777,17.329761505126953,91260400
2016-02-25,17.23908160816563,17.6471598249836,17.175602889749413,17.583681106567383,59332500
2016-02-26,17.184671931406996,17.538340073609103,16.90354941511083,16.94889259338379,117343300
2016-02-29,17.19373764115157,17.592748933865654,17.157464830722258,17.57461166381836,80199400
2016-03-01,17.62902273444769,17.683432812641872,16.794727373587722,16.840068817138672,119848300
2016-03-02,16.976094460806348,17.393242995830704,16.85820567266814,17.275352478027344,79717600
2016-03-03,17.37510534705376,18.154990593525053,17.320695271384754,17.973621368408203,100314500
2016-03-04,17.99175754296996,18.934872959107693,17.737840989177293,17.87386703491211,138290700
2016-03-07,18.13685507188788,18.798849866892116,18.06430772078694,18.499591827392578,109608500
2016-03-08,18.699093521151976,18.79884502216761,17.583675907143927,17.610881805419922,137523000
2016-03-09,17.239081582129575,17.89200776585143,17.05771233292972,17.692502975463867,79357800
2016-03-10,17.991760653990042,18.535866660677645,17.910144666503633,18.481454849243164,100554600
2016-03-11,18.354496509184766,18.66282317343215,17.991759765854084,18.118717193603516,87906100
2016-03-14,18.272881721568915,18.345429074982807,17.32976612718834,17.338834762573242,122947800
2016-03-15,17.32976405399019,17.72877358519952,17.103053385485513,17.71063804626465,73297400
2016-03-16,17.429515366131756,19.007421392730706,17.211873334497255,18.916738510131836,167168100
2016-03-17,19.089035872090776,19.424568392224792,18.472384362373226,18.52679443359375,131512400
2016-03-18,18.463320346903295,18.980220476946805,18.45425171115415,18.690031051635742,66406800
2016-03-21,18.590276471903834,18.844193065906904,18.417975864199423,18.65375518798828,40155100
2016-03-22,18.953012111055465,19.043696727117634,18.454249317211314,18.662822723388672,42354400
2016-03-23,17.93734944024865,18.028032327586097,17.248148772559777,17.257217407226562,156720700
2016-03-24,17.456723423849738,17.774118741125527,17.2934914475556,17.647159576416016,64733000
2016-03-28,17.792251001263544,17.828523802633363,17.311623843043332,17.610881805419922,35286700
2016-03-29,17.80132219131483,18.680960754428792,17.5927487766309,18.626550674438477,123660900
2016-03-30,18.345426559448242,18.590274492270947,18.000827110400255,18.345426559448242,62118400
2016-03-31,18.572139682650803,18.653755671063063,18.10058102286117,18.109649658203125,46237400
2016-04-01,17.647158262253363,18.245676040649414,17.520200836663545,18.245676040649414,58369200
2016-04-04,18.18219492220887,18.18219492220887,17.69250077766464,17.71063804626465,65764800
2016-04-05,18.191264861062656,18.30915538575187,17.73784349153701,18.254743576049805,74601400
2016-04-06,18.028032603445038,18.345427902978397,17.95548525466586,18.27288055419922,35891000
2016-04-07,18.671891902308083,18.916739853914503,18.60841318811351,18.844192504882812,81856200
2016-04-08,18.780712449630713,19.542460495058055,18.771645544271223,19.44270896911621,69638900
2016-04-11,19.877993000737668,20.66694694839848,19.82358292045028,20.585330963134766,121978500
2016-04-12,20.657878965677,20.911793834812322,20.277004932308696,20.74856185913086,62246400
2016-04-13,20.385823312605954,20.6578771581594,20.104702562232713,20.177249908447266,77053400
2016-04-14,20.086565685724885,20.258866284975387,19.31574903609391,19.58780288696289,100770000
2016-04-15,19.723826645556386,20.231658019710487,19.45177455610437,20.131906509399414,69043500
2016-04-18,20.37675685545132,20.3858254909053,19.86892537768582,20.113773345947266,39776600
2016-04-19,20.929932457741153,21.28360060812611,20.784837743241404,21.093164443969727,101450600
2016-04-20,21.075020764089025,21.600989376638932,20.594393587409062,20.712284088134766,107920500
2016-04-21,21.26546232848114,21.338009676391724,20.73949362371309,21.08409309387207,81445000
2016-04-22,20.81204055351026,21.229187363199358,20.349550571247235,20.485576629638672,101689200
2016-04-25,20.61253325136848,20.757627938628268,20.2860710698665,20.367685317993164,39890900
2016-04-26,20.59439769661385,20.866451555111194,20.304208297948882,20.84831428527832,63797900
2016-04-27,20.99340957160694,21.13850427499641,20.485578109743788,21.07502555847168,56420300
2016-04-28,21.29266561435016,22.126960945338816,21.238255538104088,22.01814079284668,104264300
2016-04-29,22.444357921688532,23.423748016357422,22.41715201667972,23.423748016357422,116216000
2016-05-02,23.66859172198252,23.732070425938176,22.761749140524685,23.02473258972168,84514200
2016-05-03,23.115420863243955,23.15169540249983,22.190440868201982,22.362741470336914,94115500
2016-05-04,21.945595531253677,22.35367373633567,21.12036875624497,21.229188919067383,122063000
2016-05-05,21.600990110469038,22.054411403231747,21.510305505983503,21.927453994750977,88670100
2016-05-06,22.389946156366584,23.070078163415804,22.272055639865577,22.788955688476562,100086900
2016-05-09,21.800498028658797,21.927455445539465,21.31080216983609,21.32893943786621,128209000
2016-05-10,21.446830602080986,22.22671591731984,21.165709835060227,22.126962661743164,87011000
2016-05-11,22.59852088943944,22.979394905034805,21.945594746846773,22.71640968322754,84347400
2016-05-12,22.761755549576552,23.03380770874994,22.145102143807073,22.262990951538086,76147200
2016-05-13,22.290194903538076,22.67106893076148,22.163237471018704,22.480632781982422,47602900
2016-05-16,22.970327919212718,23.224244524393306,22.69827577268487,22.88871192932129,64173700
2016-05-17,22.834300000553704,23.441884693050515,22.598520685440665,23.197036743164062,60077800
2016-05-18,22.725477435663635,23.051941359116153,21.356144759661895,21.36521339416504,190329800
2016-05-19,20.857384687397012,21.84584349139036,20.65787989132754,21.72795295715332,88378000
2016-05-20,21.981865174703803,22.009071076321668,21.201979958308893,21.8095645904541,70444800
2016-05-23,21.283595787334438,21.981865023745513,21.183844274750744,21.56471824645996,51488900
2016-05-24,21.084094660009367,21.28359944916649,20.349552491644367,20.37675666809082,124509700
2016-05-25,20.277003556469506,21.029682936856716,19.896129548944337,20.88458824157715,74463300
2016-05-26,21.17477705733166,21.365213191092117,20.63067109997083,20.812040328979492,52006900
2016-05-27,20.62160509507465,20.82110988869149,20.104704975053227,20.204458236694336,100823000
2016-05-31,20.23165925365042,20.902722614270257,20.068427298157605,20.47650718688965,78295000
2016-06-01,20.585328588360124,20.93899666392601,20.258864684966955,20.603464126586914,51078900
2016-06-02,20.558126712777465,20.83017886577576,20.385826093390328,20.64881134033203,35409200
2016-06-03,21.836772097529067,22.997531373588767,21.836772097529067,22.970325469970703,190026800
2016-06-06,22.924985905742783,23.16076523409362,22.525974601636342,23.07914924621582,76841900
2016-06-07,22.770822525024414,23.070080570159003,22.68013790202432,22.770822525024414,52296400
2016-06-08,23.7502103044226,24.0313310512823,23.432815020076408,23.51443099975586,98078700
2016-06-09,23.50536328001716,23.949716003526277,23.36933721848012,23.877168655395508,62777300
2016-06-10,24.058537301964805,24.39406813023642,23.36026801224849,23.541635513305664,68347900
2016-06-13,24.112951243995006,24.167361330066164,23.215177040326367,23.49629783630371,51094400
2016-06-14,23.63232105553075,23.63232105553075,22.788957040025736,22.979394912719727,71065700
2016-06-15,22.97939563204462,24.067607633792573,22.87057374000371,23.868101119995117,104434600
2016-06-16,24.511959948637895,24.511959948637895,23.042873944963922,23.115421295166016,124160700
2016-06-17,23.532570672847374,23.605118025567446,22.897780039297743,23.387475967407227,72290200
2016-06-20,22.68013936367262,23.40561293509674,22.589454734828248,23.251449584960938,58425400
2016-06-21,22.770819770049204,22.997530435287718,22.589450545992346,22.607587814331055,78428000
2016-06-22,22.69827151241043,23.124486923217773,22.48969639424382,23.124486923217773,75614700
2016-06-23,22.915916218153914,23.27865296447309,22.78895705969327,22.870573043823242,61697500
2016-06-24,25.09234065191834,25.12861346493575,23.913445689373543,24.258045196533203,142864600
2016-06-27,24.457547606069564,24.856558888323534,23.967853435286937,24.53916358947754,77756600
2016-06-28,24.103879637061628,24.484753651945162,24.0131950183436,24.12201690673828,80951500
2016-06-29,24.49382161256413,25.037927580229955,24.439411534697104,24.620779037475586,68734100
2016-06-30,24.892833028963633,25.16488514952485,24.629847813377953,25.128610610961914,53540000
2016-07-01,25.845019581018853,26.479810227506515,25.790609497786168,26.343782424926758,86021800
2016-07-05,26.733723810576567,26.98764040283527,26.16241364007608,26.87881851196289,70577700
2016-07-06,27.277826723839677,27.821932657399547,27.169004845261668,27.722179412841797,106290300
2016-07-07,27.32316702545937,27.34130429274393,26.661172336557936,26.85161018371582,88889600
2016-07-08,26.89695611676831,27.82193614686588,26.688382697138067,27.694978713989258,94810000
2016-07-11,27.413855171663368,27.86727653432931,27.332239188010277,27.749387741088867,46584000
2016-07-12,27.468265945474606,27.63149617696466,26.652106139698503,26.661174774169922,94497400
2016-07-13,27.28689875818012,27.776592948641028,27.05111943326735,27.540815353393555,66785900
2016-07-14,26.769995528367268,27.431990249855733,26.61583220818974,27.395715713500977,55919200
2016-07-15,26.94229638051722,27.341307661616913,26.906023571143734,27.087392807006836,50421800
2016-07-18,27.15993915219671,27.250622037113434,26.824406597143295,27.187143325805664,50567100
2016-07-19,27.06925498854624,27.196212413276694,26.878817121785374,26.906023025512695,44503800
2016-07-20,26.262163174350633,26.271231808707615,25.2102258042527,25.382526397705078,130406100
2016-07-21,25.67271833241086,26.316577598487093,25.491350816224056,26.180551528930664,85509300
2016-07-22,25.845019477422273,26.25309942419508,25.8178135710823,26.098936080932617,30446500
2016-07-25,25.69992218813541,25.708990822671154,24.892832740771233,25.146747589111328,89557100
2016-07-26,25.582035046921465,26.05359372705795,25.382530249786214,25.845020294189453,74116400
2016-07-27,26.27123118534246,27.178073843541352,25.609236459976895,27.023910522460938,113312100
2016-07-28,27.14180290456636,27.286897601490544,26.51608094304006,26.97857093811035,57024500
2016-07-29,27.450130798827836,27.90355217946391,27.223420108509796,27.740320205688477,74383700
2016-08-01,27.631498356614568,28.157467089790625,27.441062206688116,28.048646926879883,84315500
2016-08-02,28.420452410200856,28.692504547994854,28.27535770608868,28.402315139770508,68903600
2016-08-03,28.220946429913436,28.230013335079512,27.840072415324464,28.057714462280273,50504200
2016-08-04,28.230013166318052,28.520204290189575,28.202808991651978,28.320697784423828,44509100
2016-08-05,27.52267648481831,27.631496640972397,27.259691269726403,27.413854598999023,85813900
2016-08-08,27.38665072728649,27.939823608120978,27.34130755366713,27.658702850341797,43730900
2016-08-09,27.876346295924765,28.06678417536802,27.740320227559753,27.89448356628418,42545400
2016-08-10,28.60182002772204,28.73784608887912,28.084918227860804,28.38417625427246,56247200
2016-08-11,28.402310362989617,28.828527498093873,28.09398373619016,28.148395538330078,48765200
2016-08-12,28.801322242836605,28.8285281445166,28.039574292447263,28.15746307373047,44118800
2016-08-15,28.20280859225518,28.384176096233052,27.876344663563735,27.985166549682617,39820800
2016-08-16,28.039578315457206,28.193741654432497,27.785661719008104,27.9398250579834,35355600
2016-08-17,27.65870415101729,27.76752604315599,26.896956095042277,27.540815353393555,78518200
2016-08-18,27.77659223419548,27.912620028286387,27.495471470427084,27.885414123535156,60204200
2016-08-19,27.332236390909113,27.5045369753957,27.078321560786833,27.169004440307617,61761900
2016-08-22,26.75185833772943,26.8334743150991,26.57048911476014,26.71558380126953,47948100
2016-08-23,26.95136682007603,26.996709996910823,26.280303369909117,26.316577911376953,57386700
2016-08-24,25.953838026232894,25.981042199399393,24.3396574478574,24.45754623413086,168133500
2016-08-25,24.448475790422254,25.264635518315803,24.158286433688993,24.765871047973633,68662900
2016-08-26,25.29184296069379,25.78153886076676,24.321521524992043,24.647985458374023,109036600
2016-08-29,24.394067834779154,24.956311059476487,24.230835875039116,24.702394485473633,57214300
2016-08-30,24.46661855752046,24.56637181994557,23.26958632708067,23.487228393554688,104101200
2016-08-31,23.215174550318366,23.441885235908067,22.97032659476183,23.115421295166016,76912300
2016-09-01,22.988460865079805,24.004123635380378,22.825228916008097,23.958782196044922,131755800
2016-09-02,24.711462300365632,24.901898427303518,24.294315510121642,24.802146911621094,105245000
2016-09-06,25.31904861346995,26.026386552214646,25.092337935243915,26.008249282836914,109292600
2016-09-07,25.935702715017847,25.981044160160632,25.1920919448185,25.863155364990234,76616800
2016-09-08,25.70899085601891,25.944770165258536,25.11954344775245,25.30091094970703,86866500
2016-09-09,24.947245912342144,24.956314548002602,23.804623764105244,23.949718475341797,147300700
2016-09-12,23.53257162421256,24.738672492984353,23.450955632894775,24.52103042602539,103987000
2016-09-13,24.248975677214634,24.303385759590707,23.296791452139363,23.632322311401367,100593400
2016-09-14,23.859032960732698,24.18549691370162,23.450954749186874,23.58698081970215,58638100
2016-09-15,23.55070440563934,24.158289086646263,23.215173573694358,23.74114227294922,59497200
2016-09-16,23.432815358604394,23.859030802237186,23.17889878152614,23.541635513305664,78274900
2016-09-19,23.913443410537585,23.94971622009837,23.58697947616437,23.659526824951172,75485900
2016-09-20,23.677665488102537,23.840897464896088,23.45095479359268,23.632322311401367,36482300
2016-09-21,24.140153402269117,25.400664200064423,24.067606055554247,25.30091094970703,154524800
2016-09-22,25.61830508763593,25.89942582730022,24.892831653126443,25.15581512451172,75802500
2016-09-23,25.110474298075886,25.18302164330248,24.258041694414516,24.50288963317871,71253200
2016-09-26,24.675190643556373,25.46414460498405,24.248975169481596,24.285249710083008,34991100
2016-09-27,24.022265226123544,24.112949850779465,23.58698110337354,23.831829071044922,63202200
2016-09-28,23.822758425664997,24.584506441040805,23.450953052644092,24.40313720703125,76698200
2016-09-29,24.09481046875102,24.412205762404202,23.868099791808067,24.203632354736328,43496600
2016-09-30,24.675189766062957,24.711464305374378,23.877168927529258,23.967853546142578,45277400
2016-10-03,23.895305340247724,24.094810110310167,23.26051476238468,23.541635513305664,60525600
2016-10-04,22.761750758926983,22.761750758926983,21.201980300931385,21.220117568969727,232153600
2016-10-05,21.619129677193623,21.746087099180425,20.79390297494911,21.383350372314453,107388100
2016-10-06,20.703215455027795,21.047814864768117,20.476504816348267,20.712284088134766,99699500
2016-10-07,21.374283830627657,21.528447170847517,20.485578330379212,20.857383728027344,82953600
2016-10-10,21.011546280801838,21.211051060217958,20.830177041576086,21.002477645874023,39561300
2016-10-11,20.757627927091107,20.929928516740762,20.403959843300076,20.47650718688965,76085000
2016-10-12,20.594394495590855,21.183843565883368,20.512780253358876,20.92085838317871,77536200
2016-10-13,21.04782022895218,21.845842849098105,20.884589980421076,21.30173683166504,78278100
2016-10-14,20.984340349694364,21.437761717524687,20.77576693561208,20.84831428527832,68079800
2016-10-17,20.99340794631004,21.283597330622698,20.857381888621628,21.165708541870117,43448300
2016-10-18,21.60099358111826,22.009073502037218,21.356145628566885,21.945594787597656,80749700
2016-10-19,22.353674176039135,22.662000859543014,22.09069066932426,22.553180694580078,88193100
2016-10-20,22.544112938689718,22.61666029471693,22.10882707286105,22.498769760131836,39322100
2016-10-21,22.40808176384155,22.471562204278914,22.126961017708087,22.326467514038086,34304800
2016-10-24,22.544113674388765,22.553182310396284,21.573792107235057,21.845844268798828,69003600
2016-10-25,22.027207954917678,22.607586675191616,21.92745471374621,22.353670120239258,68885200
2016-10-26,22.326470818247152,22.444359622890367,21.637270072772285,21.882116317749023,80726800
2016-10-27,22.054414083619815,22.09068862168865,21.292666080826056,21.519376754760742,64873500
2016-10-28,21.4649653439854,22.02720854147129,21.247323318087172,21.591922760009766,61709800
2016-10-31,21.727949484107658,22.26298679633165,21.52844471992749,22.235782623291016,73846500
2016-11-01,22.743614246539334,23.19703558457215,22.589450922421573,22.788955688476562,82620900
2016-11-02,23.296790382692198,23.514432431870887,22.262988487011846,22.453426361083984,114456900
2016-11-03,22.47156590760654,23.097286213764768,22.426222728392982,22.94312286376953,67325600
2016-11-04,22.93405509039047,22.97032790272431,22.35367452606078,22.734548568725586,64627900
2016-11-07,21.963730347696014,22.081620871475717,21.537514886309584,21.836772918701172,91724900
2016-11-08,21.936528118572994,22.380880889135952,21.43776353390122,21.72795295715332,63550900
2016-11-09,23.242380533837594,23.30586098366025,21.76422750984662,22.299264907836914,120870800
2016-11-10,22.072552558182416,22.072552558182416,20.494646388976925,20.630672454833984,180716500
2016-11-11,20.55812211032315,20.630669450192173,18.88953156367067,18.971147537231445,179547700
2016-11-14,18.599346459326426,19.732899985153253,18.25474521886244,19.15252113342285,135306100
2016-11-15,19.252270926959064,20.08656631572704,19.0346288772368,19.968677520751953,107240500
2016-11-16,19.859856707719842,19.950541332436714,19.3973666783626,19.80544662475586,55839800
2016-11-17,19.778238184833594,20.177249444674977,18.95301149198639,19.31574821472168,97704100
2016-11-18,19.089040756225586,19.2976159203229,18.83512587245299,19.089040756225586,75593000
2016-11-21,19.442710112847486,19.723830896491172,19.297615403246528,19.47898292541504,63978400
2016-11-22,19.542458389267853,19.605938827600884,19.007421088116505,19.55152702331543,44435000
2016-11-23,18.789783431960288,18.789783431960288,18.263814642474557,18.59027862548828,134622000
2016-11-25,18.771647043712655,18.916741756368186,18.535867703231062,18.690031051635742,34433900
2016-11-28,18.95301176314628,19.442707643093822,18.744438360797577,19.40643310546875,100582700
2016-11-29,18.93487633579547,19.388297722214247,18.835124806955758,19.25227165222168,50015500
2016-11-30,19.025561981231743,19.089040701994552,18.608415113553043,18.889535903930664,70615400
2016-12-01,18.67189192172574,19.17065473062914,18.3817025252972,18.735370635986328,58942400
2016-12-02,18.962080064874993,19.497117377801835,18.95301143062783,19.379228591918945,88022300
2016-12-05,19.034629857566323,19.56966723931375,18.708165901336614,19.34295654296875,64778100
2016-12-06,19.333885382745436,19.651280662112896,19.098106081777185,19.225065231323242,43701300
2016-12-07,19.569666400132345,19.714761101198,19.297614268050552,19.44270896911621,63628600
2016-12-08,19.36109441395415,19.51525776143414,19.206931066474155,19.460845947265625,35073600
2016-12-09,19.252271544373297,19.315750261369878,18.60841400950478,18.74444007873535,99890500
2016-12-12,18.95300830120441,19.1343774968707,18.699093502869406,18.81698226928711,54072800
2016-12-13,18.798848830009092,19.134381391384863,18.671891405001325,19.079971313476562,58388500
2016-12-14,19.352024425088103,19.4880504916671,18.018966205149475,18.03710174560547,154550100
2016-12-15,17.511132851417525,17.547407391311378,16.93982268541141,17.220943450927734,175932700
2016-12-16,17.465792789393152,17.665297585613054,17.039577289878427,17.302560806274414,99834300
2016-12-19,17.434429127863144,17.534470746932705,17.207063073370755,17.352577209472656,46656800
2016-12-20,17.016077119994662,17.443526473779674,16.897847517996716,17.398052215576172,56487500
2016-12-21,17.47080809798844,17.54356690613299,17.252536877551176,17.36167335510254,75381500
2016-12-22,17.325293269870414,17.661795805647202,17.279820751233324,17.343482971191406,59725500
2016-12-23,17.41624015453984,17.670890770685826,17.37076763560842,17.589038848876953,58208900
2016-12-27,17.889164700636254,18.080151390750288,17.752745388459704,18.07105827331543,60061500
2016-12-28,17.961921112851243,18.480315520587034,17.86187947814237,18.40755844116211,61690300
2016-12-29,18.61673088327128,19.86269755593378,18.59854291826781,19.780845642089844,140319100
2016-12-30,19.817228056485312,20.22648595330559,18.90776375066402,19.02599334716797,142043300
2017-01-03,19.16241283224957,19.799038546374778,19.080560905157313,19.78994369506836,83239600
2017-01-04,20.00821430314818,20.017309154173102,19.608049531378885,19.935457229614258,59106200
2017-01-05,20.335626636506277,21.235996277210376,20.326531783408353,21.099576950073242,135142000
2017-01-06,20.626652918939058,20.999533185058702,20.026406552274963,20.36290740966797,123849500
2017-01-09,20.844923498592397,20.863113202372187,20.29924452785807,20.42656898498535,61158100
2017-01-10,20.626653714758113,20.881302647006745,20.262868286784535,20.572086334228516,69928600
2017-01-11,20.3629055656624,20.781260054805376,19.917268257110777,20.526609420776367,75435300
2017-01-12,20.96315458513402,21.145048166453684,20.353813342778615,20.572086334228516,67123800
2017-01-13,20.36290623167122,20.772165882841783,20.14463499593545,20.68121910095215,48983500
2017-01-17,21.354223331999066,21.42698041337332,21.07228985850703,21.245088577270508,94245700
2017-01-18,21.23599493308036,21.417886779528423,20.653936514315607,20.926776885986328,75029500
2017-01-19,20.690314553312355,20.98134287607618,20.508420984252147,20.808544158935547,60294600
2017-01-20,20.83582700908315,21.33603168105375,20.66302830608774,21.02681541442871,56212400
2017-01-23,21.24508666335426,21.663439409901475,21.14504503497754,21.65434455871582,87895700
2017-01-24,21.599777865519194,22.05451003110907,21.45426371130368,21.672534942626953,78455500
2017-01-25,21.245087209430274,21.37241165997117,21.026815979360645,21.34512710571289,64683100
2017-01-26,20.854015382212527,21.03590719012386,20.71759609261268,20.799448013305664,68361000
2017-01-27,20.808539834894127,21.16323204738947,20.808539834894127,21.11775779724121,49016500
2017-01-30,21.217805824642067,21.463361645650572,21.008629414745542,21.054101943969727,35261200
2017-01-31,21.58158758490328,21.76348114013672,21.527020212199446,21.76348114013672,92955600
2017-02-01,21.426979829576354,22.727514141539416,21.32693992957846,21.690725326538086,56371600
2017-02-02,22.200023582604892,22.327348030420286,22.018130027441043,22.172739028930664,56822500
2017-02-03,22.172741027829996,22.418296829038695,22.072701124670115,22.281877517700195,33050500
2017-02-06,22.645659267174246,23.11858108908975,22.39101038973157,23.100391387939453,74544000
2017-02-07,22.85484076692782,23.255005608912764,22.763895710051674,23.000356674194336,58295200
2017-02-08,23.245908123873022,23.382327428404576,22.982164366400763,23.255002975463867,41295600
2017-02-09,23.255002870995312,23.30047712874526,22.591094319836145,22.654756546020508,80783300
2017-02-10,22.436487954367102,23.064018907873944,22.372825720687494,23.000356674194336,65396100
2017-02-13,22.736606017313985,22.87302530648479,22.609281578709947,22.691133499145508,49701600
2017-02-14,22.98216557541307,23.03673295316318,22.381919216164892,22.66385269165039,56856900
2017-02-15,22.3728237584323,22.709324602558365,22.281876974867068,22.67294692993164,28928900
2017-02-16,22.800269570648258,23.04582534632228,22.71841764542358,22.918500900268555,46822700
2017-02-17,23.000355988789764,23.02763881117328,22.491054665198416,22.545623779296875,50189500
2017-02-21,22.263686008138464,22.518336640740937,21.93628003441016,22.39101219177246,50226300
2017-02-22,22.26368522565676,22.37282170284082,21.663438937808085,22.12726593017578,78978500
2017-02-23,22.491052680366714,22.60928401581377,22.1454569949038,22.163646697998047,45345000
2017-02-24,22.472862777542414,22.481957629008704,21.872616458091453,21.94537353515625,49738700
2017-02-27,21.91809055483578,22.354633014026145,20.672123667731213,20.772165298461914,112479400
2017-02-28,21.13595005753756,21.299653908570505,20.590271132316232,20.781259536743164,83215200
2017-03-01,20.41747536090607,21.072289068732413,20.253771500283086,20.899490356445312,64108600
2017-03-02,20.453850966986067,20.635744512565402,19.85360469510584,19.944551467895508,102332100
2017-03-03,19.762661765442978,20.435665239496824,19.617147594548403,20.19011116027832,82068800
2017-03-06,20.099161598280762,20.1173513008008,19.417063365768964,19.68080711364746,75805800
2017-03-07,19.44434496961999,19.826320025339935,19.29883082788529,19.562576293945312,49198800
2017-03-08,19.30792628235289,19.680806499041537,19.25335891116236,19.417062759399414,47354800
2017-03-09,19.453444147313636,19.59895832141485,19.226078033447266,19.226078033447266,36909000
2017-03-10,19.389776972567606,19.908171302552343,19.271547386734298,19.762657165527344,82724800
2017-03-13,19.908171422903912,20.099159813069658,19.76265728499923,20.00821304321289,52664600
2017-03-14,19.926362900457185,20.18101353182789,19.33521144567875,19.407968521118164,80950500
2017-03-15,19.6171457611194,20.954059466430028,19.43525393183376,20.899490356445312,150366100
2017-03-16,20.899490404533736,21.326939760402965,20.63574664432975,20.70850372314453,61512900
2017-03-17,20.790352396550922,20.990433898279665,20.47203957610472,20.6175537109375,49383500
2017-03-20,20.68121909177567,20.917680030717563,20.535704934683054,20.817638397216797,45769700
2017-03-21,20.963150171423127,21.38150462650913,20.944962204853166,21.154138565063477,75857100
2017-03-22,21.299655243724033,21.426979698212904,21.035909748379257,21.14504623413086,61585400
2017-03-23,21.24508660483823,21.326938530618197,20.58117634743792,20.944963455200195,67748100
2017-03-24,20.872207574451647,21.081383959113808,20.76307108894736,20.84492301940918,35724900
2017-03-27,21.31784500431372,21.408791786906427,21.05409950826143,21.30875015258789,61768100
2017-03-28,21.235992242248177,21.35422184072515,20.5357042987596,20.74488067626953,74233000
2017-03-29,20.681219767333484,20.972248091025236,20.608462686410547,20.83582878112793,33489000
2017-03-30,20.672122886541718,20.817637034106262,20.49023106941877,20.508419036865234,44880400
2017-03-31,20.599366523683013,21.02681586473825,20.50841974465006,20.74488067626953,56753500
2017-04-03,20.772169177211442,21.117764921603232,20.726696646387683,21.099576950073242,47771600
2017-04-04,21.22690079739008,21.345130414840646,21.09048147428072,21.326942443847656,36716200
2017-04-05,21.072287896749145,21.51792519551236,20.93586859870579,21.35422134399414,65945600
2017-04-06,21.281464337789313,21.417883636271103,21.145045039307526,21.381505966186523,35595900
2017-04-07,21.745291963959314,21.845333595225462,21.11776109134851,21.372411727905273,53894800
2017-04-10,21.263273353558098,21.563396485991312,21.09957124604803,21.50882911682129,44121700
2017-04-11,21.818049881820627,22.245497508374388,21.708915129565273,22.154552459716797,88138900
2017-04-12,22.154550518622763,22.363726887673,21.899899894562395,22.345537185668945,64128000
2017-04-13,22.3910134580799,22.627472666775418,22.17274048369607,22.318256378173828,59164800
2017-04-17,22.336446743364906,22.51834032997611,22.109080627433805,22.254594802856445,44182500
2017-04-18,22.17274231681248,22.227311432252712,21.818051739779786,22.072702407836914,53986000
2017-04-19,21.854427715321886,21.890805385232316,21.172329491512826,21.272369384765625,111847200
2017-04-20,21.354222666303478,21.645250982727998,21.24508791497708,21.44516944885254,48955800
2017-04-21,21.527023359074185,21.663442678108634,21.35422462980881,21.472455978393555,52601700
2017-04-24,21.045007831485705,21.317848220425827,20.990440447564023,21.099576950073242,69344300
2017-04-25,20.835828632131083,20.84492348401462,19.962743667299254,20.208297729492188,130026200
2017-04-26,20.181014363167012,20.39019074683898,19.71718733763423,20.24467658996582,75540500
2017-04-27,20.25377129275826,20.25377129275826,19.74447001277949,19.835416793823242,71964000
2017-04-28,19.990027767481024,20.399287455101202,19.889987859691665,20.21739387512207,67758600
2017-05-01,20.03550013568306,20.217391963800676,19.56257826017922,19.726282119750977,67101600
2017-05-02,19.662620465392393,19.971836755657627,19.598956502299647,19.77175521850586,43845800
2017-05-03,19.744468103780992,20.262864185209445,19.562576293945312,19.562576293945312,67303100
2017-05-04,19.26245625553408,19.380685864195172,18.998710747086413,19.189699172973633,70495200
2017-05-05,19.253359480439826,19.78084870998617,19.207886958880774,19.598955154418945,58316100
2017-05-08,19.626238584368878,19.635333435093024,19.362494852030242,19.589860916137695,26305200
2017-05-09,19.407970477020964,19.617146873156543,19.298833985530496,19.571674346923828,42362800
2017-05-10,19.85360469510584,20.04459309143068,19.78084762380719,19.944551467895508,48357300
2017-05-11,20.044593878039016,20.46294662075729,20.017309324731766,20.344717025756836,66080500
2017-05-12,20.65393386568506,20.808542869405244,20.57208367281252,20.663028717041016,44397500
2017-05-15,21.035909603404814,21.035909603404814,20.4447581242105,20.73578643798828,43566900
2017-05-16,20.799451679428252,20.963153815003064,20.772167122832936,20.881301879882812,32089000
2017-05-17,21.336033011901893,21.527021429160474,21.03590984306607,21.254182815551758,67494600
2017-05-18,21.017723590046025,21.0722909702893,20.508422258889645,20.599369049072266,76638200
2017-05-19,20.890393665189123,20.92677306864206,20.744879520708242,20.790353775024414,38486000
2017-05-22,20.98134234436611,21.27237065975468,20.95405952396442,21.063194274902344,40356400
2017-05-23,21.154141579429005,21.272371184975135,20.53570552662614,20.590272903442383,58240500
2017-05-24,20.526608840111695,20.89948906191621,20.190108022710294,20.89039421081543,55901900
2017-05-25,20.663029330385687,20.76307096360522,20.453852946986277,20.653934478759766,42202900
2017-05-26,20.92677563249713,20.963153305741464,20.763071766233516,20.863113403320312,33135000
2017-05-30,20.599365267564995,20.772163963724054,20.544797897338867,20.544797897338867,35882500
2017-05-31,20.62665305730323,20.83582945488752,20.41747665971894,20.6357479095459,41639300
2017-06-01,20.462949162661307,20.717599821165184,20.408381783933937,20.553895950317383,27032600
2017-06-02,20.86311142828098,20.926773651431112,20.617555652131482,20.69940757751465,43410900
2017-06-05,20.76307103118626,20.817638406453806,20.453853013560856,20.68121910095215,26543100
2017-06-06,21.008628182651755,21.699821341250864,20.990438478162535,21.645252227783203,97130500
2017-06-07,21.436072046372793,21.66343810835751,21.208705984388075,21.50882911682129,56209800
2017-06-08,21.281461628444404,21.290556478474056,20.881296900466072,21.11775779724121,70016900
2017-06-09,20.772165911848887,21.01772170289413,20.74488135684422,20.763071060180664,50189900
2017-06-12,20.69031395260767,20.890395485032396,20.626651725684603,20.68121910095215,44601500
2017-06-13,20.56298824451481,21.045003210197702,20.55389339341403,20.89039421081543,40029400
2017-06-14,21.26327626266346,21.299655670197602,20.099162976221024,20.208297729492188,107805400
2017-06-15,20.008216270891833,20.317434297487956,19.971836863214342,20.099163055419922,74322300
2017-06-16,20.062782287597656,20.162823917262855,19.953647541295183,20.062782287597656,50005000
2017-06-19,19.944551467895508,20.199200350108082,19.871794396596854,19.944551467895508,46840300
2017-06-20,19.97183671584697,19.980931567699233,19.780850030946297,19.826322555541992,31301100
2017-06-21,19.844511800084923,20.126445262319244,19.799039276541368,20.108257293701172,37797100
2017-06-22,20.33562469482422,20.508421683188217,20.244677907194607,20.33562469482422,47219900
2017-06-23,20.626651725684603,20.744881327875216,20.5084203888284,20.68121910095215,47655200
2017-06-26,20.40837853506522,20.708501672286822,20.381093982712198,20.517513275146484,39689100
2017-06-27,20.69940876386083,20.73578643574633,20.22648688669028,20.24467658996582,66702600
2017-06-28,20.34471889318388,20.435663943224867,20.14463561989618,20.3992862701416,30354600
2017-06-29,20.153732371187964,20.19011178236538,19.89908169694342,19.962745666503906,54569900
2017-06-30,19.89907910861271,20.126445194900022,19.89907910861271,20.08097267150879,46691900
2017-07-03,19.70809421338222,19.73537877068698,19.517105781580355,19.535295486450195,43834500
2017-07-05,19.508010243231432,19.84451106824136,19.462535986699336,19.78994369506836,58726000
2017-07-06,19.71718844623352,19.73537815053178,19.49891719865148,19.544389724731445,37409500
2017-07-07,19.41706388781404,19.480726113680277,19.098751023817307,19.289737701416016,57304600
2017-07-10,19.126033868741203,19.689900734296828,19.089654465974828,19.562576293945312,52988200
2017-07-11,19.57167236785826,19.771753891582136,19.33521143909431,19.68080711364746,35247100
2017-07-12,19.953648786582466,20.06278353969593,19.73537754568991,19.77175521850586,39815200
2017-07-13,19.79903975933307,19.89907966050144,19.53529425928549,19.553483963012695,42072200
2017-07-14,19.97183671584697,20.026405826960552,19.826322555541992,19.826322555541992,47456100
2017-07-17,20.044595585261238,20.16282519033145,19.990026473999023,19.990026473999023,28408400
2017-07-18,20.217391938227266,20.253771344604118,20.11735204002207,20.135540008544922,30865800
2017-07-19,20.144636219743056,20.262867563781935,20.017311758161828,20.171920776367188,27487200
2017-07-20,20.144631133138745,20.390186876754992,20.108253468157773,20.299240112304688,25254900
2017-07-21,20.46294781626879,20.49023237117009,20.26286628432266,20.38109588623047,21535000
2017-07-24,20.435663142382698,20.44475799396351,19.98093097133547,20.053688049316406,45649400
2017-07-25,20.099161824418253,20.362905575264158,20.099161824418253,20.25377082824707,34211800
2017-07-26,20.144634429209805,20.972246825257784,20.12644472641049,20.772165298461914,63816900
2017-07-27,20.89948965312906,20.908584504487116,20.42656779050327,20.526609420776367,50762200
2017-07-28,20.62665239030769,20.863113336973647,20.562990161333325,20.83582878112793,40162900
2017-07-31,20.80854174208545,20.944962770368527,20.68121729933104,20.790353775024414,30392300
2017-08-01,20.708503684836916,20.999531999557682,20.599367199483837,20.763071060180664,32116800
2017-08-02,20.735786543534083,20.899490404533736,20.672124316404346,20.70850372314453,27185500
2017-08-03,20.681219821050284,20.872208243135088,20.626652443882758,20.64484214782715,24214900
2017-08-04,20.462943941382186,20.53570100600938,20.181010532784967,20.299240112304688,50891100
2017-08-07,20.21739398315496,20.390192711591922,20.17192145525006,20.19011116027832,32328000
2017-08-08,20.38109651296838,20.39928621679526,20.035500813585745,20.23558235168457,34662200
2017-08-09,20.544801098085205,20.653935855539945,20.417476636166114,20.553895950317383,46821200
2017-08-10,20.90858272601175,20.990434646606445,20.808541104248153,20.990434646606445,65055700
2017-08-11,21.008629414745542,21.09957620785971,20.872210092407194,21.054101943969727,34549400
2017-08-14,20.826733287192635,20.88130066253638,20.663029426495807,20.763071060180664,39972900
2017-08-15,20.41747338584956,20.59936519754014,20.390188833496538,20.517513275146484,34484000
2017-08-16,20.472040305950305,21.063191716616686,20.46294545536585,20.990434646606445,50670000
2017-08-17,21.063193050957093,21.154139827897662,20.872206380580838,20.944963455200195,38285900
2017-08-18,21.22690137521429,21.354225848960194,20.799453688591715,20.854021072387695,55747000
2017-08-21,20.93586792734751,21.19961166381836,20.93586792734751,21.19961166381836,45542000
2017-08-22,21.099572420169515,21.199612313437218,20.990435941090993,20.999530792236328,38877800
2017-08-23,21.108664311975115,21.199611083486452,20.99043472327614,21.154138565063477,28781900
2017-08-24,21.126854051348296,21.326937295967504,21.081381532843235,21.235990524291992,37205600
2017-08-25,21.317848142568145,21.454267469207043,21.108669991411592,21.290563583374023,27137600
2017-08-28,21.45426505282817,22.07270111424739,21.426980496707092,22.06360626220703,83129500
2017-08-29,22.37282365951343,22.500148115142437,21.945374299046435,22.20911979675293,53706100
2017-08-30,22.109081298814004,22.19093324180804,21.945377412825934,21.9726619720459,41441400
2017-08-31,22.03631732127467,22.518333975507584,22.018127620813356,22.48195457458496,51429800
2017-09-01,22.59109309800147,22.61837765117576,22.272780249629974,22.53652572631836,31745200
2017-09-05,22.73660788400426,23.036731038686497,22.727513032690798,23.01854133605957,67572000
2017-09-06,22.909408493524374,23.000355279551663,22.536528232011584,22.66385269165039,58803600
2017-09-07,22.91850150435844,23.264097181898745,22.873027247665288,23.1822452545166,64252100
2017-09-08,23.118585540634367,23.173152919926977,22.809367500200047,22.95488166809082,49542200
2017-09-11,22.527433277995897,22.782082196121113,22.263687773176887,22.336444854736328,67349800
2017-09-12,22.227308909082087,22.509242368189415,22.154551831420015,22.436485290527344,33658000
2017-09-13,22.418295434652627,22.418295434652627,21.954468417218575,22.027225494384766,45006600
2017-09-14,21.963563433292435,22.227308924162358,21.87261665248675,22.163646697998047,43024000
2017-09-15,22.099982540752137,22.154551649549894,21.872616458091453,21.94537353515625,30564700
2017-09-18,21.699818164976882,21.763480386705005,21.454262394312302,21.581586837768555,48361300
2017-09-19,21.60887339538897,21.74529270241563,21.545211167754236,21.690725326538086,22338100
2017-09-20,21.763481666855984,22.009037451964414,21.08138342022071,21.372411727905273,67407500
2017-09-21,21.00862747168343,21.399697431638703,20.954060094728117,21.108667373657227,39370200
2017-09-22,21.308749434700722,21.390601362810024,21.190518100913714,21.34512710571289,34951800
2017-09-25,21.217802777037075,21.708914348513606,21.172330254344306,21.672534942626953,55652300
2017-09-26,21.354220113204388,21.508829104653145,21.154138603250566,21.235990524291992,53216500
2017-09-27,20.99953137403412,21.090478153341678,20.89948974332925,20.908584594726562,49006900
2017-09-28,20.9904371960552,21.15414105712767,20.908585265518965,21.063194274902344,33380000
2017-09-29,21.072290306718628,21.090480011115503,20.872208762350063,20.881301879882812,24126600
2017-10-02,20.83582748175423,21.063193562292504,20.744880702605816,20.963151931762695,47008000
2017-10-03,20.999534034561403,21.21780529175401,20.95406150647927,21.172332763671875,38766700
2017-10-04,21.290561062318872,21.345128439579835,21.135952047858105,21.29965591430664,32421000
2017-10-05,21.281461628444404,21.326935878592664,21.072285281758223,21.11775779724121,31366800
2017-10-06,21.08138532474187,21.472455299022375,20.917681453213685,21.454265594482422,50090800
2017-10-09,21.51792780731514,21.663441974179,21.445170723883212,21.59068489074707,26247700
2017-10-10,21.690727792069982,21.7271054685681,21.399699441421802,21.436077117919922,44450800
2017-10-11,21.545212322423883,21.672536784517035,21.19052002354687,21.645252227783203,39690400
2017-10-12,21.608875825304196,21.681632912877646,21.45426679737739,21.57249641418457,34478400
2017-10-13,21.772574043037885,21.818046560444365,21.55430283708914,21.68162727355957,23916800
2017-10-16,21.699819996000787,21.718007964696774,21.190518709870215,21.33603286743164,47320000
2017-10-17,21.190519425119067,21.38150784753091,21.117762343882568,21.29965591430664,32778600
2017-10-18,21.235995568015145,21.363320037802236,21.163238480327404,21.217805862426758,20223400
2017-10-19,21.336032359131824,21.44516884203567,21.24508731382176,21.31784439086914,25090200
2017-10-20,21.172332018716222,21.25418395411668,21.017723000144876,21.12685775756836,33496500
2017-10-23,20.963153863032062,21.181426846963273,20.890396779943554,21.045005798339844,36056800
2017-10-24,20.95405765749827,21.045002696957148,20.826731479858054,20.87220573425293,30322100
2017-10-25,20.844922990529078,20.88130066253638,20.60846205115206,20.763071060180664,48156200
2017-10-26,20.772166526239683,20.79945108205136,20.2810549296233,20.3992862701416,51852300
2017-10-27,20.35381071430434,20.590271645617236,20.290148489463473,20.526609420776367,49494800
2017-10-30,20.353810173748954,20.83582687493143,20.353810173748954,20.69940757751465,35144500
2017-10-31,20.653931911599255,20.653931911599255,20.381093335396198,20.44475555419922,28545700
2017-11-01,20.6084593937872,20.763068382879695,20.39018818589168,20.44475555419922,32439400
2017-11-02,20.490233041415568,20.717599135700254,20.435663929827985,20.53570556640625,26190500
2017-11-03,20.57208498761762,20.672124889595832,20.20829784879113,20.3992862701416,34775600
2017-11-06,20.444758820667527,20.91768071399944,20.42656911677038,20.83582878112793,51233200
2017-11-07,20.753974880432846,20.79035428477776,20.55389336053225,20.672122955322266,26060400
2017-11-08,20.872207507125715,20.94496458567202,20.753976170321977,20.817638397216797,28553400
2017-11-09,20.83582745530249,20.8812999774862,20.717597856825517,20.74488067626953,27157800
2017-11-10,20.74488199722785,20.7994511089217,20.444758821574215,20.481138229370117,35502900
2017-11-13,20.535702976715168,20.59936519754014,20.45385105432151,20.517513275146484,16756100
2017-11-14,20.390188902810323,20.65393263779112,20.326526681768936,20.544797897338867,22696800
2017-11-15,20.66303128180038,20.66303128180038,20.462949731131207,20.599369049072266,23133900
2017-11-16,20.544801098085205,20.644842737973462,20.5084216891565,20.553895950317383,17070300
2017-11-17,20.672124995153663,20.844923713512042,20.526610832746282,20.726694107055664,38347500
2017-11-20,20.581174984277244,20.635744087626584,20.4265659941182,20.499324798583984,35822000
2017-11-21,20.5357042673887,20.717597825176746,20.526609416032745,20.663028717041016,28387100
2017-11-22,20.76307108894736,20.91768009819017,20.735786533904893,20.84492301940918,31873500
2017-11-24,20.890395514204602,20.999531999557682,20.74488135684422,20.763071060180664,16244100
2017-11-27,21.00862618866967,21.045003859529714,20.808542927610045,20.963151931762695,24489800
2017-11-28,20.99044039921057,21.072292342237468,20.84492621931072,20.854021072387695,25800100
2017-11-29,20.70850170568738,20.70850170568738,20.43566138571332,20.46294593811035,54138800
2017-11-30,20.353815092798964,20.49023615785107,20.253775175670896,20.435667037963867,39156200
2017-12-01,20.335622105232265,20.79035425080783,20.326527254160894,20.4538516998291,45368800
2017-12-04,20.24467854069735,20.362908154049535,20.162826602735933,20.19011116027832,32949000
2017-12-05,20.01730973352174,20.126444479648505,19.817228209178985,19.98093032836914,35894500
2017-12-06,19.708092416539543,19.91726879947431,19.653525041570813,19.726282119750977,43407300
2017-12-07,19.62624168395996,19.735378175220347,19.46253781440222,19.62624168395996,31467200
2017-12-08,19.644434601647284,19.835421324261784,19.617150040702654,19.717191696166992,29074400
2017-12-11,19.689900734296828,19.844509726723125,19.489819223077962,19.562576293945312,33505200
2017-12-12,19.3897794610862,19.517103913657785,19.344306937929364,19.48072624206543,34569600
2017-12-13,19.480725120087147,20.299242632427188,19.480725120087147,20.153728485107422,82201600
2017-12-14,20.08097519332969,20.162827133445546,19.8263245202286,20.071880340576172,36365600
2017-12-15,20.1537277980211,20.199200317008717,19.990023954201035,19.99911880493164,33144000
2017-12-18,20.242989674956,20.380509635990766,20.160477348602907,20.316333770751953,30791800
2017-12-19,20.31633449612024,20.40801505630381,20.20631922282895,20.288829803466797,25162600
2017-12-20,20.398845524258086,20.710558359802558,20.36217260305938,20.6280460357666,37314000
2017-12-21,20.563869270467908,20.857245632546533,20.563869270467908,20.747228622436523,27396800
2017-12-22,20.857247783342522,21.01310421035131,20.79307191610265,20.985599517822266,26914900
2017-12-26,21.058943907909633,21.315649129089845,20.985599808809752,21.26980972290039,34177900
2017-12-27,21.333985924323137,21.343154155436512,21.14145656826485,21.233137130737305,29887500
2017-12-28,21.34315382200027,21.40732969013001,21.104785062760346,21.26980972290039,18870200
2017-12-29,21.379822591212214,21.425663740904128,21.17812677855097,21.30647850036621,22380400
2018-01-02,21.508176994080284,21.85656278052183,21.47150581841665,21.838226318359375,43172000
2018-01-03,21.801553387736764,21.829056330105267,21.306479441170076,21.609024047851562,45780900
2018-01-04,21.590687466635064,21.764880344861407,21.443999279284817,21.746543884277344,31300300
2018-01-05,21.618196050456476,21.74654780033589,21.535683711630725,21.700708389282227,21765800
2018-01-08,21.61819048004511,21.645695168786975,21.34315058727043,21.47150230407715,33366000
2018-01-09,21.26064192162715,21.333986022209384,21.058944333530047,21.187297821044922,40393700
2018-01-10,21.398161362289258,21.480673691985743,21.23313670289629,21.315649032592773,28985500
2018-01-11,21.333982682314687,21.471502630794575,21.333982682314687,21.434829711914062,23581400
2018-01-12,21.63653002385844,22.02158697783595,21.544849463642606,22.012418746948242,55599200
2018-01-16,22.039923634395542,22.3974758988699,22.01241894148934,22.34246826171875,39719500
2018-01-17,22.195777419019848,22.45248262979957,21.92990572630262,21.9482421875,41932100
2018-01-18,21.97574612047629,22.076594912943154,21.59985739230504,21.64569854736328,39198000
2018-01-19,21.801558319637465,21.856565965479316,21.67320481445777,21.682373046875,22753200
2018-01-22,21.774048179901836,21.84739227224559,21.5815205932474,21.737375259399414,19300900
2018-01-23,21.636531473031596,22.15910842800343,21.444002108816974,22.094932556152344,38807100
2018-01-24,22.47081904855092,22.77336366309141,22.45248258738818,22.55333137512207,53467100
2018-01-25,22.681686430238237,22.79170346467794,21.984916541883948,22.1224365234375,61745600
2018-01-26,22.278293665600987,22.3883107034815,22.186614840805632,22.324134826660156,31439500
2018-01-29,22.12243696709454,22.14077343131246,21.609028209623062,21.709877014160156,59676000
2018-01-30,21.819889424243936,21.87489880964232,21.388993063924044,21.49901008605957,37702200
2018-01-31,21.700703760324732,21.85656017278762,21.28814215419912,21.7740478515625,46410300
2018-02-01,21.609025197079514,21.829057491035147,21.49900992443231,21.72821044921875,33277700
2018-02-02,21.43483508787765,21.44400331989722,20.89392338801487,21.003938674926758,75765500
2018-02-05,21.086449173482226,21.10478563592049,20.60971164205522,20.820575714111328,53158400
2018-02-06,20.6188804206778,20.64638511506541,20.151311108056593,20.270496368408203,68463900
2018-02-07,20.16047713742009,20.42635057480861,19.922108391414884,19.986284255981445,51539100
2018-02-08,19.98628748753723,20.187985092971395,19.848767505707578,19.876272201538086,51192400
2018-02-09,19.848767505707578,19.876272201538086,19.10615820489831,19.876272201538086,101763800
2018-02-12,19.775422727527477,20.307167921569974,19.64707098199834,20.14214324951172,70844400
2018-02-13,20.1604770790137,20.25215763469797,20.01378888938333,20.169645309448242,21692900
2018-02-14,20.178815161131507,21.22396903338511,20.114639291594713,21.095617294311523,95516900
2018-02-15,21.150626056509363,21.178130751484286,20.747232606850805,21.077281951904297,36155700
2018-02-16,20.912256513017578,20.994768846257166,20.371343105629748,20.637216567993164,49081700
2018-02-20,20.37134012139825,20.453852442550474,20.022956125491923,20.050460815429688,47894500
2018-02-21,20.22465276333639,20.591373234147436,19.96794930809923,19.97711753845215,40097800
2018-02-22,20.114638957960096,20.206319519489682,19.91294137286275,19.922109603881836,27068100
2018-02-23,19.940447399585732,20.16047971277628,19.867103295188883,20.14214324951172,24782000
2018-02-26,20.24299046004192,20.398846888235564,20.178814592314172,20.334671020507812,30234300
2018-02-27,20.14214052511045,20.14214052511045,19.57372423008351,19.702075958251953,69407300
2018-02-28,19.747919555753835,19.82126365931303,19.573726654052734,19.573726654052734,33039000
2018-03-01,19.362863111716525,19.839598923737586,19.19783843696787,19.775423049926758,59170800
2018-03-02,19.95878116324998,20.068796430634034,19.68373949746756,19.702075958251953,25906400
2018-03-05,19.656238713509143,19.848766326904297,19.53705345398338,19.848766326904297,38419800
2018-03-06,20.114639969973638,20.39884815121938,20.077967044052198,20.178815841674805,53458700
2018-03-07,20.151311809671405,20.224655915263984,19.720415407897676,19.775423049926758,42129900
2018-03-08,19.848766326904297,19.894607483899335,19.656238713509143,19.848766326904297,18596900
2018-03-09,19.729583639679426,19.958784188238912,19.637903070523347,19.775423049926758,23402900
2018-03-12,19.67457189658432,19.97711826322362,19.573724856365757,19.949613571166992,32577300
2018-03-13,19.967946626290658,20.06879364930616,19.766249082937854,19.867097854614258,17335400
2018-03-14,19.876270197447678,20.004621934392336,19.839597273371336,19.922109603881836,16708700
2018-03-15,19.775422461571136,19.84876656498159,19.628734254750224,19.665407180786133,30524800
2018-03-16,19.656238162172123,19.73875049378747,19.482045267799577,19.647069931030273,20880700
2018-03-19,19.628732649079065,19.766252613141578,19.454539761980563,19.720413208007812,30109500
2018-03-20,19.546220876162497,19.62873320667619,19.399532677173983,19.500381469726562,40842100
2018-03-21,19.68374196969021,20.187984212625484,19.60122963445828,20.041296005249023,77132100
2018-03-22,19.931276870962687,20.02295742805832,19.7020763525542,19.711244583129883,34294500
2018-03-23,20.224655603443765,20.49969730667145,20.18798442554357,20.279664993286133,74162800
2018-03-26,20.45385285770791,20.637213963692595,20.408013455542292,20.57303810119629,44428800
2018-03-27,20.26132930249553,20.417185749001707,20.123809319969247,20.160480499267578,50314200
2018-03-28,20.05046624349465,20.077969192216948,19.766256283179604,19.85793685913086,57399700
2018-03-29,19.83959523176555,20.160476289768006,19.830427001689927,20.151308059692383,36064900
2018-04-02,20.34384105930039,20.57304160650268,20.270496954142114,20.380512237548828,38852500
2018-04-03,20.197150426465054,20.261326292198387,20.01378931123165,20.087133407592773,32183100
2018-04-04,20.32550072016305,20.3346689501423,20.004619665533415,20.050460815429688,21864000
2018-04-05,19.903774473056618,20.16047971277628,19.876271526821164,20.14214324951172,21917200
2018-04-06,20.297995822083486,20.34383697150969,20.187980560782698,20.23381996154785,28824100
2018-04-09,20.25215684186315,20.343837393958292,20.022956335955836,20.151308059692383,26503600
2018-04-10,20.325501971254265,20.545534258316767,20.297997279623512,20.40801429748535,34933700
2018-04-11,20.60054119834408,21.1322863113153,20.59137296810961,20.85724639892578,73378100
2018-04-12,20.673888078933373,20.793073339389572,20.573041030079686,20.600543975830078,38282400
2018-04-13,20.79307191610265,21.132287713988042,20.77473545441662,20.985599517822266,45733700
2018-04-16,21.068114199596888,21.068114199596888,20.802242470102314,20.90308952331543,33914400
2018-04-17,20.838912884048696,21.095618120915827,20.783905243527656,21.022274017333984,26116200
2018-04-18,21.205631382212832,21.37065603671943,21.0497749583634,21.068111419677734,55934600
2018-04-19,21.178131439176603,21.251475546163284,20.92142619039249,21.14145851135254,33413200
2018-04-20,20.92142450886047,20.948929202517864,20.71056043680436,20.820575714111328,47975800
2018-04-23,20.628046459642597,20.683054093909853,20.508862960620018,20.545534133911133,38080800
2018-04-24,20.664720796054723,20.857248403498836,20.618879640476635,20.81140899658203,35369700
2018-04-25,20.56387017233,20.774734223239165,20.46302138769469,20.6280460357666,27986500
2018-04-26,20.71055793762207,20.802238490088815,20.573037983252505,20.71055793762207,27482300
2018-04-27,20.783905323135453,20.86641765856374,20.710561219272684,20.838912963867188,24142000
2018-04-30,20.563869593192507,20.60970899473879,20.39884494976816,20.426349639892578,48350400
2018-05-01,20.297997185978197,20.508862990185456,20.206318378287666,20.453853607177734,31639700
2018-05-02,20.527198397437637,20.875584173635826,20.44468606879392,20.518030166625977,47085300
2018-05-03,20.765567779541016,20.884753035029984,20.655552503801804,20.765567779541016,31886800
2018-05-04,20.701391910582927,20.81140893498342,20.61887957944788,20.765567779541016,25226400
2018-05-07,20.71972837275989,20.90308774854567,20.701391910582927,20.765567779541016,18934400
2018-05-08,20.655551782622965,20.82974292123846,20.45385420304112,20.793071746826172,34792300
2018-05-09,20.7655650822317,20.87558209234171,20.71055745150722,20.747228622436523,24236900
2018-05-10,20.921424104855348,21.077280535248292,20.884752929348267,21.04060935974121,40726900
2018-05-11,21.08644982968493,21.141457470050234,20.930593391432108,20.97643280029297,25367500
2018-05-14,21.049775181151553,21.086448104168362,20.78390348392457,20.88475227355957,27921100
2018-05-15,20.46302193208568,20.518029566686014,20.288829049079926,20.40801429748535,60869800
2018-05-16,20.37134065324022,20.5088623578583,20.362172423021608,20.435518264770508,29674700
2018-05-17,20.408013600990802,20.408013600990802,20.28882835665299,20.34383773803711,21513100
2018-05-18,20.261325414622043,20.408013600990802,20.197149551668353,20.34383773803711,21201900
2018-05-21,20.343839122292774,20.481359087788114,20.22465386984524,20.472190856933594,24219400
2018-05-22,20.47219092383394,20.58220794578647,20.270495090359073,20.288829803466797,29793700
2018-05-23,20.187984963495424,20.56387372746104,20.178816731610723,20.481361389160156,35634500
2018-05-24,20.554703710489793,20.765567779541016,20.49969607262019,20.765567779541016,43392200
2018-05-25,20.637214719881133,20.6830541237264,20.398845972831182,20.453853607177734,45369500
2018-05-29,20.279664108163246,20.518031125764242,20.242991183202285,20.307167053222656,38924900
2018-05-30,20.41718168570764,20.618877503361908,20.380508765046258,20.57303810119629,26859600
2018-05-31,20.50886608481426,20.582210191230445,20.417185514628674,20.481361389160156,21951700
2018-06-01,20.463021837679022,20.563870624532008,20.297997185978197,20.453853607177734,34934700
2018-06-04,20.573037823233978,20.591372534655846,20.389676719726687,20.426349639892578,14069800
2018-06-05,20.46302108787326,20.637213963692595,20.408013455542292,20.57303810119629,23725600
2018-06-06,20.628050923674547,20.719731499734298,20.49969916638782,20.70139503479004,28884400
2018-06-07,20.683055679198887,20.69222391038967,20.4905280701763,20.58220863342285,24370400
2018-06-08,20.52719967705561,20.563872602588354,20.41718439778004,20.499696731567383,14786300
2018-06-11,20.490527876707073,20.683055483911836,20.435520238743038,20.673887252807617,22189200
2018-06-12,20.573041815145157,20.692225331488036,20.508865941063497,20.618881225585938,18186500
2018-06-13,20.637215385750686,20.7197277142634,20.371341938618343,20.609710693359375,26970400
2018-06-14,20.67388571110572,20.783902727490837,20.66471922934635,20.774734497070312,27702300
2018-06-15,20.490529269616943,20.527200447865383,20.279665185869575,20.380512237548828,67655000
2018-06-18,20.334672494178996,20.481360702090544,20.334672494178996,20.417184829711914,25229100
2018-06-19,20.224652849532617,20.380509268874206,20.187981676625792,20.215484619140625,29906000
2018-06-20,20.279665076052805,20.30716802242485,20.059631013108085,20.096303939819336,27917300
2018-06-21,20.105469868848353,20.169645734581685,20.04129400311502,20.087133407592773,20138300
2018-06-22,20.160478130488745,20.380510426410137,20.1329734377506,20.334671020507812,31844700
2018-06-25,20.24299171337597,20.325504048037857,20.123808201453997,20.178815841674805,27603600
2018-06-26,20.05962838641486,20.187981864435695,19.977117809441616,20.12380599975586,20695400
2018-06-27,20.032125803427174,20.19715045765988,19.97711816823667,19.995452880859375,29246500
2018-06-28,20.05962950241188,20.132973601649425,19.958782458873543,20.105470657348633,27797900
2018-06-29,20.114637821935965,20.536365933028147,20.105469591434677,20.453853607177734,53961400
2018-07-02,20.27966341748638,20.371342229443798,20.151309933155748,20.242990493774414,32224400
2018-07-03,20.435521055343678,20.74723218203667,20.4263528238731,20.600543975830078,36319300
2018-07-05,20.719727649340378,20.84807938277521,20.69222295703525,20.793071746826172,39397300
2018-07-06,20.820575910459844,20.903088243548858,20.701392400809787,20.728897094726562,34350000
2018-07-09,20.95809717105458,21.022273040122833,20.655552539260462,20.673887252807617,24832400
2018-07-10,20.61888157412909,20.7564015564375,20.508866287746944,20.719730377197266,21568100
2018-07-11,20.527197553089618,20.59137341747026,20.11463767550214,20.169645309448242,63565300
2018-07-12,20.288832103769405,20.435522065891245,20.270497388582935,20.29800033569336,30125700
2018-07-13,20.16964372880072,20.27049250701625,20.11463609916544,20.132970809936523,22024500
2018-07-16,20.123804906602654,20.16964430783786,19.986283205574907,20.050460815429688,19669600
2018-07-17,19.922109473245637,20.114638826061412,19.867101836153097,20.059629440307617,41938300
2018-07-18,19.9037742807549,20.059630719675056,19.83043017706667,20.041296005249023,35836300
2018-07-19,19.711241866921334,20.096298754733212,19.692905408296735,19.78458595275879,46406300
2018-07-20,19.96795082092285,20.05046315168933,19.830429103871214,19.96795082092285,39138300
2018-07-23,19.82126479519718,19.83959951064165,19.54622307959254,19.555391311645508,51711400
2018-07-24,19.665407823543767,19.830430750114996,19.665407823543767,19.821264266967773,45248700
2018-07-25,19.903771930492677,19.986284255981445,19.711244336792983,19.986284255981445,43773100
2018-07-26,19.775420081495838,19.867100636890015,19.582892488963104,19.610395431518555,60861700
2018-07-27,19.592061934289255,19.70207720865549,19.472876680287705,19.546220779418945,23550500
2018-07-30,19.527884414123616,19.601228513617873,19.417869139212865,19.500381469726562,19823200
2018-07-31,19.445370575098476,19.674571086820023,19.427035863143214,19.50954818725586,22085600
2018-08-01,19.482044743632837,19.51871766721354,19.326188315737323,19.35369300842285,36248800
2018-08-02,19.35369426762579,19.35369426762579,19.151996672131414,19.197837829589844,33471600
2018-08-03,19.307853656613645,19.546222436159663,19.243677783016906,19.399534225463867,41235200
2018-08-06,19.271184186882216,19.29868713591275,19.14283067964733,19.16116714477539,25437500
2018-08-07,19.31702226496439,19.3353587288242,18.9227970352857,18.941133499145508,32676600
2018-08-08,18.95946421927465,19.06947947178173,18.886120134716293,19.032808303833008,26936600
2018-08-09,19.08781777590844,19.271178879366094,18.977802512762715,18.986968994140625,26457700
2018-08-10,18.950301775214516,19.051150578016923,18.803613561317256,18.84945297241211,34589200
2018-08-13,18.69359581413658,18.71193227734028,18.226026494410444,18.317707061767578,71197400
2018-08-14,18.35437983289456,18.391051010330344,18.097674596198626,18.125179290771484,31663100
2018-08-15,17.82263471646246,17.831802948023448,16.933335490321646,17.052520751953125,127545500
2018-08-16,17.23587686471692,17.373398563359963,16.63995591568754,16.649124145507812,78684200
2018-08-17,16.859988216414948,17.235876896432583,16.786644126378846,17.162532806396484,108432900
2018-08-20,17.24504598511972,17.382565942203644,17.034181934346968,17.22671127319336,50865700
2018-08-21,17.24504508058293,17.400901490079363,17.12586159033791,17.34589385986328,32200100
2018-08-22,17.465082560908787,17.49258725855352,17.345899035104726,17.47425079345703,29172600
2018-08-23,17.300056191013528,17.300056191013528,16.823318684994966,16.924165725708008,60360200
2018-08-24,17.15336758449224,17.620936896210992,17.070856998811376,17.373401641845703,72678300
2018-08-27,17.474247698962554,17.70344822609513,17.446744754849846,17.675945281982422,48725600
2018-08-28,17.785958398914023,17.868470718568666,17.235876850770076,17.34589385986328,52003800
2018-08-29,17.419238649492694,17.52925566300564,17.31838986616092,17.410070419311523,32824200
2018-08-30,17.290892938474247,17.290892938474247,17.034187650096396,17.13503646850586,41048500
2018-08-31,17.153367742054257,17.272553003270602,16.9608401259282,17.00667953491211,32493200
2018-09-04,16.75914360551109,16.8233194749769,16.474933685503522,16.520774841308594,68162500
2018-09-05,16.63995654760621,16.6582930079431,16.30990900484773,16.38325309753418,37114900
2018-09-06,16.45659791790015,16.64912551396738,16.29157326489328,16.355749130249023,44015200
2018-09-07,16.273236318479874,16.51160506030821,16.117379900694466,16.392419815063477,42474300
2018-09-10,16.401589493275267,16.44743064882432,16.10821309240646,16.144886016845703,36646400
2018-09-11,15.98902991511916,16.15405458117727,15.842341711658909,16.108213424682617,34496300
2018-09-12,16.08987630340948,16.76831140246652,15.979861029648672,16.603286743164062,80327200
2018-09-13,16.859989413405017,16.887494104869166,16.447429533409796,16.584949493408203,42941600
2018-09-14,16.575780895986696,16.685797910746704,16.429092708747433,16.484100341796875,28846500
2018-09-17,16.630787964602852,16.887493157889793,16.502436242289917,16.795812606811523,45917300
2018-09-18,16.777476514808942,16.924164700286752,16.69496419189504,16.89666175842285,40661400
2018-09-19,16.997511087160092,17.382566274900455,16.970006395752424,17.190038681030273,50131500
2018-09-20,17.364232623119,17.520089053292168,17.11669563131552,17.355064392089844,45547700
2018-09-21,17.0250189719424,17.35506836999675,16.96084308868998,17.217548370361328,43987000
2018-09-24,17.327558546253755,17.520087887735176,17.190038587287685,17.235877990722656,45806500
2018-09-25,17.410070936792867,17.51091972312218,17.199206882341716,17.281719207763672,34694500
2018-09-26,17.162533037722163,17.263381818628982,16.859988443662772,16.887493133544922,78326300
2018-09-27,16.704134735242057,16.942503506817843,16.630790632346535,16.814151763916016,42157400
2018-09-28,16.960841010960664,17.13503392177952,16.933336314938277,16.979177474975586,36328000
2018-10-01,16.90583248541524,17.070857155615492,16.896664253886183,17.00667953491211,30221100
2018-10-02,17.26338253239007,17.492583044901178,17.180870207993184,17.465078353881836,70369600
2018-10-03,17.510919417654947,17.63010291415138,17.19003835201838,17.22671127319336,47836900
2018-10-04,17.336726871215507,17.410070966308123,17.043350490845043,17.190038681030273,42990700
2018-10-05,17.254214575218388,17.327558670436677,17.034182289563518,17.098358154296875,32050300
2018-10-08,16.83248675958243,17.171702550158084,16.685798566577628,17.153366088867188,50616600
2018-10-09,17.034183972711777,17.080023381004665,16.76831225702262,16.8599910736084,39183800
2018-10-10,16.80498287397412,17.15336691191121,16.639958211760288,17.08002281188965,57558300
2018-10-11,17.446744031047146,18.32687317936545,17.272551148027876,18.21685791015625,134790100
2018-10-12,18.10683822631836,18.235189937718236,17.66677371695228,18.10683822631836,63982500
2018-10-15,18.354377259103014,18.693593034627362,18.271864935616307,18.391048431396484,64151500
2018-10-16,18.546906073579223,18.638586633362177,18.116009715858947,18.326873779296875,40971300
2018-10-17,18.32687460371276,18.54690690789304,18.12517876204617,18.253530502319336,43598000
2018-10-18,18.1985243289193,18.65692543670739,18.12518022161967,18.336044311523438,40595000
2018-10-19,18.510233769512652,18.583577863131882,18.30853620056392,18.3452091217041,32958300
2018-10-22,18.244360458000124,18.31770455210486,18.04266463637737,18.20768928527832,30036800
2018-10-23,18.666091691548836,18.803611659586554,18.271866500822455,18.427722930908203,51504500
2018-10-24,18.427721966691532,18.556073696989323,18.15268029634618,18.21685791015625,38506000
2018-10-25,18.24436254161552,18.271867235793923,17.309223923485806,17.419240951538086,85572300
2018-10-26,17.538426672633182,17.95098839399639,17.428411379377366,17.47425079345703,74515900
2018-10-29,17.44674222090489,17.813462661322706,17.254212896772415,17.42840576171875,39090300
2018-10-30,17.391738010925714,17.648443269823105,17.254218023490566,17.5567626953125,33839100
2018-10-31,17.272552061488682,17.364232623119,17.089190938228043,17.355064392089844,55037000
2018-11-01,17.639273590304803,18.03349880429343,17.60260241270613,17.941818237304688,63588500
2018-11-02,17.868474425191934,18.024330867019113,17.74929091022357,17.996826171875,38780200
2018-11-05,17.813464207346318,18.15267998842533,17.730951882508474,17.932647705078125,29600100
2018-11-06,17.960152121170985,18.024327984248373,17.703446920200307,17.785959243774414,26050300
2018-11-07,17.895976684398526,17.932647857604394,17.666776168713078,17.703447341918945,22573000
2018-11-08,17.575094413338693,17.850134313927366,17.556757953656504,17.767621994018555,36788400
2018-11-09,17.355064748967905,17.529257644781374,17.217544778025186,17.455913543701172,48178200
2018-11-12,17.226712125613403,17.31839093576509,17.0433510079876,17.061687469482422,38310500
2018-11-13,17.144198326461794,17.17170126768288,16.740804951495583,16.887493133544922,37410700
2018-11-14,16.841653868376337,17.492582462893026,16.814149178272125,17.263381958007812,66754900
2018-11-15,17.31838984002048,17.53842211805315,17.245045747342925,17.501750946044922,39657800
2018-11-16,17.758455512838502,17.87763900345065,17.685111422770788,17.767621994018555,46150500
2018-11-19,17.74012135079226,18.024329518031635,17.7217848887352,17.776792526245117,39968700
2018-11-20,17.88680998333132,17.88680998333132,17.39173598776243,17.69428062438965,33847400
2018-11-21,17.850138981473233,18.262700688896032,17.83180426565783,18.16185188293457,51285800
2018-11-23,17.996825721769092,18.097674519447185,17.66677813160131,17.749290466308594,30344400
2018-11-26,17.785961683334975,18.033498688009995,17.620937013551625,17.657609939575195,23593600
2018-11-27,17.68511536062766,17.68511536062766,17.162536635291506,17.300058364868164,51165000
2018-11-28,17.20837628570275,17.859304954330266,17.171703361388442,17.730953216552734,49633100
2018-11-29,17.82263504849386,17.89597915368678,17.565929805987935,17.575098037719727,28893400
2018-11-30,17.49258271587759,17.58426326888981,17.23587751717559,17.501750946044922,31883800
2018-12-03,17.77679258798427,17.868473149926718,17.56592851957954,17.822633743286133,47882800
2018-12-04,18.03349807428567,18.125178637563124,17.89597810370014,17.969322204589844,45434300
2018-12-06,18.024328138530862,18.244360420391512,17.877639950623763,18.070167541503906,50911100
2018-12-07,18.226027188541938,18.64775711498162,18.14351659830565,18.519405364990234,67727400
2018-12-10,18.427723952258237,18.840283879237372,18.32687515406581,18.45522689819336,47462700
2018-12-11,18.528568481421615,18.684424898945124,18.299367970278876,18.3452091217041,50550800
2018-12-12,18.400221399097084,18.785278424954402,18.400221399097084,18.739439010620117,71833500
2018-12-13,18.638587814030867,18.776107788085938,18.601916636991476,18.776107788085938,42891300
2018-12-14,18.574411923158806,18.666092488652772,18.409387255001942,18.446060180664062,48779800
2018-12-17,18.601917760769183,18.931965368707893,18.592749528790126,18.895294189453125,67083000
2018-12-18,18.83111532061009,19.4086998541782,18.821947090088543,19.335355758666992,79518700
2018-12-19,19.335354941143343,19.683738942926162,18.244360036464276,18.29020118713379,120753200
2018-12-20,18.921536769169602,19.207248707653232,18.74642220652511,19.050567626953125,94498200
2018-12-21,19.05977944501319,19.14272833442464,18.681901952322438,18.83858299255371,63178700
2018-12-24,19.078216141131144,19.45609369757855,19.032132440397657,19.437660217285156,60507000
2018-12-26,19.677288418286945,19.723370356964033,18.921533373337727,19.00448226928711,76365200
2018-12-27,19.20724659582507,19.354710919339343,19.078215752228427,19.32706069946289,52393000
2018-12-28,19.253331941196898,19.37314782392847,18.958403242032578,18.986053466796875,49835000
2018-12-31,19.078216141131144,19.47452541995851,18.94918353699082,19.437660217285156,53866600
2019-01-02,19.45609160314001,19.566688957167756,19.207244919707716,19.40079116821289,39963400
2019-01-03,19.631204187106217,19.852402408889823,19.474523138792218,19.797101974487305,52555200
2019-01-04,19.47452544557807,19.723372156125954,19.36392807949908,19.631206512451172,60257200
2019-01-07,19.79710470165235,19.843188403336075,19.336278232295935,19.391578674316406,41231900
2019-01-08,19.216461658862233,19.419224646521933,19.06899734821641,19.40079116821289,36313100
2019-01-09,19.382362589831537,19.732589944911325,19.363929108534304,19.649641036987305,55350100
2019-01-10,19.57590609572591,19.677288470580866,19.308627686444584,19.35470962524414,38185600
2019-01-11,19.410008522449598,19.58512305610817,19.363926583129956,19.428442001342773,32955600
2019-01-14,19.46530808352065,19.603555653174077,19.21646140339655,19.290193557739258,34552200
2019-01-15,19.354711956123396,19.410010640925112,18.82015331527081,18.995267868041992,45097700
2019-01-16,18.958403242032578,19.151951299555233,18.8938878088296,18.986053466796875,22030000
2019-01-17,18.95839860756019,19.14272987843407,18.90309992946334,19.04134750366211,25288300
2019-01-18,18.847801669123335,19.022914446630242,18.654253654624487,18.718769073486328,50576000
2019-01-22,18.764854211537266,18.903101799411882,18.635821605995964,18.847803115844727,34617600
2019-01-23,18.727987281591876,18.99526747545081,18.64503837714693,18.884668350219727,22692400
2019-01-24,18.77406865871787,18.97683164564092,18.7556351804758,18.893882751464844,37866200
2019-01-25,19.179598426052777,19.56669275613255,19.170381685108783,19.520610809326172,52893000
2019-01-28,19.520608256846387,19.797103417357818,19.520608256846387,19.769454956054688,38990100
2019-01-29,19.944570926016556,20.257933095582484,19.806323323658326,20.248716354370117,61112200
2019-01-30,20.147333987707324,20.783273255558136,20.04595160098611,20.442262649536133,66605400
2019-01-31,20.663459114649992,20.91230583190918,20.543645005180842,20.91230583190918,60796600
2019-02-01,20.76484111106349,20.884655218281434,20.46069571498807,20.801706314086914,42718200
2019-02-04,20.45147876544528,20.746407418268063,20.423828545025607,20.72797393798828,53968100
2019-02-05,20.727976227179386,20.83857536315918,20.479129489660068,20.83857536315918,33532900
2019-02-06,20.608162411455417,20.829358928758978,20.469913049966245,20.479129791259766,49850200
2019-02-07,20.46991025280578,20.598942855369458,20.23949702569407,20.304014205932617,36029500
2019-02-08,20.340880679006172,20.691109790528976,20.340880679006172,20.5897274017334,48965400
2019-02-11,20.377747878401276,20.571294159719578,20.331664174815817,20.35009765625,38453400
2019-02-12,20.488342712294244,20.525209670594112,20.230281035848463,20.322444915771484,23475700
2019-02-13,20.276363156045917,20.534426592698942,20.193414257047205,20.2026309967041,49415200
2019-02-14,20.239499589360857,20.442264379967256,20.128902210769766,20.405397415161133,33745200
2019-02-15,20.525211754084026,20.68189282693633,20.294798515060847,20.67267608642578,37505500
2019-02-19,20.93073819529341,21.437648385730686,20.847791044915645,21.327049255371094,90301500
2019-02-20,21.483728160340466,21.843173979252093,21.32704710027985,21.52981185913086,62442200
2019-02-21,21.299398453725086,21.391562334677804,21.14271739502678,21.179582595825195,54488200
2019-02-22,21.308617322866525,21.52981382350221,21.1795847123939,21.25331687927246,41676600
2019-02-25,21.22566625813832,21.280964938198633,20.976819560996905,20.98603630065918,47067700
2019-02-26,20.986038027967712,21.032119972158636,20.60816046027896,20.94917106628418,36299000
2019-02-27,20.829355018318516,20.90308717691078,20.460694225357184,20.598941802978516,49023500
2019-02-28,20.60816154138642,20.60816154138642,20.42383023912569,20.497562408447266,32776800
2019-03-01,20.331662237578005,20.57129219964939,19.99065165310543,19.999868392944336,78919200
2019-03-04,19.870838525554653,20.147335485002785,19.7233741836811,20.138118743896484,55000900
2019-03-05,20.06438680386369,20.248716354370117,19.981437890866026,20.248716354370117,30417100
2019-03-06,20.19341509553692,20.221065315655725,19.787887323361566,19.83397102355957,55294000
2019-03-07,19.83396849468758,20.174979043106177,19.815535016958684,20.082815170288086,41501300
2019-03-08,20.469910244939484,20.645024789692844,20.22106529576866,20.61737632751465,59864500
2019-03-11,20.645026491631356,20.746408882411618,20.267148908794898,20.54364585876465,38359700
2019-03-12,20.654242800915597,20.94917146839087,20.58972737464457,20.90308952331543,48840700
2019-03-13,21.02290319068577,21.17036752130496,20.847790396771412,21.068986892700195,31968100
2019-03-14,20.645022471451064,20.73718810349368,20.442259487287885,20.50677490234375,42989400
2019-03-15,20.645023991489662,20.810921789798343,20.4238275130492,20.552858352661133,42292600
2019-03-18,20.645023769242034,20.681890727541905,20.294796454959908,20.322444915771484,31836900
2019-03-19,20.57128990611,20.626588581064677,20.38696040362336,20.396175384521484,34131500
2019-03-20,20.46069489886641,20.949169806401915,20.119682555456173,20.857004165649414,58485700
2019-03-21,20.921519838022146,20.995251993731543,20.58972425837323,20.967601776123047,41302500
2019-03-22,20.83857344715254,21.07820342148125,20.764841282583205,20.995254516601562,41711400
2019-03-25,21.078202794008615,21.511379028219146,21.059769313936656,21.437646865844727,58308800
2019-03-26,21.225668785232553,21.54824592225101,21.179585081434524,21.520597457885742,41372400
2019-03-27,21.410000285170838,21.520599426489653,21.188803760446923,21.207237243652344,34488200
2019-03-28,20.875438049226762,20.949170211672467,20.571292659399056,20.65424156188965,66841200
2019-03-29,20.838572411853104,20.875437613349504,20.63580765092606,20.6634578704834,35233000
2019-04-01,20.67267420610687,20.74640636557131,20.11968213116689,20.2394962310791,49601800
2019-04-02,20.257931147438715,20.423828957480158,20.2210659440481,20.3685302734375,28698700
2019-04-03,20.368527750512186,20.525208800820483,20.340877532958984,20.340877532958984,24462100
2019-04-04,20.16576652998483,20.77405911711394,20.08281937864958,20.737192153930664,42380400
2019-04-05,20.663459345915232,20.709541290554466,20.51599501357348,20.67267608642578,20384600
2019-04-08,20.96760451644006,21.01368646056354,20.783273224119146,20.91230583190918,30695500
2019-04-09,21.022903010652605,21.050553231624473,20.875438681296252,21.032119750976562,23757000
2019-04-10,21.01368389035738,21.133499743085213,20.82013763921541,20.847787857055664,26181800
2019-04-11,20.589723795390782,20.774055059476012,20.37774407223202,20.50677490234375,57531000
2019-04-12,20.506774716267923,20.608157086386193,20.405392346149657,20.469907760620117,22940800
2019-04-15,20.257933273956205,20.543646980314417,20.174984360228162,20.479129791259766,26720300
2019-04-16,20.22106555886671,20.285580982006465,20.082817972436743,20.10124969482422,46161500
2019-04-17,20.15655119608384,20.202633141346872,19.80632208359608,19.963003158569336,44246100
2019-04-18,19.916920367013876,20.036734474354844,19.52982606634647,19.668073654174805,43979600
2019-04-22,19.723373233656414,19.74180671498112,19.290196970007045,19.336278915405273,44655200
2019-04-23,19.170378776767937,19.327059833218538,19.087429878769772,19.188812255859375,27916300
2019-04-24,19.179598017257522,19.5298271340101,19.050567162618965,19.373146057128906,48993100
2019-04-25,19.410010406266036,19.54825799555572,19.13351522768667,19.23489761352539,29325900
2019-04-26,19.419226762538575,19.75102237660242,19.40079328222093,19.631206512451172,38923200
2019-04-29,19.55747411262904,19.566690852676427,19.115081137835077,19.207246780395508,39572600
2019-04-30,19.198031544010796,19.382362843569183,19.170381321702973,19.25333023071289,19674200
2019-05-01,19.19802917290666,19.44687586920194,18.755636218101728,18.912317276000977,72152500
2019-05-02,18.72798450609194,18.857015334811198,18.56208672178821,18.589736938476562,42758500
2019-05-03,18.801717070546957,18.976831597576616,18.681902978103444,18.700336456298828,26799900
2019-05-06,18.700337783054337,18.866233824843096,18.63582060479312,18.709552764892578,26382900
2019-05-07,18.810933903966667,19.198028158444483,18.681903071778475,19.08742904663086,48972400
2019-05-08,19.262546351917155,19.345495258259085,18.755637931306243,18.875452041625977,30100600
2019-05-09,18.912315575265676,19.15194551038072,18.792499728751565,18.82936668395996,28038400
2019-05-10,18.939968942905704,18.967619166478805,18.68190722121131,18.691123962402344,23309400
2019-05-13,19.01369666051918,19.345492234017986,18.82936715361902,19.290193557739258,65640200
2019-05-14,19.24411198267163,19.2625454627664,18.976833552951142,19.207246780395508,29056100
2019-05-15,19.3086314874591,19.37314691764402,19.151950403618454,19.16116714477539,23251200
2019-05-16,19.05978162823095,19.115080308201765,18.810934931492266,18.949182510375977,32047600
2019-05-17,18.86623464517733,19.133514835855486,18.792502481871878,19.124298095703125,26519000
2019-05-20,19.078215507879786,19.216463089664607,19.022915068835154,19.059782028198242,17628000
2019-05-21,18.958398214442667,19.10586252491867,18.85701584177295,19.08742904663086,13437500
2019-05-22,19.059781153520237,19.08742961386035,18.672686887538973,18.76485252380371,31806200
2019-05-23,18.94918033982688,19.244108943106188,18.81093277677885,18.83858299255371,36332200
2019-05-24,18.893885301676352,19.004484428143705,18.801719655939138,18.95840072631836,15584000
2019-05-28,18.783285322927387,18.89388444437636,18.69112143928554,18.820152282714844,32450100
2019-05-29,18.91231792427009,18.939966386197288,18.75563686100019,18.820152282714844,23992000
2019-05-30,18.84780582889162,19.17959973596807,18.76485691264408,19.14273452758789,25439400
2019-05-31,19.57590633444539,20.036732759713633,19.529824395083885,19.89848518371582,83347600
2019-06-03,20.30401443903389,20.737190678128172,20.193415315268627,20.72797393798828,75414200
2019-06-04,20.433044647054853,20.84778915083059,20.433044647054853,20.820138931274414,40898700
2019-06-05,21.050552187021005,21.21644998879283,20.589725741171883,20.857004165649414,55594800
2019-06-06,20.884655172625365,21.124285144450848,20.829356489254394,21.078203201293945,48981100
2019-06-07,21.244100152333388,21.308617336567945,20.949171484629503,21.096635818481445,41368300
2019-06-10,20.663457903303442,20.755623544060903,20.497560101522687,20.7003231048584,45057300
2019-06-11,20.598942448565147,20.91230457188162,20.562075489156914,20.820138931274414,23522200
2019-06-12,20.986035299797297,21.271747184048355,20.96760182135187,21.161148071289062,35955800
2019-06-13,21.21644934414462,21.419212341308594,21.1427171853656,21.419212341308594,30634300
2019-06-14,21.612760142027113,21.81552313717617,21.290181291356962,21.502161026000977,42220900
2019-06-17,21.548244688475336,21.63119359264888,21.327048196650367,21.621976852416992,50692800
2019-06-18,21.889257219459598,22.009071327599976,21.520596396819812,21.81552505493164,44411200
2019-06-19,21.67727413405737,22.147317269887935,21.612758719751582,22.119667053222656,46273800
2019-06-20,22.727962063253887,23.198005288152512,22.61736469146217,23.087406158447266,131981000
2019-06-21,23.04132462757144,23.2625211330465,22.746395953604697,23.23487091064453,50309800
2019-06-24,23.32703727000727,24.119659423828125,23.28095532251641,24.119659423828125,101843300
2019-06-25,24.17495560303428,24.19338908328267,23.14270531991241,23.621963500976562,103671800
2019-06-26,23.10583582128526,23.723343278466945,23.08740234306175,23.520580291748047,57095000
2019-06-27,23.327031229032805,23.40076338067202,23.170350187060322,23.3454647064209,53004800
2019-06-28,23.43763522860998,23.59431630329335,23.21643872751232,23.557449340820312,39459700
2019-07-01,22.85699121558935,23.03210575879556,22.608146268617087,22.65422821044922,90190700
2019-07-02,22.9399403454911,23.64039676737272,22.866208183077948,23.54823112487793,75815700
2019-07-03,23.658827688903607,23.686477906035876,23.373115810189745,23.64039421081543,24756100
2019-07-05,23.022888827475324,23.502148753364718,22.74639366295403,23.400766372680664,51920800
2019-07-08,23.456067426152096,23.603531752146836,23.234869179246555,23.428417205810547,40606100
2019-07-09,23.345465593057476,23.649610949859518,23.23486648244163,23.64039421081543,37529700
2019-07-10,23.981408640649672,24.174954903920334,23.750995417948378,24.147306442260742,56454300
2019-07-11,24.08278756060358,24.221036890780834,23.70491004272248,23.90767478942871,54013400
2019-07-12,23.962976476954484,24.193389712309813,23.84316236805164,24.156522750854492,31795200
2019-07-15,24.119657084886114,24.248687931678987,23.953759277344744,24.128873825073242,29900000
2019-07-16,24.092006902559557,24.267121450565966,23.93532583495665,24.009057998657227,25081700
2019-07-17,24.128872989649082,24.976793720458833,24.128872989649082,24.96757698059082,45481600
2019-07-18,24.801678586778525,26.09199225297275,24.672647747533105,26.036693572998047,100026700
2019-07-19,25.72333209769035,26.055127701634184,25.43762019313504,25.7878475189209,59357500
2019-07-22,25.88001333998825,26.073561362940964,25.77863095854095,25.981395721435547,38309500
2019-07-23,25.990611593311296,26.184157851886322,25.483701460918603,25.686466217041016,53084900
2019-07-24,25.870796418607366,25.990612279098123,25.658816675170954,25.944528579711914,35305300
2019-07-25,25.787851380659895,25.787851380659895,25.188777262204617,25.280942916870117,66348800
2019-07-26,25.39153366857766,25.47448256033438,25.096605056959646,25.142688751220703,34186900
2019-07-29,25.2532888803527,25.594301223754883,25.087391078584794,25.594301223754883,51527600
2019-07-30,25.704897754813402,25.806280132150544,25.529784976757117,25.649599075317383,29517400
2019-07-31,25.51135210633247,25.69568162835516,24.35006926172739,24.42380142211914,125274600
2019-08-01,24.05514102590472,25.769414223406333,23.999842344156512,25.668033599853516,125771700
2019-08-02,25.5574342642894,25.907663347557953,25.400753202387865,25.594301223754883,46016200
2019-08-05,26.29475848727372,26.7371514677623,26.119643939946123,26.35927391052246,91723900
2019-08-06,26.350055910788445,26.534387189470788,26.091992472215836,26.42378807067871,45760900
2019-08-07,27.271710939778906,27.64958850876562,26.91226685169727,26.967565536499023,91307700
2019-08-08,26.829316047986136,27.520555711816105,26.60811956651015,27.437606811523438,62143900
2019-08-09,27.234841400723322,27.5205550539744,27.022861664115094,27.059728622436523,42424300
2019-08-12,27.27171117705213,27.41917550974879,26.718719050482896,26.727935791015625,62211800
2019-08-13,27.105811398980045,27.14267835843928,25.631166420964828,26.221025466918945,97362100
2019-08-14,26.65420344913666,26.81088452133423,26.14729502856931,26.184160232543945,60301200
2019-08-15,26.09199353492157,26.60812043308822,25.953745949235778,26.479087829589844,46951200
2019-08-16,26.184160424665112,26.36849171963128,25.926096963295183,26.064346313476562,51032100
2019-08-19,25.575866276355626,26.156506791309962,25.446835441457612,25.741764068603516,62746500
2019-08-20,25.953746334325555,26.700284714436368,25.91688113128862,26.58968734741211,73110900
2019-08-21,26.359273262328202,26.59890322701186,26.313189562631308,26.451438903808594,30263600
2019-08-22,26.33162477509569,26.53438955127688,26.147295237919668,26.257892608642578,39469300
2019-08-23,26.396139941882897,27.373093335188162,26.350057997519638,27.317792892456055,92847400
2019-08-26,27.354659854277457,27.631155036284007,27.096596395268115,27.317792892456055,47355700
2019-08-27,27.382307033732552,28.22101279670637,27.317791611483816,28.165712356567383,81770600
2019-08-28,28.248662315401255,28.396126645460427,27.67723847590034,28.0274658203125,54015200
2019-08-29,28.06433216138936,28.101197364132464,27.087378798952194,27.336225509643555,75098400
2019-08-30,27.21641011682989,27.778617176959422,27.142677956915524,27.52055549621582,48728400
2019-09-03,27.907651680631357,28.350044670321807,27.76018735073454,27.9906005859375,69310100
2019-09-04,27.953734226719813,28.534374818458208,27.916869022408154,28.52515983581543,48361200
2019-09-05,27.8615658842367,27.889216103231192,26.88461433263821,27.01364517211914,132635500
2019-09-06,27.216411000655032,27.42839074755349,26.211809190502528,26.248674392700195,88853900
2019-09-09,26.386919357788884,26.488301730116433,25.465266541467866,25.557432174682617,90351900
2019-09-10,25.52978602140658,25.86157986987265,25.299372796512706,25.354671478271484,66585000
2019-09-11,25.465270772900986,25.99982942487551,25.382323622929373,25.548219680786133,78529300
2019-09-12,26.29475718466469,26.45143824389846,25.096607391137827,25.133474349975586,82794900
2019-09-13,25.262508699469805,25.42840652145902,24.515970258431935,24.55283546447754,80728900
2019-09-16,25.115041914142058,25.354671882804585,24.783246302468804,25.15190887451172,68934800
2019-09-17,25.327018753804733,26.055125316264146,25.234853121378915,25.91687774658203,71084100
2019-09-18,25.907664412027174,25.935312874848893,24.866195617210394,25.4560546875,85193300
2019-09-19,25.649600329968738,25.972179198982243,25.548217947672473,25.898447036743164,47188900
2019-09-20,25.981392389992973,26.442218780517578,25.67724704256326,26.442218780517578,61290700
2019-09-23,26.552817882275832,26.875396728515625,26.460652246505422,26.875396728515625,58025700
2019-09-24,26.58047040135515,27.26249335243516,26.44222281468859,27.17954444885254,57912300
2019-09-25,27.013648613873038,27.087380782672398,25.999829974446662,26.202594757080078,87938400
2019-09-26,26.31318935194216,26.52517085302375,25.889229865605753,25.907663345336914,45715000
2019-09-27,25.345455570034574,25.65881770680626,25.170341021153114,25.299373626708984,74409500
2019-09-30,24.875413085305976,25.207208712182574,24.460670309623737,24.61734962463379,73206900
2019-10-01,24.53440264149328,25.317806253487394,24.433020253060082,24.810897827148438,68625600
2019-10-02,25.317803256639387,25.345453475097376,24.903060527249416,25.26250457763672,65837200
2019-10-03,25.262507975922787,25.852365319067058,25.105826899410896,25.11504364013672,63344000
2019-10-04,25.022875026696155,25.723331417663875,25.013658287062107,25.686466217041016,54465000
2019-10-07,25.437621026135414,25.79706510356962,25.308588421535525,25.419187545776367,37266600
2019-10-08,25.88001333761771,26.15650850419524,25.61273491098122,26.138076782226562,65536200
2019-10-09,26.128858588180663,26.138075327608775,25.695680624625812,25.85236167907715,39219400
2019-10-10,25.815496479277993,25.9537440548731,25.363886794780214,25.85236167907715,39255400
2019-10-11,25.502135179909878,25.52978539907194,24.801678782357783,24.856977462768555,87316400
2019-10-14,24.921492090286957,25.15190528598304,24.829326460425886,24.949140548706055,31850400
2019-10-15,24.774029373986952,24.774029373986952,24.128873393644664,24.138090133666992,61657100
2019-10-16,24.377721402904587,24.644999846178006,24.138091423261876,24.61734962463379,51265100
2019-10-17,24.4238001893121,25.20720545262741,24.396149971343345,24.958358764648438,46186300
2019-10-18,24.83854485255291,25.1058232632366,24.691080538124673,24.99522590637207,31902100
2019-10-21,25.115041306153497,25.161123247586588,24.423801637176794,24.497533798217773,42579000
2019-10-22,24.58048266615613,24.700296768469485,24.17495490201802,24.460668563842773,30749800
2019-10-23,24.552833549142992,24.90306264778011,24.552833549142992,24.709514617919922,47031700
2019-10-24,24.85697951520076,25.3915381577455,24.829331051669126,25.363889694213867,51996000
2019-10-25,25.81549708730521,25.972178145446822,25.225639813319535,25.566650390625,59960300
2019-10-28,25.280938482534836,25.290155222176114,24.884627467526613,24.939926147460938,60885600
2019-10-29,24.78324594402644,25.280939354338138,24.672648580343886,25.078174591064453,32762400
2019-10-30,25.1611242809053,25.336238829786765,24.635782392174377,25.299373626708984,54901700
2019-10-31,25.52978583271634,25.97217879934364,25.437620191857302,25.944528579711914,79602400
2019-11-01,25.74176999299234,25.953749772800787,25.483706505890517,25.815502166748047,55359000
2019-11-04,25.73255052391481,25.769415727928155,25.336239472768735,25.363889694213867,56660000
2019-11-05,24.856977462768555,25.01365852219354,24.663431202374174,24.856977462768555,62148800
2019-11-06,25.004444109101527,25.25329083097488,24.80168109011964,25.16112518310547,48932900
2019-11-07,24.903059837933682,24.967575254636564,24.23946867661661,24.414583206176758,90744200
2019-11-08,24.174955368041992,24.497534237599492,24.092006465643966,24.174955368041992,42339900
2019-11-11,24.21182189624628,24.386934680039545,24.10122277571751,24.184171676635742,33313500
2019-11-12,24.221040092656736,24.552833958368822,23.944543153664263,24.506752014160156,56886600
2019-11-13,24.626564639402204,24.89384482185904,24.598916177709004,24.65421485900879,36498800
2019-11-14,24.764812294234922,24.949141805328072,24.64499644200677,24.884626388549805,34638700
2019-11-15,24.68186742073751,24.967579352130585,24.62656697627675,24.645000457763672,37430600
2019-11-18,24.691080753709826,25.078173264028795,24.644997056352825,25.068958282470703,49621800
2019-11-19,24.921498216868784,25.345457757375442,24.912281475825562,25.09661102294922,33293500
2019-11-20,25.068957676477915,25.308585865288553,24.82932772975401,25.197988510131836,35278100
2019-11-21,25.059743278924685,25.216424344965404,24.709514186403815,24.718730926513672,67801100
2019-11-22,24.810897405851733,24.866196090461074,24.506752003630137,24.663433074951172,24320200
2019-11-25,24.405368126621624,24.58969940794801,24.128872962545426,24.147306442260742,59476400
2019-11-26,24.19338901442712,24.72794763471507,24.092006631262937,24.681865692138672,64827100
2019-11-27,24.497535914255256,24.691083952401897,24.350071579435685,24.57126808166504,37110700
2019-11-29,24.598914720621,25.03209092131851,24.598914720621,24.958358764648438,44363100
2019-12-02,24.78324779960136,25.078176468721313,24.72794911361975,25.041311264038086,43818700
2019-12-03,25.382321480568507,25.75098228565642,25.382321480568507,25.594301223754883,71551400
2019-12-04,25.47448496486976,25.548217124733842,25.170339585691263,25.3270206451416,56183500
2019-12-05,25.207207974623767,25.677251179641058,25.188774494133646,25.4560546875,47757700
2019-12-06,24.99522680066552,25.244071741470677,24.84776072304787,24.856977462768555,75294900
2019-12-09,25.004444105524342,25.050527808409214,24.746382401023133,24.810897827148438,31802800
2019-12-10,25.02287760348078,25.032094344063943,24.77403088147593,25.004444122314453,36765200
2019-12-11,25.105825227066028,25.66803406849662,25.032093064084428,25.53900146484375,76150900
2019-12-12,25.80628012814404,25.90766250546544,25.244071319962924,25.492918014526367,65636700
2019-12-13,25.317806438419293,25.658818810604167,25.179558844581898,25.548219680786133,29998500
2019-12-16,25.566650821818076,25.566650821818076,25.17955653975812,25.24407196044922,42318600
2019-12-17,25.21642433438868,25.299373237429176,25.022876307989712,25.032093048095703,31057700
2019-12-18,25.01365995276727,25.327022089538954,24.96757800944168,25.299373626708984,45238000
2019-12-19,25.34545412458596,25.42840302417222,25.133474384715903,25.3270206451416,24665700
2019-12-20,25.354673232820577,25.382323454570066,24.99522913964481,25.004444122314453,41965800
2019-12-23,25.18172705358406,25.831459036441366,25.107472121575558,25.775768280029297,72123700
2019-12-24,25.905713680604663,26.60185432434082,25.887149505214502,26.60185432434082,70679100
2019-12-26,26.82461945683599,27.149485448759844,26.685391680404976,26.9916934967041,57567000
2019-12-27,26.926723427229454,27.056669129239182,26.648266075294796,26.796777725219727,37730900
2019-12-30,26.843183003013404,27.372249603271484,26.824618827823986,27.372249603271484,56336900
2019-12-31,27.567168829007958,27.622859582031367,27.158765842622998,27.177330017089844,32773500
2020-01-02,27.492916826448404,27.58573416790308,27.019540949444853,27.242305755615234,40709100
2020-01-03,27.706397432673825,27.72496160770076,26.926719785314248,27.07522964477539,47399500
2020-01-06,27.613579284705082,27.65070763604542,26.9267207183039,27.121639251708984,45483100
2020-01-07,27.11235554173778,27.400094936278222,26.936001194554176,27.38153076171875,39181100
2020-01-08,27.260869158792772,27.316559916161353,26.100634719746687,26.314117431640625,94319100
2020-01-09,26.09135338614515,26.379091039642052,25.989252186036413,26.02638053894043,60554600
2020-01-10,26.12847931680669,26.50903607269202,26.10063482320066,26.406936645507812,38632800
2020-01-13,26.286270716290588,26.286270716290588,25.757204104432862,25.775768280029297,48710300
2020-01-14,25.720075180941436,26.276988043801914,25.692230688543585,26.230579376220703,56949000
2020-01-15,26.35124250534534,26.796773849933626,26.147041893092865,26.722518920898438,50472900
2020-01-16,26.546164544260268,26.64826397190443,26.32339974252217,26.61113739013672,37967100
2020-01-17,26.6853930953577,26.713239360271302,26.267707973540304,26.379091262817383,43853800
2020-01-21,26.23057902784409,26.889591304706123,26.174888273410843,26.871028900146484,48096900
2020-01-22,26.8246192839701,26.908156303365818,26.59257240128805,26.76892852783203,21333700
2020-01-23,26.60185432434082,27.010257331038318,26.536881480852465,26.60185432434082,41346600
2020-01-24,26.555446056786675,27.19589418401243,26.555446056786675,27.121639251708984,44497000
2020-01-27,27.51147802155593,27.53004219718066,26.833901544648356,26.9916934967041,38199300
2020-01-28,26.731798728780422,26.889590671271836,26.249142584433553,26.276987075805664,55735200
2020-01-29,26.26770645925008,26.82461933277572,26.202733615241243,26.787492752075195,37940100
2020-01-30,26.82462011142384,26.991694155368975,26.5461645517668,26.666828155517578,39866800
2020-01-31,26.73179932039028,27.14020231653193,26.694672740946764,26.90815544128418,41986200
2020-02-03,26.741083914824436,26.824620939375404,26.360527145371066,26.509037017822266,42344300
2020-02-04,26.17488741979875,26.24914234674721,25.775766523559387,26.03565788269043,62983500
2020-02-05,26.00781339157045,26.314115186529968,25.905712203124907,26.03565788269043,41433700
2020-02-06,26.239859634352236,26.462624409889685,26.091349783993937,26.360523223876953,37356800
2020-02-07,26.51831576693141,26.611134868119855,25.914994264772155,25.92427635192871,40445600
2020-02-10,26.165607525041313,26.46262725772233,26.007815570757366,26.35124397277832,34717200
2020-02-11,26.28627122388988,26.48119153066196,26.054224335585236,26.38837242126465,24591700
2020-02-12,26.30483231428672,26.369805152130343,26.063503366312517,26.100631713867188,33312700
2020-02-13,26.332678668861778,26.536879270009546,26.184167048490515,26.28626823425293,29937400
2020-02-14,26.3048333375549,26.425496931047338,26.165605569562974,26.276987075805664,22888600
2020-02-18,26.536880972077906,27.149484585190493,26.341960674972718,27.13092041015625,64678400
2020-02-19,27.260868316776993,27.65070714707048,27.10307636712541,27.61357879638672,45467500
2020-02-20,27.530041777725458,27.938444783360826,27.381531915744816,27.61357879638672,52313900
2020-02-21,28.096235534580483,28.504636752418484,28.012698519482452,28.448945999145508,76564200
2020-02-24,29.47923498784067,29.553489916459828,28.458228391544367,28.820220947265625,87112400
2020-02-25,28.291155392131536,28.922323193619416,27.762088785112933,27.817779541015625,91165500
2020-02-26,27.752806727289798,28.105518979266883,27.539324020785212,27.72496223449707,49317800
2020-02-27,28.14264604476824,28.216900977457186,26.119196916022975,26.12847900390625,125123900
2020-02-28,24.875424879026266,25.098191442216503,23.60380896542135,24.33707618713379,166814200
2020-03-02,25.14460012960878,25.497310609241254,24.782607562304765,25.330238342285156,83762400
2020-03-03,25.82217855926898,27.483635200859144,25.488030459200044,26.620420455932617,130291500
2020-03-04,26.945285763047654,27.08451354431001,26.249145086358578,27.038103103637695,55030300
2020-03-05,27.353684744032897,27.697114894940015,26.88030891080386,27.678550720214844,68343800
2020-03-06,27.76209224966358,27.817783012516163,26.406939141193696,27.297998428344727,81228000
2020-03-09,26.341963003758256,26.657546925731157,25.302393895217087,25.34880256652832,87651700
2020-03-10,25.747919819343434,26.017095031388983,24.596967586243693,25.515872955322266,82748700
2020-03-11,25.107471938219177,25.293110152073353,23.241816563833055,23.36248016357422,119428500
2020-03-12,21.33903064411331,23.10258655917495,20.420125221587153,20.707862854003906,106328100
2020-03-13,21.617488211086695,21.71958763452705,15.315094094527396,17.635562896728516,195650900
2020-03-16,15.547140919141903,21.301904236169186,15.018074317392648,20.874937057495117,199906300
2020-03-17,20.522226217981228,23.668781280517578,20.438689201243346,23.668781280517578,119759900
2020-03-18,22.387884478772584,23.24181709535144,18.26673126220703,18.26673126220703,198033900
2020-03-19,19.167072828029436,23.186124906294935,17.904738945800627,19.742549896240234,103179000
2020-03-20,21.20908546897766,21.20908546897766,18.87933455025648,19.07425308227539,68320700
2020-03-23,20.07669481828552,21.617487694902938,19.603320751871685,20.355152130126953,93812100
2020-03-24,23.139715320819953,24.197848534596798,22.08158210704311,23.343915939331055,127861300
2020-03-25,23.56667977467362,25.06106219819796,22.787002142432843,24.420612335205078,102594400
2020-03-26,24.77332621292589,25.25598239358959,23.408889380959238,23.993648529052734,47458000
2020-03-27,23.34391538792112,23.82657331523065,22.025889060500262,22.619930267333984,94471000
2020-03-30,22.63849420943236,23.51099101876637,21.478259749820168,22.211528778076172,63038600
2020-03-31,21.90522337643476,22.67561886106706,21.376156832460126,21.385438919067383,45113700
2020-04-01,21.348314155471215,22.51783070860752,21.348314155471215,22.30434799194336,33900200
2020-04-02,22.82413236201852,23.872983531366415,22.61993173508084,23.241817474365234,39859300
2020-04-03,23.35319794909479,24.021492328663683,22.96335911841863,23.158279418945312,33775700
2020-04-06,24.14215969532064,24.782609635208686,23.705912160532247,24.448461532592773,62383700
2020-04-07,24.699071452339044,24.83829923178004,23.928675851029777,24.216413497924805,31203200
2020-04-08,24.29066760714535,24.62481568276345,23.975083706923186,24.318513870239258,17480200
2020-04-09,25.246700771096663,26.889591304706123,25.144599579321408,26.871028900146484,68549100
2020-04-13,26.5925720940325,28.838785963256708,25.905713541674977,28.569612503051758,59888600
2020-04-14,28.885199222619182,29.952614620799526,27.873474585372605,28.54176902770996,59359900
2020-04-15,27.530040189779097,28.634583773629558,27.260866744356687,27.984851837158203,31917300
2020-04-16,28.23546449694342,28.894476787943134,27.88275401746334,28.69955825805664,37982800
2020-04-17,27.622858229708598,28.235461794106453,27.539321219074612,27.789932250976562,29249500
2020-04-20,27.82706318953017,28.8944785511513,27.82706318953017,28.532485961914062,25488800
2020-04-21,27.548605620054374,28.653149254263518,27.427940252167975,28.36540985107422,22464500
2020-04-22,29.275037340512903,30.296042269797756,29.237908987255906,30.175376892089844,40919900
2020-04-23,30.82510861902398,32.24523802123491,30.63947039525243,31.02002716064453,56325900
2020-04-24,31.576937586157637,31.84611279739564,30.59305761098811,31.49340057373047,40571500
2020-04-27,31.511964669253786,31.75329184857931,30.565213044353715,31.363454818725586,30455600
2020-04-28,31.094283437749525,31.539813044205832,30.611625478899878,31.382022857666016,31629700
2020-04-29,31.047874748591415,31.62335004731685,30.463115591396054,31.58622169494629,36914000
2020-04-30,30.797263246107267,31.40986688854818,29.841231200977152,29.943328857421875,52248800
2020-05-01,29.219343726797124,30.992181810380522,29.0615517720625,30.899364471435547,34003000
2020-05-04,31.33560701531647,31.790420427540113,31.112844008281584,31.54909324645996,34391400
2020-05-05,31.474835313233278,32.403022734491415,30.973613255972918,32.29164123535156,30289700
2020-05-06,31.69760374328961,32.03174826064363,31.205661972961693,31.279918670654297,29078400
2020-05-07,31.641913106199993,32.94137706724796,31.44699457426913,32.514408111572266,35053600
2020-05-08,32.47728616979814,33.006352826485276,32.0967293897117,32.35662078857422,28612000
2020-05-11,32.41231192731541,32.53297731653591,31.140695803353875,31.456279754638672,28732700
2020-05-12,31.873960100610912,32.4401550636074,31.270636786425104,31.409866333007812,20999600
2020-05-13,31.87396041281395,32.19882463701636,31.02002603086771,31.632633209228516,33290200
2020-05-14,31.61407340651797,32.904253705037284,31.558380871484736,32.63507843017578,33736200
2020-05-15,33.37762593909492,34.045922158009375,33.052761688653035,33.94382095336914,38465800
2020-05-18,34.48217105109958,34.528579723345395,33.15486248849167,33.34978103637695,33131200
2020-05-19,33.8881250781283,34.79775197113103,33.76746324887143,34.53785705566406,36737200
2020-05-20,34.67708622538486,34.797751594088716,33.83243572596669,33.9809455871582,30058100
2020-05-21,33.48900361065465,33.61894928214823,32.26379296616978,33.09916305541992,33179400
2020-05-22,33.39618742518574,33.82315284586144,32.92281333543737,32.997066497802734,17987000
2020-05-26,32.83927630866466,32.83927630866466,31.511967837058556,31.632633209228516,36174200
2020-05-27,30.713724569521755,31.335608496030616,30.20322215179349,31.289199829101562,43849100
2020-05-28,31.920366956560482,32.18954217626571,31.149973187279958,31.558374404907227,29917600
2020-05-29,32.180260495298185,32.3658987125051,31.660477736024216,31.855396270751953,32726200
2020-06-01,32.115286688754445,32.885684027830905,32.003905178067214,32.83927536010742,24163900
2020-06-02,33.00634923750127,33.024913412652104,31.502682917073084,31.64191246032715,39294200
2020-06-03,30.91792641876553,31.177817781681725,30.101120440059145,30.472396850585938,40447600
2020-06-04,31.075720597812353,31.168541482787,30.481681096993505,30.73229217529297,25889300
2020-06-05,29.739130210329222,30.12896728515625,28.978014925595293,30.12896728515625,50291100
2020-06-08,30.231068704809108,30.453835278311782,29.785539098558317,30.425987243652344,21180400
2020-06-09,30.676596802995803,31.06643740227225,30.31460423700978,30.685880661010742,21745400
2020-06-10,31.084999769343632,32.05031204223633,30.11040009822185,32.05031204223633,46916400
2020-06-11,31.94821155350656,32.41230529628792,30.063992090855614,30.472396850585938,50214100
2020-06-12,31.05715500701816,31.354174743906505,30.16609579635313,30.29604148864746,29829000
2020-06-15,29.516365254638963,31.24279477370026,29.070835627261,31.103565216064453,32180400
2020-06-16,31.05715500701816,31.261357403911855,30.119687126355807,30.29604148864746,39596100
2020-06-17,30.42598632316503,30.806543071621633,30.166094945903293,30.49095916748047,23882500
2020-06-18,30.323886848464955,30.658034947195368,29.980458431771883,30.101123809814453,20130800
2020-06-19,30.518805925753497,31.40986507405545,30.34244803505015,31.140689849853516,37405000
2020-06-22,31.929652401575638,32.80214740382723,31.80898703144098,32.36589813232422,46110300
2020-06-23,32.83927424464487,33.26623963840504,32.59794351547311,32.82999038696289,28979200
2020-06-24,32.61650832021915,33.11773042210148,31.836830675320293,32.245235443115234,37585800
2020-06-25,32.25451765028609,32.44943618774414,31.725451025325935,32.44943618774414,17938800
2020-06-26,32.106006985971334,32.79286731998923,31.632632900925152,32.66291809082031,29048400
2020-06-29,32.82999735977266,33.00635528564453,32.458724410986385,33.00635528564453,24259500
2020-06-30,32.89496346225891,34.083045860470435,32.69076462160487,34.04591751098633,35818600
2020-07-01,33.94382011295268,34.00879296143239,32.96922384500234,33.934539794921875,30673800
2020-07-02,33.73033399990187,34.417194310038546,33.51685129910713,33.572540283203125,28388800
2020-07-06,34.25012001465935,34.46360271382364,33.702489250453816,34.194427490234375,23654600
2020-07-07,34.055199550993486,35.252562326779135,34.027355057848766,35.02051544189453,30150000
2020-07-08,35.65168323065628,36.32925970922237,35.44748083903888,36.16218566894531,34212500
2020-07-09,36.4499241132454,36.607714291122065,35.10405150929329,36.00439453125,37060300
2020-07-10,36.2828507714029,36.36638779092203,35.29897071270574,35.64240264892578,21900700
2020-07-13,36.25501020217266,36.36639172666761,34.417199114609275,34.46360778808594,34817400
2020-07-14,34.342937823004966,35.82803642067101,34.222272455458864,35.818756103515625,30430700
2020-07-15,35.614557427025176,35.97655002660268,34.99267343098274,35.89301300048828,21291000
2020-07-16,35.59598636484697,35.93013440467175,35.001946978826936,35.34537887573242,21296600
2020-07-17,35.790908531145355,36.51489359260742,35.58670616375696,36.4870491027832,27743600
2020-07-20,36.92330228511796,37.582318184409665,36.78407626696841,37.48021697998047,28356300
2020-07-21,38.30630079607523,38.63116502382272,37.619440447867575,37.97215270996094,34661400
2020-07-22,38.491935878966984,38.928181586291124,38.14850396246714,38.751827239990234,39311500
2020-07-23,38.70542268203701,39.206644823566286,37.32242163391097,38.01856231689453,43686700
2020-07-24,38.482655999656636,38.900341116448345,38.167072082608975,38.826087951660156,34918700
2020-07-27,40.311185193139444,41.26721722742878,40.19980367961895,40.691741943359375,57601200
2020-07-28,40.097698569950026,40.88665648657729,39.66144933517153,40.431846618652344,37241900
2020-07-29,40.58964121734499,40.59892507568598,39.18807957198917,40.03273010253906,39586600
2020-07-30,38.89106059267362,39.615045764108764,38.018562010939384,38.64044952392578,38073500
2020-07-31,39.31802588584173,39.939909855872195,38.918904948962194,39.85637283325195,29531000
2020-08-03,39.540788780195435,39.8192478817885,38.77039494385042,39.48509979248047,26243100
2020-08-04,39.44797457840434,41.28578567504883,39.09526228488019,41.28578567504883,42405300
2020-08-05,42.139713315416195,42.492422011043686,40.858813592269804,41.33218765258789,37958400
2020-08-06,41.93551268301027,42.1025867208513,40.45041405859491,41.053733825683594,29579900
2020-08-07,40.1348320042846,40.41328756657554,39.21592475389446,39.670738220214844,33217600
2020-08-10,40.125544790656534,41.007323614809465,39.25304982423128,39.34586715698242,28792700
2020-08-11,37.35026526243963,37.82363931308877,36.0972100564492,36.24571990966797,71304400
2020-08-12,37.43380833962494,37.60087885339787,36.39423565795147,36.41279983520508,38295800
2020-08-13,37.15535030309381,38.08353794826332,36.83976636210598,37.71226501464844,36092700
2020-08-14,37.5544670713081,37.795797814869196,36.867610273566946,37.45236587524414,21075500
2020-08-17,39.095257488964656,39.91206350085857,38.844646432789666,39.874935150146484,35736000
2020-08-18,40.90522564634407,40.923789822507416,38.99315799057452,39.59648132324219,28185900
2020-08-19,39.225202493033045,39.55007024497826,37.84220509024408,38.06496810913086,36903300
2020-08-20,38.10210116089613,39.07669745548572,37.860773937197244,38.95603561401367,29589700
2020-08-21,38.16707311615102,38.334147167391976,37.53590526496403,37.953590393066406,23938200
2020-08-24,38.584758223420366,38.62188657717713,37.67513480090783,37.73082733154297,17717400
2020-08-25,37.6936960858215,37.6936960858215,36.746944382189604,37.66585159301758,20241500
2020-08-26,37.192472683281274,38.640446451783745,37.192472683281274,38.61259841918945,27676900
2020-08-27,39.29946000263672,39.29946000263672,37.15534554235046,37.74010467529297,31690900
2020-08-28,38.640450575676574,39.19736171643834,38.28773829812496,38.94675064086914,26915500
2020-08-31,39.169512785182654,39.73570772058934,38.909617880276166,39.2344856262207,21174600
2020-09-01,40.03272674606581,40.03272674606581,38.213476606005585,38.67757034301758,24247400
2020-09-02,38.26917015703262,38.79823674817674,37.5080566911497,38.7611083984375,21587400
2020-09-03,38.43624877027109,38.76111301731538,37.3409871077293,38.324867248535156,23533900
2020-09-04,38.018556615841,38.185630637963925,36.635559315856234,37.92573928833008,31760000
2020-09-08,36.83976171870561,38.399117049304685,36.46848883188714,37.66585159301758,23894000
2020-09-09,38.03712571878659,39.401562562692014,38.03712571878659,39.299461364746094,30373300
2020-09-10,39.689297965331804,39.80996333789424,38.464090686134064,38.59403991699219,24778400
2020-09-11,38.86321307825994,39.29018205707795,37.97215384906125,38.204200744628906,19360900
2020-09-14,38.84464549554088,39.76355267934433,38.7796726537396,39.71714401245117,24207100
2020-09-15,40.17195390506012,40.46897362208149,39.46653296232296,39.71714401245117,21083600
2020-09-16,40.35759005020625,40.35759005020625,39.5407840997775,39.772830963134766,21636100
2020-09-17,38.80752278965559,39.280896882827214,38.399118001051946,39.07669448852539,21293200
2020-09-18,39.19735748686159,39.48509688496774,38.37127118287649,38.389835357666016,24531300
2020-09-21,37.322417017173194,37.860767444982734,36.5427394070466,36.97898864746094,30733600
2020-09-22,37.18319310866495,37.4245203045233,36.589150125101376,37.14606475830078,21529200
2020-09-23,36.53346415035523,36.55202832706684,34.66780510951668,34.92770004272461,53008900
2020-09-24,34.528581507612564,36.11578154941954,34.417199980316,35.91157913208008,35428400
2020-09-25,35.456766106839424,35.883731541963996,35.076209342358034,35.66096496582031,15107500
2020-09-28,36.12505628099188,36.34782284188714,35.61455385735178,36.07864761352539,17378100
2020-09-29,36.26429190531103,36.774794414557384,36.14362651706027,36.542747497558594,16825400
2020-09-30,36.292127760492335,36.68196832941474,35.790909230097974,36.34782028198242,17573000
2020-10-01,36.70981412141017,37.071806672045724,36.34782157077462,36.72837829589844,21847900
2020-10-02,36.301416335031945,36.72838176634303,35.97654856192211,36.171470642089844,16693900
2020-10-05,36.35710188764163,37.10893502102225,36.26428455595455,36.72837829589844,19579800
2020-10-06,37.006834606650436,37.18319249760482,35.33609781601748,35.373226165771484,26692000
2020-10-07,35.73521493905138,36.02295430803724,35.41035076499794,35.595985412597656,22049800
2020-10-08,35.94870406793582,36.35710532300452,35.7166571760379,36.171470642089844,18446600
2020-10-09,37.04396778254583,37.87005419804753,36.96971461411831,37.85149002075195,29936400
2020-10-12,37.758669692031965,38.064969741323765,37.452366101985675,37.749385833740234,14011300
2020-10-13,37.22032472183306,37.59160121183218,36.62628517043849,37.359554290771484,20018100
2020-10-14,37.83292409328133,38.37127458768416,37.61016105754917,38.01856231689453,19323100
2020-10-15,37.30385507480695,37.74938465856906,37.11822040380519,37.40595626831055,18523900
2020-10-16,37.50805823405781,37.61015942966355,36.96971130371094,36.96971130371094,13548800
2020-10-19,37.42451757884538,37.43380143613745,36.32925610815239,36.34782028198242,15292600
2020-10-20,36.46849154630851,36.85832863759741,36.17147179844421,36.62628173828125,15671900
2020-10-21,36.904731877661895,37.50805514338851,36.83047872200176,37.05324172973633,18089400
2020-10-22,36.51489711608553,36.6077144516253,35.8187564772741,36.375667572021484,19750700
2020-10-23,36.33854542436755,36.35710606023172,35.707377582346396,36.03224182128906,14497700
2020-10-26,35.75378479435531,36.34782425889527,35.4289170279163,35.46604537963867,17881900
2020-10-27,35.521740455298115,36.069371289845485,35.35466640131724,36.041526794433594,14636800
2020-10-28,35.01123322697066,35.159743083618025,33.73033350041571,33.89740753173828,38818900
2020-10-29,33.47043785463378,34.60282403892212,33.42402565350609,34.29652404785156,22332000
2020-10-30,34.64923871740699,34.87200171943021,33.869561128817544,34.79774856567383,27645700
2020-11-02,35.35466620750427,35.911577357217716,34.96482557010107,35.85588836669922,27180400
2020-11-03,36.2921364023093,36.784078274060114,36.050809166562736,36.542747497558594,20418900
2020-11-04,36.589149872922114,36.69125106534269,35.642401730441605,35.707374572753906,24981300
2020-11-05,37.016123756176505,38.52906704701777,37.00683989703365,38.25989532470703,51803600
2020-11-06,38.6497246794822,38.80751838647214,38.04640496411954,38.44552230834961,21921500
2020-11-09,36.579874717072464,36.58915503553178,35.29897478364107,36.08793640136719,43551200
2020-11-10,36.22716150620482,36.25500954238789,34.825599764488906,34.862728118896484,33309900
2020-11-11,34.407913398820824,34.58426776481804,34.09232947915159,34.48217010498047,22360800
2020-11-12,34.80702888211059,35.3453792950492,34.70492769753575,34.79774856567383,21186100
2020-11-13,35.586706692843606,35.5959870093383,35.11333265502374,35.28040313720703,19264300
2020-11-16,35.141183617747316,35.49389590232997,34.76062683779793,35.048362731933594,17150200
2020-11-17,34.723492120905696,34.94625866528521,34.2872428894043,34.2872428894043,20716700
2020-11-18,34.28724588555145,34.315093919003665,33.247676849365234,33.247676849365234,26893300
2020-11-19,32.82998587301415,33.256954748822636,32.672195721658454,32.969215393066406,25927700
2020-11-20,33.37762273206013,33.74889916039573,33.09916718118564,33.32193374633789,25251000
2020-11-23,32.97850047865709,33.01562882814169,31.873958637147346,31.89252281188965,33864200
2020-11-24,30.982902348493912,31.465560313998097,30.862236971929214,31.02002716064453,41128100
2020-11-25,31.326329523940586,31.781142977183098,31.25207282106243,31.595504760742188,31203600
2020-11-27,31.131410104617878,31.827550740906716,31.094281754234757,31.77185821533203,11745600
2020-11-30,31.530532363730092,32.189544677734375,31.242792947124006,32.189544677734375,24406700
2020-12-01,33.22911464061701,33.479725711992685,32.5608219910365,33.37762451171875,31692100
2020-12-02,33.386905670166016,33.50756749640883,32.9692205849869,33.386905670166016,23736900
2020-12-03,33.544693309649176,33.544693309649176,32.70932674321748,32.95993423461914,21132500
2020-12-04,32.9506616300997,33.238401076752616,32.54226033808854,32.77430725097656,15779200
2020-12-07,32.76501945853361,34.26868228213734,32.70933047220851,33.87884521484375,26606200
2020-12-08,34.02735581235166,34.1108928343926,33.6282348782399,33.73961639404297,15029700
2020-12-09,33.3590562171242,33.563258592463676,32.49584159142174,32.85783767700195,26711300
2020-12-10,32.97849937058744,33.442593101288665,32.61650682716116,32.709327697753906,17178600
2020-12-11,32.8207090736431,33.01562758999603,32.440152357583216,32.56081771850586,13294100
2020-12-14,32.41230453351299,32.81142542617258,31.79970094908847,31.82754898071289,27931000
2020-12-15,32.49584232549692,33.01562859230557,32.35661632705561,32.82999038696289,24406300
2020-12-16,33.04347550409076,33.45188029390884,32.59794590308837,33.442596435546875,21498600
2020-12-17,34.22227711934683,34.93698202336092,34.12017591295127,34.612117767333984,41042600
2020-12-18,34.59355024349951,34.59355024349951,33.92525407774011,33.953102111816406,21979800
2020-12-21,33.915775299072266,34.344973527960114,33.75716127042773,33.915775299072266,18383700
2020-12-22,33.943768548896685,33.95309732025557,32.68417086097102,32.926761627197266,34660000
2020-12-23,33.15068576040324,33.62653493395183,33.15068576040324,33.51456832885742,25420100
2020-12-24,33.35595824923282,33.78515294171829,33.234662859011635,33.61720657348633,14138500
2020-12-28,34.15836541637391,34.4382748234568,33.29064376294812,33.29997253417969,17137400
2020-12-29,33.49591536438651,33.85979798256438,33.20667360056335,33.34663009643555,19650400
2020-12-30,33.393280766488274,34.111717224121094,33.37461966326179,34.111717224121094,18311400
2020-12-31,34.111718770908865,34.2236818361032,33.402611053114214,33.607879638671875,18772700
2021-01-04,35.166038303959844,36.17371639212782,34.82081683712054,35.93112564086914,54565100
2021-01-05,36.388315572367084,36.39764434362719,35.51126514502662,35.92179870605469,28068400
2021-01-06,35.57658021583036,35.94046283270117,34.96077804283941,35.88447952270508,31826300
2021-01-07,35.75385180302957,36.07108340964351,35.28733494384678,35.80050277709961,18728600
2021-01-08,34.94211201827859,35.00742409112142,33.40260502300381,34.07439041137695,49003500
2021-01-11,33.38394546508789,33.85046232651949,33.34662682119667,33.38394546508789,26242200
2021-01-12,33.486580836307155,33.63586609446483,32.92676200802621,33.62653732299805,20901200
2021-01-13,33.58921917726697,33.86912862522918,33.234665311585914,33.253326416015625,15130300
2021-01-14,33.25332404250635,33.72917327339517,33.085377673868116,33.22533416748047,17274600
2021-01-15,32.9734134166988,33.11336990522695,32.171003808852234,32.19899368286133,26520200
2021-01-19,32.77747617124369,32.824127146236684,32.25497599729494,32.53488540649414,26382600
2021-01-20,33.11336947053363,33.88778563496365,33.02939629036735,33.62653732299805,30193200
2021-01-21,33.58921851795749,33.626540726084336,33.038728405432416,33.31863784790039,19605500
2021-01-22,32.516227097787116,33.16002270941258,32.16167680999157,32.87078094482422,27744200
2021-01-25,33.113370932517526,33.34662938114003,32.478907667524986,32.833457946777344,15905600
2021-01-26,32.75881536837318,33.15068783298025,32.66550985829439,32.74015426635742,13110800
2021-01-27,32.32962087317942,32.348278416054,31.377926020717727,31.480560302734375,31884800
2021-01-28,32.301627574588856,33.020063992448996,31.80712082380825,32.26430892944336,35106700
2021-01-29,33.10403757439636,33.29064503935345,32.07770185599437,32.19899368286133,21743700
2021-02-01,33.61720214698544,33.850460565566785,32.73082300376916,33.29064178466797,33084900
2021-02-02,32.54421504276161,32.6375169850233,32.14301028440264,32.3016242980957,22560800
2021-02-03,32.37627053978676,32.609528967941934,32.13367978133033,32.29229736328125,16858300
2021-02-04,31.433905590347468,31.69515745925335,31.004710921829545,31.573862075805664,26075900
2021-02-05,31.825780506970897,32.366938209485504,31.629844281538425,32.29229736328125,20322700
2021-02-08,32.90810499161833,33.11337358178613,32.56288345662483,32.861454010009766,18754700
2021-02-09,33.05738947364015,33.104040454127265,32.600201322686395,32.82413101196289,18531700
2021-02-10,33.122699449853165,33.21600140488857,32.65618255619326,32.91743087768555,11694000
2021-02-11,32.964086552077745,33.234663654714964,32.33895204219373,32.47890853881836,19890700
2021-02-12,32.18966416623745,32.76814409089822,31.8910936529131,32.45091247558594,15849300
2021-02-16,31.956406537287744,32.48823550003031,31.797792505246548,31.80712127685547,22539100
2021-02-17,31.303283521900536,31.34060572840911,30.743464661237997,30.995384216308594,27632700
2021-02-18,30.948727505303804,31.200647042684377,30.36091881065706,30.59417724609375,20776400
2021-02-19,30.874089638029194,30.98605270126261,30.38891161836224,30.547529220581055,17823000
2021-02-22,31.02337112645415,32.049706792655414,30.855424772458864,31.919082641601562,27938300
2021-02-23,31.536540073986252,31.601852151821163,30.61283865361179,31.200647354125977,25669700
2021-02-24,30.668817603015622,31.63917353309561,30.463552603405734,31.4432373046875,18766000
2021-02-25,30.79944539135586,31.37792893291325,30.0436902613483,30.16498565673828,36436000
2021-02-26,29.82908806943152,30.00636497857666,28.830742250955257,29.045339584350586,39888800
2021-03-01,29.40922357758104,29.595829255687306,28.662795526294154,28.83074188232422,25851400
2021-03-02,28.961368129604917,30.05301589643338,28.89605427295564,29.81975746154785,27817700
2021-03-03,29.334581624157558,29.48386688191953,28.588153555727057,29.250608444213867,34117000
2021-03-04,29.194629215828652,29.94105556340151,28.737441075866887,29.269271850585938,37821800
2021-03-05,29.29725968200798,29.74511545930053,28.83074280242307,29.651813507080078,27006800
2021-03-08,29.43721287899844,29.670471306818147,29.10132195308006,29.287927627563477,16400600
2021-03-09,30.295607182760573,30.687479651669904,29.950382130540852,30.13698959350586,26861900
2021-03-10,30.21163454569108,30.44489298878175,29.931725125830553,30.258285522460938,14539000
2021-03-11,30.482211461238307,30.864758722602406,30.342258531724934,30.83676528930664,21841600
2021-03-12,30.062349817259292,30.911410422787057,29.93172565629217,30.86475944519043,19710900
2021-03-15,31.004712513508714,31.461900638133567,30.920739329771145,31.368595123291016,21446200
2021-03-16,31.424581983100808,31.471232966172803,31.098021542354957,31.24730682373047,16996000
2021-03-17,31.03269989756892,32.17100217259449,30.79011269693194,31.919082641601562,24753100
2021-03-18,31.265960836584938,31.84444435088438,31.219309858784392,31.368595123291016,18849800
2021-03-19,31.48056478378442,31.648507608250224,31.219312876216026,31.62051773071289,17791400
2021-03-22,31.31261891187964,31.685830335697485,31.24730682373047,31.24730682373047,14935300
2021-03-23,30.958060816179007,31.032701667076783,30.35158744114322,30.454221725463867,17838700
2021-03-24,30.46355354350495,30.575516597587427,30.118328491285226,30.13698959350586,14319300
2021-03-25,30.136988656813475,30.34225721561913,29.773106072924328,30.081008911132812,16091700
2021-03-26,29.997035831287512,30.603505620002007,29.997035831287512,30.575515747070312,15938700
2021-03-29,30.32359974144572,30.72480457661033,29.94105601015407,30.65949249267578,13768300
2021-03-30,29.847750610731126,30.08101083693113,29.53051898101364,29.69846534729004,25441900
2021-03-31,29.76377821909275,30.59417952113973,29.735788343716166,30.323598861694336,29139800
2021-04-01,30.743461931588662,31.36859281851635,30.640827652423532,31.349931716918945,27485600
2021-04-05,31.340603095970664,31.74180788413504,31.13533453665646,31.452566146850586,18197300
2021-04-06,31.797792077237393,32.27363772619729,31.704486566197296,31.98439598083496,21175700
2021-04-07,31.853769318270622,32.02171566568697,31.5831886964064,31.657833099365234,18181900
2021-04-08,32.226987406998,32.51622559901292,32.133681894056586,32.40426254272461,19841100
2021-04-09,31.82578259945338,32.46024585048946,31.704487212250232,32.40426254272461,11232300
2021-04-12,32.10568931531653,32.133679187220494,31.564531622807223,31.685823440551758,15536200
2021-04-13,32.087029843348674,32.469573535502406,32.00305666413242,32.24564743041992,22275900
2021-04-14,32.22698515755672,32.42292138219528,31.91908232520372,31.99372673034668,14033700
2021-04-15,32.46957718884391,33.55189630983065,32.40426510424277,33.31863784790039,31132500
2021-04-16,33.67318988264414,33.71051208874935,33.327968374274654,33.61720657348633,18939300
2021-04-19,33.439927186686,33.68251437707983,33.20666876701303,33.39327621459961,12133700
2021-04-20,33.30930858351812,33.89712089548818,33.29997625200341,33.77582550048828,22560000
2021-04-21,33.794484838403456,34.372964788631336,33.710511655367036,34.3636360168457,18613600
2021-04-22,34.17702607152661,34.20501594409682,33.5518916299429,33.75716018676758,18554100
2021-04-23,34.05572853574343,34.16769157817758,33.54256073540918,33.64519500732422,10513900
2021-04-26,33.70118080681846,33.7571641177192,33.41194259860196,33.570556640625,9254200
2021-04-27,33.61720662253618,33.645200056776666,32.88944139863015,32.936092376708984,16330800
2021-04-28,32.54422080923167,33.32796936452051,32.38560320819241,33.0760498046875,20209800
2021-04-29,32.684172761865206,32.76814594594409,32.07770292951016,32.441585540771484,23574800
2021-04-30,32.25497246393436,32.50689197238957,32.012385285000185,32.05903625488281,20959000
2021-05-03,32.63751750079202,33.48657800205845,32.57220542832852,33.29064178466797,31858500
2021-05-04,33.27198736884566,33.897121907046596,32.63752405809324,32.94542694091797,19222300
2021-05-05,33.10403877696586,33.29997502062997,32.78680714278714,33.22533416748047,19052300
2021-05-06,33.505243467467324,34.59689485944552,33.47725359254837,34.29832077026367,33315100
2021-05-07,34.86747255640649,35.06341236194193,34.53157981462178,34.91412353515625,28018400
2021-05-10,35.4366270826132,35.660556784602036,34.82082485119623,34.876808166503906,24645400
2021-05-11,34.17702980343058,35.14738227064605,34.05573441031306,35.11939239501953,19510800
2021-05-12,35.03541645416497,35.23135268662782,34.27966139773928,34.391624450683594,23166300
2021-05-13,34.260999653776665,34.69019431472263,33.990419018259814,34.45693588256836,14635100
2021-05-14,34.820817981934454,35.408630219358116,34.746177135490825,35.30599594116211,19785900
2021-05-17,35.70720385987504,37.228049946491616,35.57657969769474,37.02278137207031,44330800
2021-05-18,37.11608437725458,37.218718667366296,36.41630900930187,36.976131439208984,22379000
2021-05-19,36.65889855427996,37.44264708219434,36.01510295966798,36.42564010620117,34676400
2021-05-20,36.4722899726721,37.13474309081322,36.31367238200598,36.86416244506836,17187800
2021-05-21,37.0787671634592,37.09742470852699,36.30434735120244,36.65890121459961,15441300
2021-05-24,36.74286928901374,37.004117594492286,36.54692950066361,36.789520263671875,11962100
2021-05-25,36.724207941130004,37.03210721920276,36.26701985036598,36.87349319458008,18295900
2021-05-26,37.02278492100225,37.32135548010373,36.58425785515365,36.8175163269043,17944700
2021-05-27,36.63090619764546,36.761533922174536,36.40698007407874,36.58425521850586,15494100
2021-05-28,36.37898826746191,36.79885061667378,36.17371969905334,36.780189514160156,12656400
2021-06-01,36.985457689244015,37.20938735778481,36.54693068294068,36.84550476074219,14270600
2021-06-02,36.92948071573483,37.1254169659012,36.70555103037212,36.89215850830078,11231600
2021-06-03,36.03376130248874,36.04309363287227,35.47394249367756,35.613895416259766,32174200
2021-06-04,35.97778532094143,36.35099671277838,35.88447980355102,36.08974838256836,16937400
2021-06-07,35.96845062278249,36.1177358815423,35.65121900301272,36.0617561340332,13293100
2021-06-08,35.85649067400467,36.00577594569388,35.50193681902719,35.548587799072266,17455800
2021-06-09,35.59523678148291,35.903136049106635,35.445951533099056,35.45528030395508,14511100
2021-06-10,35.52060016426863,36.378993200078,35.42729819829107,36.341670989990234,22342300
2021-06-11,36.108409717962196,36.27635609110205,35.623231702140565,35.71653366088867,18857300
2021-06-14,35.05407787954365,35.71653099116659,34.89546384967956,35.483272552490234,15826400
2021-06-15,35.511265646950015,35.57657772441758,34.904792288475385,35.07273864746094,17405700
2021-06-16,35.016755605882906,35.38063820001974,34.27032931544307,34.30765151977539,29702900
2021-06-17,33.19734327836998,33.62653795878301,32.46024574511191,32.59086990356445,69043900
2021-06-18,32.506897412117254,32.74948463164615,31.816450840895644,31.844444274902344,34367700
2021-06-21,32.33895125364825,32.60953190892924,31.94707876744112,32.441585540771484,25070600
2021-06-22,32.282967658485035,32.478907459094025,32.1056925199965,32.2363166809082,17989800
2021-06-23,32.66551133678822,32.82412893148081,32.03105163574219,32.03105163574219,22658200
2021-06-24,32.32028971969072,32.404262902650025,31.993729318872013,32.13368225097656,17146600
2021-06-25,32.572204042073416,32.60952624167586,31.928412115515115,32.05903625488281,14417300
2021-06-28,32.02171846878645,32.13368152378463,31.461899634554218,31.704486846923828,19354800
2021-06-29,31.154000064300856,31.695161412377256,31.070026874400785,31.387258529663086,15484500
2021-06-30,31.387255225061203,31.91908418535423,31.25663106768977,31.704486846923828,15159300
2021-07-01,32.161672618365536,32.208323591285826,31.499215989629516,31.685823440551758,12172200
2021-07-02,32.08703087772583,32.27363834413767,31.769799252598123,32.115020751953125,14496600
2021-07-06,32.67484129224072,32.702831164875604,31.881760494920968,32.20832443237305,19947100
2021-07-07,32.41359378885242,32.46024476414116,31.993727892771183,32.24564743041992,14493700
2021-07-08,32.30162817701172,32.36694025628604,31.153997065024,31.424577713012695,27118300
2021-07-09,31.536541836012166,32.18033743812861,31.499219629666563,32.0683708190918,18204500
2021-07-12,31.909759515818617,32.24565228323384,31.564537975638224,31.62051773071289,20292400
2021-07-13,31.723147668405314,32.58153701452633,31.648503259573236,31.98439598083496,21065700
2021-07-14,32.7401536734955,32.805465749747334,32.264308038054814,32.41359329223633,15714200
2021-07-15,32.506897511854,32.68417265131359,32.31096126941318,32.62819290161133,14196100
2021-07-16,32.50689914870395,32.50689914870395,31.564536535769196,31.64850616455078,28735000
2021-07-19,31.275289065459628,31.452564181545956,30.668815755876356,30.96738624572754,29921500
2021-07-20,31.15400149882042,31.54587758947902,30.836769828950843,31.07002830505371,17990800
2021-07-21,30.81810504306507,31.471229409997093,30.762125293401,31.368595123291016,15417900
2021-07-22,31.433907243693707,31.433907243693707,30.836766184914307,31.172658920288086,15667800
2021-07-23,30.97672376391899,31.088686826555698,30.715471872111223,30.930072784423828,12587700
2021-07-26,30.846100148714907,31.499220991798644,30.799445609144655,31.256633758544922,13565000
2021-07-27,31.396587838821237,31.471228689745587,31.06069511155822,31.424577713012695,14112900
2021-07-28,31.26595980685892,31.900423049926758,31.144667980420465,31.900423049926758,16424400
2021-07-29,32.42292603707664,33.00140602302099,32.37627505678529,32.72149658203125,29054900
2021-07-30,32.46957609269367,32.91743189737147,32.376274134768046,32.581539154052734,12405300
2021-08-02,32.58153663026018,32.64685226683858,32.34827819427296,32.45091247558594,11315800
2021-08-03,32.460244854603616,32.77747647038893,32.32028836910607,32.74015426635742,11237300
2021-08-04,33.21599986088474,33.42126842351071,32.43225137359801,32.45091247558594,16927200
2021-08-05,32.441585619847515,32.50689770104123,31.891095536042258,31.965736389160156,14194100
2021-08-06,31.14466988053741,31.247304170124945,30.668820639584595,31.01404571533203,34008700
2021-08-09,30.60350702164754,30.86475889819323,30.2209633173485,30.258285522460938,29020200
2021-08-10,30.155651379794644,30.295607870003582,29.782438225019106,29.875741958618164,23545600
2021-08-11,30.258285881407144,30.696812898576976,30.220963675851962,30.472883224487305,22827000
2021-08-12,30.295608487753334,30.295608487753334,29.763777729280484,30.006366729736328,17913100
2021-08-13,30.398241479014683,30.752791743642085,30.30493596786959,30.622167587280273,16207000
2021-08-16,30.659490294105154,30.73413114500293,30.276946590245448,30.454221725463867,12143000
2021-08-17,30.35158798230682,30.47288337132493,29.866409985475826,30.09033966064453,20321200
2021-08-18,30.164983504431444,30.164983504431444,29.15730532399821,29.38123321533203,32163200
2021-08-19,29.325253416278123,29.343914519894614,28.821414296357602,28.88672637939453,24668400
2021-08-20,28.78409194946289,29.054670815377037,28.63480668972667,28.78409194946289,18101500
2021-08-23,29.511859275648103,30.18364299294385,29.250610942065716,29.969045639038086,34967700
2021-08-24,30.192971409557828,30.20230018058693,29.84774815400224,29.959712982177734,12994500
2021-08-25,29.810429369183215,29.829088691887364,29.306590284137098,29.558509826660156,20259400
2021-08-26,29.353241363429948,29.73578684394974,29.269269961914652,29.371902465820312,18155600
2021-08-27,29.32525126631318,30.538194438526197,29.194627109815965,30.426231384277344,43782900
2021-08-30,30.42623078747961,30.510203966329485,29.95038158758324,30.01569366455078,17423200
2021-08-31,30.099667111078674,30.444892160110065,30.034355033530307,30.416898727416992,23492700
2021-09-01,30.5848469758955,30.6315015135188,30.19297448639859,30.21163558959961,17135600
2021-09-02,30.239625676323058,30.332927633739352,30.02502832687236,30.323598861694336,14716700
2021-09-03,30.78078590074998,31.27529266410805,30.66881928474176,31.051362991333008,27203900
2021-09-07,30.687478591188917,30.846096174962216,30.06234770498659,30.183639526367188,23521600
2021-09-08,30.155650547792636,30.30493580558403,29.735786427612073,30.03435516357422,18090100
2021-09-09,30.267613229419112,30.31426776378922,29.614490679512016,29.81975746154785,20938800
2021-09-10,29.810429876189797,29.969043909786418,29.39056396484375,29.39056396484375,16890300
2021-09-13,29.558508202344683,30.23962238318562,29.483865576767876,29.959712982177734,24638000
2021-09-14,30.118328023664155,30.435559638006893,29.847749164148663,30.108999252319336,17580100
2021-09-15,29.875740493198048,30.33292502820484,29.82908773887651,30.099666595458984,13130900
2021-09-16,29.418554533594673,29.446544406904767,28.541502317592194,28.849403381347656,54399900
2021-09-17,28.634807442864116,28.672127868969415,28.317575812675823,28.53217315673828,26397400
2021-09-20,28.30824485049521,28.532172742740006,28.056325304362055,28.410879135131836,26368700
2021-09-21,28.681458275320825,28.970698249751536,28.373557198121503,28.42953872680664,23278500
2021-09-22,28.64413844768414,29.147975775615272,28.420208769025027,28.457530975341797,26826400
2021-09-23,28.261594998880888,28.298915425930602,27.879049498991563,27.88838005065918,28658400
2021-09-24,27.68311329597409,27.991014383002284,27.56181968334755,27.69244384765625,14285400
2021-09-27,27.832398563647107,28.21494228451181,27.645791089245453,27.69244384765625,16001600
2021-09-28,27.2819066726363,27.533826212579438,27.02998713269316,27.403202056884766,35629500
2021-09-29,27.328558556231574,27.44985215699031,26.899362118950194,26.9740047454834,34065800
2021-09-30,27.319230594749246,27.94436331857197,27.160614775880177,27.496505737304688,29802700
2021-10-01,27.692445078441665,27.701775630538517,27.16994661836376,27.365882873535156,20670200
2021-10-04,27.272575846104115,27.897708524304086,27.272575846104115,27.6831111907959,25250600
2021-10-05,27.561817735047114,27.851057698265084,27.216594465693557,27.78574562072754,21309600
2021-10-06,27.58047772442443,28.308244705200195,27.515165645307505,28.308244705200195,28606900
2021-10-07,28.0749873138814,28.63480795238804,28.037665107491275,28.364227294921875,18266900
2021-10-08,29.045340771986496,29.259939893777208,28.532172905124185,28.616146087646484,28715200
2021-10-11,28.653466766106405,29.008020602020718,28.466861076338464,28.53217315673828,17432600
2021-10-12,28.737440603798426,29.166637081318022,28.504182151561032,29.054672241210938,25183500
2021-10-13,29.325250552598664,30.15565000661338,29.287928349010283,29.99703598022461,36491500
2021-10-14,30.416899485908473,30.724802338521318,30.239624350891045,30.650157928466797,25068100
2021-10-15,29.997038842685633,30.538196609392102,29.745117503665746,30.342260360717773,19730700
2021-10-18,30.230297601422222,30.351589437012223,29.931727059714877,30.06235122680664,15584500
2021-10-19,30.65949160317944,30.687481478556023,30.136991387620217,30.323598861694336,13999700
2021-10-20,30.65016016111848,30.939401932286952,30.4169017015689,30.65949249267578,15369500
2021-10-21,30.538196563720703,30.575518770814732,30.32359921179239,30.538196563720703,13482600
2021-10-22,31.07002471329848,31.67649810475319,30.622168918063,30.780786514282227,29547100
2021-10-25,31.20064768020307,31.45256722273108,31.032701318517727,31.209980010986328,16885100
2021-10-26,30.9580605714118,31.144668036042905,30.808775311555188,31.023372650146484,14855600
2021-10-27,31.004712519213506,31.1633301148543,30.743464196089214,30.8834171295166,14192900
2021-10-28,30.948727606429813,30.948727606429813,30.323596705852662,30.407569885253906,16147300
2021-10-29,29.913062196425923,30.07167621960485,29.577169489410352,29.586498260498047,19838500
2021-11-01,29.642482509047596,29.866408614697324,29.31592034233724,29.726455688476562,13055100
2021-11-02,29.521190634746702,29.539851738975948,29.166638552495247,29.41855812072754,13406500
2021-11-03,29.008019277637906,29.84774929230694,28.88672389418689,29.726455688476562,19631400
2021-11-04,30.127662272381826,30.500873657037168,29.567841636157326,29.623823165893555,20728600
2021-11-05,29.95971697847757,30.55685806274414,29.707797416194808,30.55685806274414,23291800
2021-11-08,30.87408872485373,30.920739703217706,30.47288390428884,30.696813583374023,16769000
2021-11-09,30.818105332656085,31.088685989379883,30.38891063807168,31.088685989379883,15970100
2021-11-10,31.85377467814199,32.189667429493625,31.43390873895244,31.639177322387695,41093000
2021-11-11,32.39492757851326,32.4975618435088,32.01238394668306,32.37626647949219,25332800
2021-11-12,32.14301501054468,32.66551165882085,31.92841766439676,32.441585540771484,16472200
2021-11-15,32.46024718090513,32.66551219930646,32.16167664573816,32.56288146972656,12670000
2021-11-16,32.54421676093202,32.73082421454827,31.97506562906094,31.99372673034668,17878700
2021-11-17,32.3669392543224,32.628191122573654,32.115019716673665,32.24564743041992,15595600
2021-11-18,32.19899661972434,32.35761422513982,31.825785215010978,31.947080612182617,16487300
2021-11-19,31.87243316557013,32.11502037760887,31.405916284599115,31.415245056152344,22133100
2021-11-22,30.808774551023266,31.237969217610953,30.370247553851655,30.79011344909668,29994000
2021-11-23,30.3422599650259,30.612840624471293,29.997038451495776,30.323598861694336,20537700
2021-11-24,30.062348960531992,30.435560329910523,30.0156944250235,30.248952865600586,13253000
2021-11-26,30.60350892851669,30.60350892851669,29.52118982750759,29.969045639038086,21061800
2021-11-29,29.885070874878714,30.006366263030426,29.549179923766317,29.978376388549805,15302700
2021-11-30,30.2302974382136,30.818106186953038,29.521189736055813,29.670475006103516,30280600
2021-12-01,30.043689463483982,30.30493779193222,28.756101806111968,28.765432357788086,30323900
2021-12-02,28.812082234600414,28.812082234600414,28.07498647658574,28.420207977294922,27617300
2021-12-03,28.448200116344108,28.67212801296265,28.03766474939975,28.634807586669922,21055600
2021-12-06,28.513512440020197,29.138645157431153,28.429539255620163,29.036012649536133,16423300
2021-12-07,29.064002680740394,29.474538053388375,29.01735170232118,29.24127960205078,12973000
2021-12-08,29.15730532399821,29.409224869106517,28.99868951185083,29.38123321533203,9604700
2021-12-09,29.091993730124614,29.101324281538428,28.485522125192425,28.625476837158203,19843700
2021-12-10,28.8680661458687,28.877396697382974,28.270923306300357,28.448200225830078,13045500
2021-12-13,28.485522828141654,28.802754465556927,28.326907009434017,28.466861724853516,23841300
2021-12-14,27.99101462076766,28.50418251030009,27.99101462076766,28.09364891052246,16925600
2021-12-15,27.99101285604322,27.99101285604322,26.964675362064167,27.711103439331055,34443000
2021-12-16,28.112305151279422,29.14797314814224,28.1029763801619,29.101322174072266,38341100
2021-12-17,29.25060814639884,29.642482388939307,28.989358058164985,29.045339584350586,25227600
2021-12-20,29.012114876672868,29.08806275027384,28.622881798125373,29.04059600830078,18245700
2021-12-21,29.315905916720777,29.353880758302772,28.850724971781975,29.25894546508789,15176000
2021-12-22,29.344386840877423,29.600711587527154,28.936166350451575,29.581724166870117,19852100
2021-12-23,29.534256973046315,29.80007361520805,29.26843852014451,29.714632034301758,15213500
2021-12-27,29.657669083036918,29.88551267599391,29.467800327609385,29.74311065673828,11629800
2021-12-28,29.743113850577316,30.05639905087648,29.496282812350685,29.515270233154297,15665100
2021-12-29,29.27793328025268,29.94247853096817,29.27793328025268,29.63868522644043,13900900
2021-12-30,29.638683614902394,30.21778725016012,29.638683614902394,30.170320510864258,14496700
2021-12-31,30.388668296116688,30.455126076246636,30.113357951604193,30.407655715942383,12553700
2022-01-03,29.828553292644443,29.932982288829287,29.6291890099952,29.667163848876953,18828900
2022-01-04,29.847541101228373,30.25576157082957,29.72412468399359,29.790578842163086,15468300
2022-01-05,30.103865153979637,30.40765663743698,29.230465544409814,29.287425994873047,26211100
2022-01-06,28.64186903181135,28.841231519681948,28.233648534849504,28.252635955810547,28579300
2022-01-07,28.44250642036756,28.64187073080428,28.119729298583763,28.489974975585938,19982900
2022-01-10,28.35706432193724,28.993128423891175,28.148206317548134,28.96464729309082,24142700
2022-01-11,29.069076253252053,29.581723931736583,28.85072453891189,29.56273651123047,20294700
2022-01-12,29.686152292134334,30.103864669799805,29.496281712657268,30.103864669799805,19838600
2022-01-13,29.961462451384566,30.132345609686958,29.64817726474353,29.657670974731445,15356900
2022-01-14,29.71463139297988,29.733618812935937,29.17350259941243,29.40134620666504,15586500
2022-01-18,29.325397311870894,29.57222833044619,28.936164270085992,29.050086975097656,16739600
2022-01-19,29.448815082875097,31.2715639610937,29.372867212949323,31.12916374206543,52590000
2022-01-20,31.432952222222532,31.50889827416097,30.692461013793945,30.692461013793945,26417600
2022-01-21,30.929800519354917,30.948784317585126,29.885514164172587,30.046903610229492,30274200
2022-01-24,29.980449289193867,29.98994299899743,28.888698012144054,29.85703468322754,32161600
2022-01-25,29.534257006255906,30.20829413334116,29.277932263248807,30.056398391723633,26669500
2022-01-26,29.790579461337476,30.27474780901545,28.841230186064593,29.078567504882812,38945900
2022-01-27,28.357064112859412,29.05958237076106,28.138712399813436,28.176687240600586,32087700
2022-01-28,27.844414357854458,27.891881097640066,27.40771455745869,27.815933227539062,25046400
2022-01-31,28.062765530905278,28.70832336141465,28.015298788966703,28.698829650878906,22555400
2022-02-01,29.002618650079928,29.164008093823565,28.508958419869955,28.983633041381836,16090400
2022-02-02,29.059581895539786,29.467802373625535,28.717815577004735,29.078567504882812,15417300
2022-02-03,28.90768597734474,29.10704845476228,28.423517632664975,28.717815399169922,17862600
2022-02-04,28.53743725868444,29.173501313250213,28.451995683389043,28.86021614074707,20375700
2022-02-07,29.088061648148997,29.857035876305623,28.879205456344767,29.714632034301758,24160500
2022-02-08,29.667164269725014,30.046903610229492,29.57222898191389,30.046903610229492,14835300
2022-02-09,30.15133391103999,30.360190104659242,29.932984007155305,29.989944458007812,19078700
2022-02-10,29.828555024982364,30.265254833044636,29.002620338736648,29.135530471801758,29800100
2022-02-11,29.21147953725922,31.119670111386366,29.173504694619794,30.787399291992188,42381000
2022-02-14,30.89182763993737,31.48042320237911,30.872840219022446,31.413969039916992,29274700
2022-02-15,30.588035605975644,30.967773153101216,30.198800727080737,30.8443603515625,25748600
2022-02-16,31.02473113795781,31.964584787400337,31.01523561823756,31.831676483154297,28483300
2022-02-17,32.30635578646407,33.33165477722725,32.069018459507426,33.018367767333984,45115400
2022-02-18,33.06583905109184,33.08482285087466,32.477239856375824,32.7525520324707,23469300
2022-02-22,32.96140879667805,33.189250600246886,32.1829426617709,32.38230514526367,23123900
2022-02-23,32.33483471709709,33.24620907039731,32.28736436041039,32.98039245605469,24488400
2022-02-24,34.224040982762546,34.24302840303062,31.736746871326396,32.344329833984375,51288800
2022-02-25,31.97408376625541,32.73356245945433,31.76522576757068,32.64812088012695,22922200
2022-02-28,33.30317903928707,33.33165836271173,32.37281343063509,32.638633728027344,25871800
2022-03-01,32.98988482933432,34.043663024902344,32.93292257337828,34.043663024902344,39068400
2022-03-02,33.52152874248886,34.00569534483932,33.17976237778003,33.92025375366211,26242100
2022-03-03,33.825314826872045,34.195560455322266,33.55000267492907,34.195560455322266,23492400
2022-03-04,34.44239101524464,35.69553178588554,34.35694943445184,35.50566482543945,40778000
2022-03-07,35.78097208050029,36.597413018399294,35.31579297405644,36.41703796386719,46921200
2022-03-08,36.863234514759306,38.220800662016956,35.970843868146154,36.61640167236328,80295600
2022-03-09,34.97403077108483,36.36957549729167,34.65125184194448,36.198692321777344,39938300
2022-03-10,36.46450385086709,37.328411507000105,36.42652901243752,36.939178466796875,29088600
2022-03-11,35.88540318229658,36.59741516457024,35.70502811718679,36.3505859375,28285200
2022-03-14,35.4866768651733,35.648064503393016,34.423403071156066,34.869598388671875,38456800
2022-03-15,33.93923745755504,35.429715568070506,33.86328777528359,35.03099060058594,26134300
2022-03-16,34.84111817399605,35.23035122135421,34.20505229378834,35.135414123535156,28941600
2022-03-17,35.51515416571321,36.42652854751098,35.496166746740776,35.79046630859375,26488200
2022-03-18,35.35376906705995,35.96135203174529,35.09744432480579,35.334781646728516,30921100
2022-03-21,35.553129075904856,36.61639919016291,35.553129075904856,36.217674255371094,24683500
2022-03-22,36.27463913039209,36.27463913039209,35.36326458998013,35.84743118286133,17183900
2022-03-23,36.10375101743476,36.806271059754444,35.932867861775385,36.75880432128906,20446300
2022-03-24,37.100572781455064,37.375881329092024,36.50248170200609,36.606910705566406,21581000
2022-03-25,36.35058385182276,36.78728364007229,36.18919259526445,36.75880432128906,10075600
2022-03-28,36.19868676280148,36.23665797926648,35.676545416238994,35.79046630859375,21267700
2022-03-29,35.03098935534334,36.3126094155349,34.80314393810836,36.28413009643555,18139800
2022-03-30,36.32210302182885,36.8917147809472,36.312611122176314,36.692352294921875,14993000
2022-03-31,36.76829692024057,37.129050658108106,36.38855938380956,36.40754318237305,17229800
2022-04-01,36.1891959222109,37.527778350281324,36.1417291793818,37.48980712890625,23745700
2022-04-04,37.70815608119771,37.78410214349087,36.70184450008155,37.15753173828125,18744400
2022-04-05,37.38537366650063,37.8600482811843,36.17020419030408,36.341087341308594,26451000
2022-04-06,36.31261276486818,36.69235395479229,35.88540483157365,36.246158599853516,19222700
2022-04-07,36.36007482897055,37.03411191393598,36.236658414905925,36.76829528808594,17500500
2022-04-08,36.95817001096376,37.79359844225788,36.92969068970293,37.66068649291992,21664600
2022-04-11,38.173331827267155,38.33472308020522,37.024620123364116,37.45182800292969,20697500
2022-04-12,37.97396632005637,38.47712021492363,37.45182500745152,37.784095764160156,22313700
2022-04-13,38.192320893630836,38.80939937089141,37.95498357491216,38.62902069091797,22805800
2022-04-14,38.467637779548404,38.87585830762661,38.12587141915917,38.7904167175293,21680800
2022-04-18,39.18913307469853,39.50242004307369,38.75243332012685,38.79990005493164,21406400
2022-04-19,38.19232098066159,38.534087299832095,37.41385486320883,37.68916702270508,23777100
2022-04-20,37.58473971929566,38.17333528361286,37.26196080567392,38.097389221191406,23025900
2022-04-21,37.584737075465064,37.594228974544954,35.80945498616466,36.16071319580078,42409900
2022-04-22,35.1733949264325,35.84743213857317,34.85061598207941,35.068965911865234,33747200
2022-04-25,33.67341432386814,34.33795580828862,33.113298200228385,33.86328125,38894700
2022-04-26,34.04366428667092,34.18606449961913,33.11330246711886,33.13228988647461,24442700
2022-04-27,33.17975828105174,33.58797876388617,32.904446118864776,32.942420959472656,15275400
2022-04-28,33.05634265555323,33.7113923751471,32.81900532826093,33.616458892822266,24486000
2022-04-29,33.95822272359426,34.26201419044521,33.20823595540852,33.21773147583008,20033700
2022-05-02,32.35382659236109,32.92343473626987,32.01206025742371,32.800018310546875,29034400
2022-05-03,32.92342934938845,33.67341605929153,32.92342934938845,33.33164978027344,19495900
2022-05-04,33.293679094667475,34.11012005820956,32.87596671350924,33.967716217041016,28204500
2022-05-05,34.27150603534152,34.33796019226787,32.40129049951716,32.8759651184082,35966800
2022-05-06,32.73356385281657,32.96140928121493,32.26838471782858,32.50572204589844,21303700
2022-05-09,31.67029223985513,31.869654717483122,30.559551710321905,30.59752655029297,34739700
2022-05-10,31.015238962281757,31.252576280162017,29.724125184316375,30.08487892150879,25276200
2022-05-11,30.57853868693576,31.176629732627823,30.00893058154905,30.046903610229492,27714300
2022-05-12,29.41084016264876,29.56273590208769,28.157699406907554,28.6513614654541,35862800
2022-05-13,28.59440076663299,29.562735644431573,28.59440076663299,29.31590461730957,27278800
2022-05-16,29.23046428696731,29.686151492550476,29.18299573800657,29.600709915161133,15573500
2022-05-17,29.97095616137248,30.056397740523675,29.429827367241607,29.657670974731445,16582400
2022-05-18,29.54375032208083,29.69564606167075,28.888698813386753,28.907686233520508,18448300
2022-05-19,29.65767211506326,30.720944134971823,29.648178404710315,30.521581649780273,30947600
2022-05-20,30.540563528170477,30.607021307201364,29.942476110212283,30.436138153076172,19963500
2022-05-23,30.986759844800105,31.167138525311,30.29373530665428,30.616514205932617,16314400
2022-05-24,30.644994036635403,31.28105994647767,30.388669292801666,31.081697463989258,17950400
2022-05-25,30.701953697086775,31.015237054246107,30.483603812647278,30.93929100036621,13881200
2022-05-26,30.749422073364258,31.13865512664178,30.521580278093534,30.749422073364258,12079100
2022-05-27,31.015239935857085,31.08169771871135,30.588035647446638,30.863344192504883,11892200
2022-05-31,30.730435287332952,31.25257666886767,29.95196916472189,30.122852325439453,21929000
2022-06-01,30.398166187828274,30.663982843161634,29.99943939408807,30.360191345214844,14071100
2022-06-02,30.777903850958964,31.82219029738808,30.758920051070003,31.660799026489258,21415300
2022-06-03,31.26207250969053,31.594343313664222,30.825372704045062,30.91081428527832,14528300
2022-06-06,31.176631135070284,31.281060137434128,30.35069644792188,30.588035583496094,12275800
2022-06-07,30.53107173234249,30.97726703867519,30.474109473614917,30.8823299407959,11530600
2022-06-08,30.739931334103076,31.03422729922258,30.502594009210483,30.673477172851562,9693300
2022-06-09,30.474111444115287,30.52158180686443,29.496282812350685,29.515270233154297,21702400
2022-06-10,29.088062676372754,31.138657069129362,28.822246024814756,30.920307159423828,35438100
2022-06-13,29.68615249414799,30.008931395011476,28.926671981811523,28.926671981811523,32964400
2022-06-14,29.031101482387015,29.031101482387015,27.910869020180584,28.195674896240234,22331600
2022-06-15,28.907685361673902,29.069074806463245,27.853907115652884,28.66085433959961,25359400
2022-06-16,28.385543435902708,29.420334307848044,27.958337341439634,29.201984405517578,28773200
2022-06-17,29.14502476605261,29.230466349470717,28.61338784461993,28.850725173950195,17456900
2022-06-21,28.812750484343386,29.382360404096573,28.66085474717454,28.95515251159668,15825200
2022-06-22,28.926674583284942,29.410842978123068,28.53744148736923,28.556428909301758,20321600
2022-06-23,28.423516707858987,28.7747749120916,27.189361611357977,27.44568634033203,30743900
2022-06-24,27.559612200315886,28.27162421069608,27.246326988178208,28.15770149230957,21579700
2022-06-27,27.96782982170948,28.081752535709523,27.588090459609507,27.977323532104492,17945700
2022-06-28,28.21466029297473,28.271622554200533,27.360246292728498,27.40771484375,18484000
2022-06-29,27.683023439935425,27.78745243481554,26.752661627836105,26.999492645263672,17375400
2022-06-30,26.800130406198818,26.961519860241314,25.945716395102103,25.993183135986328,24080100
2022-07-01,25.594453341269574,26.933037367561944,25.47103874306355,26.733673095703125,30977700
2022-07-05,26.277988359450397,26.515325679444366,25.11978107900621,25.59445571899414,29004400
2022-07-06,25.632431717775635,25.793821175094937,24.721057236965542,25.433069229125977,24663600
2022-07-07,25.641922625278532,26.211532518888713,25.509014314040797,25.784324645996094,17608500
2022-07-08,25.888756388610386,26.211535302240083,25.4615484703534,25.68939208984375,13882200
2022-07-11,25.338134296959133,25.793821543879318,25.233705290512365,25.300159454345703,19039300
2022-07-12,25.309651920906116,25.556482953539973,24.815989855638403,24.929912567138672,16844900
2022-07-13,24.740041356558432,25.993182097534834,24.71156203746171,25.471040725708008,30708300
2022-07-14,24.44574499882933,24.57865332424049,23.657785135374336,24.40777015686035,45394400
2022-07-15,24.569158385268533,24.569158385268533,23.86664014063015,24.293848037719727,19211500
2022-07-18,24.68308232891505,25.015354953183085,24.40777015686035,24.40777015686035,16172900
2022-07-19,24.607133040136475,24.967884964388045,24.398276853542406,24.702068328857422,14987700
2022-07-20,24.787511404168797,24.929913440477677,23.952082985873812,23.98056411743164,20189300
2022-07-21,24.08499058085061,24.578650800578874,23.93309303931121,24.436248779296875,19919200
2022-07-22,24.540679045736656,25.195730550487628,24.018535859641812,24.12296485900879,27424800
2022-07-25,24.03752414707078,24.132459439853825,23.14513529209428,23.344499588012695,29327000
2022-07-26,23.410954381290423,23.895122757879175,23.410954381290423,23.82866859436035,21849400
2022-07-27,23.88562883900961,24.36979721137685,23.55335621357247,24.236888885498047,33157200
2022-07-28,24.929913623660887,25.024848918811095,24.369797374088826,24.683082580566406,33677200
2022-07-29,24.853965764022366,25.053328254286644,24.236889061300356,24.939407348632812,25835300
2022-08-01,25.05332754610441,25.157756548951983,24.65460076610651,24.882444381713867,15231000
2022-08-02,25.01535387426752,25.57547009397115,24.559666654734418,24.56915855407715,28314600
2022-08-03,24.74953377803625,24.759027487487586,24.0090425482313,24.246379852294922,29568800
2022-08-04,24.493209922909315,25.423573563965554,24.33182047799813,25.09130096435547,25570800
2022-08-05,24.502703020259517,24.967883923790588,24.16093853014401,24.948898315429688,25529800
2022-08-08,25.414083017545906,25.917237023744004,25.36661446269877,25.63243293762207,23601600
2022-08-09,25.812807289408546,25.831792898742545,25.138768362700336,25.575469970703125,16504700
2022-08-10,25.90774357927629,26.183053938018844,25.509016796027673,25.75584602355957,18701400
2022-08-11,25.898249311796423,26.00267650250902,25.224210373563846,25.271678924560547,18682200
2022-08-12,25.4900275001741,25.879260544387183,25.366611084746552,25.841285705566406,17810000
2022-08-15,25.233703152851916,25.37610517910844,24.986872128995273,25.281169891357422,16144300
2022-08-16,25.157756358578123,25.423574813478588,24.98687319548069,25.37610626220703,11741800
2022-08-17,25.14826314256712,25.186237984330692,24.398278125137782,24.474225997924805,29384000
2022-08-18,24.540677550738213,24.73054630714602,23.78119709288721,24.502702713012695,13036800
2022-08-19,24.388783526422436,24.388783526422436,23.904615176011724,23.9710693359375,15279100
2022-08-22,23.695755524010142,24.103975975950526,23.610315760588595,23.990055084228516,12544800
2022-08-23,24.084990209085564,24.891935587474556,24.047015371601894,24.39827537536621,18062300
2022-08-24,24.265366482036477,24.66409324207947,24.01853545812986,24.597639083862305,14510700
2022-08-25,24.834978706052617,24.891939159712596,24.455239330419126,24.80649757385254,10157500
2022-08-26,24.70206780443035,24.86345724860764,23.439433380245646,23.638795852661133,29536500
2022-08-29,23.534368488932955,23.876132983451477,23.268550050316353,23.36348533630371,22795300
2022-08-30,23.335005221492587,23.36348635174866,22.69894113169407,22.86033058166504,22031900
2022-08-31,22.80336902233975,23.01222520183505,22.594511032104492,22.594511032104492,18461800
2022-09-01,22.167306644049688,22.300214967373723,21.80655289397002,21.89199447631836,33299000
2022-09-02,22.357174646422312,22.98374502150681,22.08186429894096,22.585020065307617,30245300
2022-09-06,22.660968985259576,23.02172092886249,22.21477364755846,22.252748489379883,23844000
2022-09-07,22.24325451749161,23.26855169499777,22.100852483815217,23.08817481994629,26791700
2022-09-08,22.879317202501355,23.278043958455783,22.679952919154147,23.126148223876953,21459400
2022-09-09,23.50588967663452,23.876135336662326,23.439435513115697,23.82866859436035,20847200
2022-09-12,24.341315231770892,24.40776939239509,23.999550718454998,24.160940170288086,20706400
2022-09-13,23.287536366813182,23.85714443428194,23.116653222276604,23.183107376098633,31353100
2022-09-14,23.325510848940706,23.629302320083962,23.183108823184803,23.230575561523438,18318400
2022-09-15,23.0122265238839,23.249563845884445,22.32869568838876,22.537551879882812,34626100
2022-09-16,22.17679707296702,23.069183984299343,21.986926515678533,22.784379959106445,30933800
2022-09-19,22.423628745647033,23.192601085321762,22.328693464155613,23.183107376098633,20269900
2022-09-20,22.831850737014076,22.831850737014076,22.309709328099302,22.547046661376953,20117000
2022-09-21,22.784382920689435,23.249563854698035,22.205279275351756,22.62299346923828,32189400
2022-09-22,22.76539549171453,23.02172023405273,22.36666871832401,22.537551879882812,22426500
2022-09-23,21.83503517162695,21.873010014993767,21.075556411692524,21.30340003967285,43070400
2022-09-26,21.265422845869217,21.407824871274904,20.429996302279854,20.752775192260742,38198700
2022-09-27,21.142007786366197,21.44579925024333,20.847708221337765,20.885683059692383,19460300
2022-09-28,21.360359188207184,22.385656356811523,21.350865477945835,22.385656356811523,40035400
2022-09-29,22.1767985219801,22.52805672195293,21.84452593038476,22.490083694458008,34381400
2022-09-30,22.423631243354397,23.30652457057001,22.31920224100778,22.898305892944336,37430400
2022-10-03,23.259056173243312,23.790691235910256,23.069185602635137,23.771705627441406,35531500
2022-10-04,24.19891253473306,24.78750987544665,24.047016797272786,24.445743560791016,34280800
2022-10-05,23.914110192857084,24.10397897291438,23.458421137091236,24.084993362426758,26009100
2022-10-06,23.933096774380488,24.379292137635897,23.76221540861781,24.350811004638672,25143700
2022-10-07,23.876134436024934,24.141952890813368,23.15462875366211,23.15462875366211,29761500
2022-10-10,22.765396586941097,23.30652541741724,22.70843613392786,22.80337142944336,17472600
2022-10-11,22.850836843292207,23.34449890267935,22.547045363897052,22.604005813598633,25190000
2022-10-12,22.64198197028906,22.955267177972097,22.452111379258064,22.80337142944336,18407700
2022-10-13,21.835033624050013,22.660968301337533,21.350865269880096,22.537551879882812,28872900
2022-10-14,22.347681757294634,22.37616107533883,21.550228258738024,21.5692138671875,22558800
2022-10-17,22.22426652313054,22.56603284372397,22.186293493475745,22.26224136352539,18687100
2022-10-18,22.575526335232006,22.64198049453949,22.13882472861993,22.41413688659668,17248800
2022-10-19,21.94895780613627,22.081866135925942,21.616685170921894,21.730606079101562,20047400
2022-10-20,21.854020855550353,22.585020235573186,21.730604435162054,22.005916595458984,21703000
2022-10-21,22.129330202481047,23.116654277893964,22.015409308081075,23.107160568237305,30203300
2022-10-24,22.812861304946335,22.86982174838382,22.309705590818968,22.717926025390625,24087500
2022-10-25,22.831850079783077,23.325512153367818,22.79387704913661,23.173616409301758,28223900
2022-10-26,23.44892853703007,24.113471963497503,23.420447406038857,23.857147216796875,23852900
2022-10-27,23.98056323863974,24.07549852961337,23.553355334628435,23.562849044799805,21524800
2022-10-28,23.25906027275858,23.48690391120289,23.050204056869696,23.46791648864746,16034900
2022-10-31,23.13564359453454,23.28753934001794,22.907798165569318,22.936279296875,21769400
2022-11-01,23.58183523967141,23.790691420367768,23.325510510584987,23.44892692565918,23337200
2022-11-02,23.61031918366495,23.71474638109356,22.053385014903622,22.072372436523438,43806400
2022-11-03,21.816046435739157,21.929969148236687,21.436307078647545,21.53124237060547,30349500
2022-11-04,22.55653976254939,23.724238976148136,22.547046052185976,23.68626594543457,46797200
2022-11-07,23.828666227500708,23.97106825100223,23.401458346256163,23.87613296508789,28855200
2022-11-08,23.895122081215426,25.58496449611876,23.771707468281072,25.30965232849121,50666500
2022-11-09,25.186237072092837,25.651418002407155,24.83497704146281,24.910924911499023,31653500
2022-11-10,26.372924505854808,26.876078481704457,25.926729170905737,26.781143188476562,46849500
2022-11-11,26.857090971498266,26.904557709383862,26.420389377842856,26.8665828704834,23159900
2022-11-14,26.705195406158445,26.942532734659014,26.467858077657876,26.695703506469727,20061300
2022-11-15,26.999494978127544,27.04696171949802,26.183053989226448,26.43937873840332,29900700
2022-11-16,26.24001297222986,26.572285575444553,26.13558578491211,26.13558578491211,15708600
2022-11-17,25.689390889148736,25.89824888864152,25.480534700395996,25.746353149414062,24647700
2022-11-18,25.670405075830963,26.02166329097594,25.556482366945545,25.98369026184082,28557400
2022-11-21,25.79381859206883,25.879260167431063,25.4045855535253,25.803312301635742,21118100
2022-11-22,26.021664108599754,26.828611373901367,25.983691078271487,26.828611373901367,29686300
2022-11-23,26.819115729627644,27.322271473058724,26.581778422285808,27.255815505981445,34294200
2022-11-25,27.15138837741295,27.236829953089412,26.904557359985382,26.999492645263672,19297900
2022-11-28,26.914052243569326,26.933039663601203,25.86976768143672,25.917234420776367,33665500
2022-11-29,26.315961644830704,26.866584160138633,26.30646793464987,26.72418212890625,35118700
2022-11-30,27.084933987896047,27.758971067166428,26.667219822709644,27.578594207763672,36827500
2022-12-01,28.224154013798636,28.73680350058331,27.948843660730628,28.51845359802246,50107700
2022-12-02,27.88238820944862,28.489971148709227,27.68302392579124,28.404529571533203,35815500
2022-12-05,28.129217369566373,28.129217369566373,27.2937908295948,27.37923240661621,42576900
2022-12-06,27.720999799446812,28.043778700660514,27.31277931786831,27.38872718811035,25644000
2022-12-07,27.59758356909239,28.224153955599373,27.588089858904095,27.92036247253418,38808500
2022-12-08,28.13871237464478,28.319089246742266,27.777960441189876,27.92036247253418,18092100
2022-12-09,28.18618113154679,28.575414198410762,27.56910445071903,27.597583770751953,24143000
2022-12-12,27.369739776821316,27.521635517355108,26.99000042548683,27.47416877746582,24168700
2022-12-13,28.508959019852362,28.91717768192212,27.97732212883776,28.271621704101562,27695800
2022-12-14,28.28111469191003,28.442502324189398,27.616569500479823,28.12921714782715,21961300
2022-12-15,27.331765833423393,27.521634597373755,26.85709120743749,26.885570526123047,29060400
2022-12-16,26.89506533262155,27.331766947920595,26.69570285073334,27.151390075683594,23730900
2022-12-19,27.244068939190267,27.359919797318682,26.59723943132501,26.70343589782715,19577300
2022-12-20,27.224761865028235,27.91020709468082,27.13787418220088,27.74608612060547,26872000
2022-12-21,27.977785396528233,28.30602733766516,27.900552106930537,28.07432746887207,21455400
2022-12-22,27.63988896480289,27.794357384830676,27.147527896251738,27.76539421081543,20148800
2022-12-23,27.85228087866983,28.209484138267754,27.398533709198418,27.87158966064453,16348000
2022-12-27,28.07432812884566,28.952857509192068,27.86193703780581,28.576345443725586,19464100
2022-12-28,28.334991360244974,28.37360708550669,27.553004049479185,27.688161849975586,19542300
2022-12-29,28.02605701505857,28.21913931602845,27.74608519277999,27.823318481445312,9649200
2022-12-30,27.871588464327058,27.91985857580513,27.42749570490455,27.66884994506836,12476200
2023-01-03,28.31568215974561,29.01078177669797,28.238448868973123,28.63426971435547,25649100
2023-01-04,29.2328264782337,30.00515931672087,29.107321241112828,29.850692749023438,34447800
2023-01-05,29.30040630683385,29.628648234016595,28.99147316157639,29.590030670166016,22716800
2023-01-06,30.101705393014456,30.584413941737875,29.618996844291033,30.468563079833984,32615400
2023-01-09,30.845076207703745,30.864383149702665,30.16928352029438,30.178937911987305,31134600
2023-01-10,30.294785460713566,30.767841423796597,30.121011942826943,30.73887825012207,16411300
2023-01-11,30.89334580007506,30.970580932306675,30.178937399414753,30.47821617126465,16050800
2023-01-12,30.999542605679967,31.18297052258219,30.458907722447428,31.067121505737305,26636800
2023-01-13,31.06712298719753,31.617410446918928,31.02850541881644,31.520870208740234,22740500
2023-01-17,31.1636622621054,31.202279829292817,30.246517138047754,30.429946899414062,28431300
2023-01-18,30.951271516132508,31.115390644606883,30.130664825439453,30.130664825439453,18027500
2023-01-19,30.372019994274716,31.086430243106648,30.169283294402057,30.912654876708984,31665300
2023-01-20,30.661645332199804,31.31812737093983,30.49752436216808,31.298818588256836,22162100
2023-01-23,30.92230734785486,31.298819413162207,30.61337418233223,31.27951431274414,24634900
2023-01-24,31.134700904653197,31.665679563371572,30.76784322358382,31.598100662231445,19363200
2023-01-25,31.202276058004745,32.1870018056207,31.144349714224937,32.119422912597656,21882900
2023-01-26,32.02288076718401,32.02288076718401,31.289165452827948,31.627059936523438,20056100
2023-01-27,31.47259510537516,31.50156012185018,30.980234018586238,31.192626953125,18369000
2023-01-30,31.096082833818635,31.250549417176092,30.729225158691406,30.729225158691406,15401300
2023-01-31,30.63268304387121,30.931963659950263,30.43960073561919,30.912654876708984,13269000
2023-02-01,30.893347291815587,31.858764394684826,30.565105329529086,31.607757568359375,27611700
2023-02-02,31.771876571941085,31.80083790641536,30.333405315797663,30.623029708862305,39837600
2023-02-03,29.77346162276843,30.034124665167347,29.16524785717096,29.27144432067871,35462300
2023-02-06,29.223175220987258,29.367987413557515,28.981820952907853,29.16524887084961,19969200
2023-02-07,29.24248437265868,29.927929618771252,29.09767033687764,29.570724487304688,24785700
2023-02-08,29.715536327962564,29.715536327962564,29.242482212480606,29.31971549987793,12449600
2023-02-09,29.638304629359723,29.841041329125567,28.56669109806335,28.730812072753906,22281000
2023-02-10,28.779079526146713,28.91423915486947,28.344642991972364,28.595651626586914,16416400
2023-02-13,28.499110940416923,28.76942652817513,28.306026799400914,28.557035446166992,12356800
2023-02-14,28.325337237082984,28.80804577644515,28.103291750909253,28.614961624145508,17614900
2023-02-15,27.9584764278951,27.9584764278951,27.52403986731657,27.794357299804688,22878800
2023-02-16,27.495078991120877,27.95847876435182,27.16683702473554,27.678508758544922,19613900
2023-02-17,27.311648850548792,27.4854223703799,26.82894033222636,27.42749786376953,23330400
2023-02-21,27.292339269959065,27.57230924487965,26.983406121886638,27.13787269592285,16102000
2023-02-22,26.92548025507029,26.993059152241223,26.307613947922505,26.50069808959961,21109400
2023-02-23,26.53931491724302,26.67447271720798,26.191764184319485,26.36553955078125,15686500
2023-02-24,25.95040792704374,26.114528889290476,25.71870806999896,26.056604385375977,20021000
2023-02-27,26.182112713509948,26.37519502979353,26.017991731906054,26.25934600830078,15404900
2023-02-28,26.278652428659043,26.73239963775039,26.01799121478761,26.558624267578125,25664000
2023-03-01,26.838592097514226,27.35991816592656,26.76135881049612,27.13787269592285,36704800
2023-03-02,27.03167789871796,27.23441459909262,26.877211315179096,27.195798873901367,14676700
2023-03-03,27.52404165033874,27.649545062710665,27.2247628659234,27.639890670776367,15765100
2023-03-06,27.36957456763757,27.5047323695017,26.935136145378664,27.108911514282227,16153000
2023-03-07,26.761360013685316,26.838593304175827,25.80559735334515,25.960063934326172,34513100
2023-03-08,25.98902612707077,26.42346452053623,25.757326264351466,25.882829666137695,23263500
2023-03-09,26.124185714269753,26.3848487682522,25.67044034878645,25.757328033447266,20883200
2023-03-10,26.355886245749073,26.98340883748495,26.211074048189637,26.25934600830078,35754000
2023-03-13,27.514386848706813,28.277067227677055,27.35992026283205,28.093637466430664,56706500
2023-03-14,28.026057084652095,28.46049364395325,27.755739652958795,28.31568145751953,24328900
2023-03-15,28.798389973223163,28.798389973223163,27.939169404514494,28.31568145751953,34832600
2023-03-16,28.431533572451233,28.479803689607657,27.514386615383668,28.151561737060547,31403700
2023-03-17,28.711500984037578,29.95688978163743,28.34464333903923,29.522451400756836,63723800
2023-03-20,29.947236694431222,30.22720667544083,29.69622804581652,30.03412437438965,28656500
2023-03-21,29.561070434793145,29.570722984726913,28.61496034062681,28.96251106262207,35598100
2023-03-22,29.07836303182457,30.101704613012828,29.001129739685584,29.503145217895508,30862300
2023-03-23,29.82173195100774,30.603721083786024,29.590032081017213,30.22720718383789,27957400
2023-03-24,30.304441495851616,30.70026235060785,30.034125892439715,30.458908081054688,28455900
2023-03-27,29.792771771917355,30.45890823341767,29.676920911742066,30.429946899414062,17072000
2023-03-28,30.603721949375792,31.231240837135246,30.343058897743823,31.192626953125,24621900
2023-03-29,30.91265418411028,31.250548676327515,30.777494545836507,30.931962966918945,17267900
2023-03-30,31.240898171544583,31.501561232365635,30.99954389479628,31.39536476135254,18704200
2023-03-31,31.491904281075453,31.59810074966777,30.98023440452038,31.23124122619629,18460400
2023-04-03,31.37605523999611,32.13873562046483,31.12504841849666,31.935998916625977,32416400
2023-04-04,31.964958042369254,33.09449418524366,31.781526452047878,33.007606506347656,38919700
2023-04-05,33.326199233871364,33.49997460910015,32.66971530140129,33.15242385864258,27676300
2023-04-06,33.01726572605469,33.316542671615736,32.602136076301626,33.23931121826172,16111400
2023-04-10,32.795220634677314,32.86279953822829,32.50559255343139,32.81452941894531,20707900
2023-04-11,33.05588279779181,33.8185595003475,33.05588279779181,33.384124755859375,21024200
2023-04-12,33.915100754053924,34.02129721490364,33.268269439230025,33.71236038208008,20592200
2023-04-13,34.25299313412531,34.85155061526995,34.204723022912155,34.6295051574707,28524900
2023-04-14,34.1467995086427,34.3495398849712,33.191038706013764,33.87648391723633,34145100
2023-04-17,33.47100713853036,33.625477400990626,32.8917583853994,33.11380386352539,25510100
2023-04-18,33.2200019560171,33.97302610855519,33.191040621773006,33.355159759521484,25445800
2023-04-19,32.75660273938605,33.191041174147266,32.66006250178311,32.90141677856445,27055300
2023-04-20,33.123457206183154,33.43239033860072,32.795215292642816,32.882102966308594,15975600
2023-04-21,32.57317141019777,32.89175710720726,32.13873302084519,32.44766616821289,23143200
2023-04-24,32.38974194281352,32.71798389373059,32.1966577923728,32.54420852661133,15115500
2023-04-25,32.43801188861018,32.746945054576074,32.09046483897892,32.602134704589844,14439600
2023-04-26,32.98829971351094,33.03657351352174,32.10011777147527,32.17735290527344,14899900
2023-04-27,32.09046573330222,32.708332082453225,31.916690362256755,32.67936706542969,16943200
2023-04-28,32.62144551350391,32.74694708806381,32.15804573577931,32.41870880126953,17740100
2023-05-01,32.96899164361303,33.113801982282006,32.21596388799487,32.254581451416016,13286700
2023-05-02,32.264235600861134,33.577203360101514,32.1870041529625,33.53858947753906,34821200
2023-05-03,33.442048885824924,33.94406623673691,33.32619986108342,33.654441833496094,23335800
2023-05-04,33.91510304520652,35.00602169380441,33.886138028525714,34.45573425292969,35165200
2023-05-05,33.422738167034325,34.35919391000102,33.326197932465625,34.17576599121094,22260200
2023-05-08,34.262651238324956,34.571584386298994,33.94406185791657,34.13714599609375,12247900
2023-05-09,34.0599137878521,34.30126806057276,33.876485866383014,34.03095245361328,9795800
2023-05-10,34.07922478180803,34.12749490292793,33.36481815057549,33.78960037231445,21045500
2023-05-11,33.48066239950854,33.48066239950854,32.36077880859375,32.36077880859375,31069300
2023-05-12,32.341474741593984,32.59248158185437,32.14839057374605,32.43801498413086,17355800
2023-05-15,32.61178799103441,32.98830006538187,32.544209089627124,32.7372932434082,13341900
2023-05-16,32.60213096490923,32.698671187159576,31.675331573321564,31.868412017822266,25027400
2023-05-17,31.85876371638932,31.878072499968482,31.366402624829274,31.598100662231445,19201300
2023-05-18,31.05746248997234,31.105736285208412,30.39132609933265,30.77749252319336,31404600
2023-05-19,30.95127127837933,31.45328857543825,30.642336282306022,31.04781150817871,18823100
2023-05-22,30.970579871501304,31.115390215314825,30.767841339111328,30.767841339111328,13003800
2023-05-23,30.603720488280015,30.835420353761986,30.449253911292033,30.555448532104492,13619000
2023-05-24,30.709913262013753,30.719567652668186,29.754150683865856,29.850692749023438,23978700
2023-05-25,29.590034040896782,29.5996884329592,29.136288662285114,29.21352195739746,21432500
2023-05-26,29.628649111093548,29.73484373205266,29.116977423247466,29.35833168029785,16912800
2023-05-30,29.396950043018816,29.522453449880512,29.06870809721204,29.155595779418945,23317600
2023-05-31,29.26178908281453,30.169281588587552,29.20386457775275,29.841039657592773,35961000
2023-06-01,30.005161666061078,31.17331724729709,29.956891550396207,30.902997970581055,32224600
2023-06-02,30.95127015411075,31.13469805717625,30.130663499528787,30.323747634887695,26595600
2023-06-05,30.178938687154723,30.671301627819048,30.140321119391096,30.468563079833984,12300700
2023-06-06,30.555449224802476,30.603721182072334,30.159628382124083,30.53614044189453,11372900
2023-06-07,30.603720742191406,31.12504682489129,29.860349183402402,29.976198196411133,23061300
2023-06-08,30.458905631860848,30.76784061881254,30.314093450050652,30.44925308227539,18419900
2023-06-09,30.381673338693012,30.45890662760911,29.99550689411252,30.00516128540039,12669100
2023-06-12,29.95689122119988,30.16928230573297,29.715536962754015,30.15962791442871,10282800
2023-06-13,30.343059589887144,30.545796295967488,29.73484578887216,29.821733474731445,17547600
2023-06-14,30.17893744781999,30.391328537636888,29.474183437558253,29.802425384521484,15747200
2023-06-15,29.705881549017043,29.966544581099786,29.474181689850205,29.927927017211914,18198300
2023-06-16,30.12101353322983,30.642337797189533,29.831387305352713,30.304441452026367,19290300
2023-06-20,29.763807888481058,29.792771063182617,29.08801520987324,29.09766960144043,28348000
2023-06-21,28.962512730727482,29.213521395360225,28.595655046348536,29.020437240600586,16163900
2023-06-22,28.576345168854658,28.88527833153629,28.508766269691414,28.817699432373047,18070900
2023-06-23,29.088013339639925,29.290751866741825,28.67288557726326,28.75977325439453,15081200
2023-06-26,28.875623751697887,29.252135811087097,28.62461509830945,29.03009033203125,14255700
2023-06-27,29.078361900452,29.136286406955794,28.35429912430056,28.624614715576172,23419500
2023-06-28,28.392915765832225,28.557036740719745,28.161215890941655,28.20948600769043,25956600
2023-06-29,27.90055022568916,28.595651626586914,27.76539243835315,28.595651626586914,17501700
2023-06-30,28.69219451226258,29.088015361648008,28.479803420836987,29.068708419799805,20732300
2023-07-03,29.203866635003894,29.705883957935175,29.126633342351923,29.628650665283203,17734800
2023-07-05,29.667264378559313,29.705881942959305,28.779080652614454,28.798389434814453,22271400
2023-07-06,28.614959876739796,28.634268659068034,27.910205894240516,28.064672470092773,29161500
2023-07-07,28.286717880372084,28.78873517147905,28.238447766044686,28.43153190612793,16733400
2023-07-10,28.29637330238255,29.107323774057047,28.24810318629662,29.001129150390625,24983300
2023-07-11,29.194210052490234,29.4162555220288,28.991473365012453,29.194210052490234,14832400
2023-07-12,29.763807503757583,30.845075407276365,29.754153112315187,30.71957015991211,44179100
2023-07-13,31.05746581356193,31.14435349840215,30.835422167640303,31.07677459716797,19564800
2023-07-14,30.999540816158596,31.279512633247727,30.796802286303222,30.854726791381836,15326200
2023-07-17,30.61337503319937,30.99954334222273,30.39132954448182,30.864383697509766,9777900
2023-07-18,31.25054592484593,31.781524515625577,30.989882904039902,31.501556396484375,20908700
2023-07-19,31.3181276736804,31.44363292094621,31.115390977709772,31.240896224975586,9273300
2023-07-20,30.970581592005043,31.096083160393995,30.275480118209515,30.304441452026367,22811500
2023-07-21,30.121013813068174,30.478217103632183,29.96654722665342,30.400983810424805,12288100
2023-07-24,30.372020135127787,30.507179777056628,29.937583558505807,30.207901000976562,10810300
2023-07-25,30.314094475681646,30.787148601006304,30.217552404079566,30.680953979492188,14009400
2023-07-26,30.729223891562683,30.729223891562683,30.256169769363634,30.555448532104492,14698500
2023-07-27,30.28513322828017,30.304440169545355,29.28109862701592,29.30040740966797,38582400
2023-07-28,29.657609939575195,29.792769573370133,29.425910077709784,29.657609939575195,18505800
2023-07-31,29.89896364193017,30.651989560165767,29.860347919690458,30.323747634887695,19185800
2023-08-01,29.657611094293152,29.80242512481083,29.145941236605243,29.18455696105957,23841400
2023-08-02,29.0783607014835,29.13628520559893,28.19017699237081,28.267410278320312,23963800
2023-08-03,28.344643564269816,28.547380249367222,28.064671751836123,28.267410278320312,15663200
2023-08-04,28.547383655374574,28.779083540867354,28.344646946088517,28.537729263305664,17468700
2023-08-07,28.49911120907523,28.537726932810358,28.055018417106727,28.31568145751953,11421000
2023-08-08,27.948824063795893,28.20948526532132,27.678506629510522,28.07432746887207,15440700
2023-08-09,28.151561823286016,28.344645975276986,27.929516337467263,28.12259864807129,9574700
2023-08-10,28.383262225765126,28.5860007732438,27.987441364111547,28.161216735839844,16827500
2023-08-11,28.006750314391564,28.4798044728039,27.948825803933538,28.441186904907227,10361000
2023-08-14,28.10329050728249,28.12259744854853,27.514385526077046,27.948823928833008,12180400
2023-08-15,27.842628848385537,27.861937631997375,27.15718176126089,27.23441505432129,20289800
2023-08-16,27.224762658940158,27.263378384996788,26.857903133773867,26.867557525634766,13524200
2023-08-17,26.925480307841454,27.01236798762776,26.500698141538244,26.65516471862793,16121500
2023-08-18,26.67447160744479,26.67447160744479,26.35588406264836,26.50069808959961,18334500
2023-08-21,26.655166839703295,26.790324645065194,26.336579268930972,26.751707077026367,18225600
2023-08-22,26.857900824879128,26.99305861653866,26.57793085052912,26.98340606689453,13706700
2023-08-23,27.282686373117503,27.948824660998273,27.224761865028235,27.74608612060547,30561300
2023-08-24,27.659198674989103,27.968131842630555,27.301995390423773,27.688161849975586,17080700
2023-08-25,27.63023770895805,27.852283195980878,27.050987091231022,27.417844772338867,15352000
2023-08-28,27.553004138460203,28.122598517271776,27.43715327952706,27.997095108032227,18153900
2023-08-29,27.890898009633297,28.508766174316406,27.823319110696133,28.508766174316406,19623200
2023-08-30,28.750119824374032,28.962510908134416,28.392914712963492,28.49911117553711,14524000
2023-08-31,28.499112758235672,28.60530738531996,28.035712999903456,28.248104095458984,16439500
2023-09-01,28.63426989811004,28.817699655391902,28.055019292905733,28.083982467651367,20828500
2023-09-05,27.82331776229262,28.026056290665668,27.38888121529918,27.504730224609375,19547900
2023-09-06,27.350266237642717,27.746087099425733,27.263378551750158,27.485424041748047,14809700
2023-09-07,27.427497727661272,27.47576784269923,27.18614346969777,27.30199432373047,13897200
2023-09-08,27.408190619696185,27.81366587150435,27.30199599184695,27.359920501708984,17249500
2023-09-11,27.76539481804517,27.958477124875603,27.61092823602606,27.775049209594727,13542800
2023-09-12,27.417843404305728,28.035711558366156,27.39853462168796,27.794357299804688,9549600
2023-09-13,27.80400941091214,27.977784768955704,27.591618329629362,27.726776123046875,10508900
2023-09-14,27.755739835031054,28.334990425952554,27.746085443687228,28.103290557861328,15558600
2023-09-15,28.40256960732862,28.856314956694003,28.383260824448335,28.69219398498535,24778900
2023-09-18,28.61496060983544,28.82735353811378,28.344645015862106,28.72115707397461,11024000
2023-09-19,28.808044741901075,28.82735352471502,28.296373045652842,28.38326072692871,13151200
2023-09-20,28.441186620772626,29.088016145484033,28.421879678404157,28.682540893554688,21914100
2023-09-21,28.083981198913865,28.238447774471826,27.7943568300894,27.910205841064453,23901400
2023-09-22,28.14190524274311,28.40256827524114,27.85228087866983,27.87158966064453,15052500
2023-09-25,27.775048875274432,27.79435765814113,27.28268596049486,27.52404022216797,16134800
2023-09-26,27.28268555746391,27.350264455112175,26.780668258666992,26.780668258666992,18917000
2023-09-27,26.60689467663142,26.645512244375574,25.738019657644745,25.979373931884766,33534700
2023-09-28,25.94075704047129,26.143493737861807,25.69940277707102,26.114530563354492,28477300
2023-09-29,26.510352598658017,26.635857852439536,25.738019657644745,25.979373931884766,23094800
2023-10-02,25.64147779336616,25.64147779336616,24.994648259356783,25.091190338134766,28436800
2023-10-03,25.01395611521631,25.371161241024208,24.79191063123712,25.16842269897461,25713100
2023-10-04,25.226347161882835,25.264964728445985,24.733986077911158,25.01395606994629,17971600
2023-10-05,24.99464518161641,25.419429171101132,24.984990790788718,25.409774780273438,15613200
2023-10-06,25.44839407534662,26.162802472730576,25.351852001886755,25.960063934326172,25572500
2023-10-09,26.413811986960493,26.64551186597403,26.317269910358114,26.587587356567383,23042900
2023-10-10,26.713089730908145,26.906173876622656,26.529659976618046,26.848247528076172,18948800
2023-10-11,27.24406653046147,27.359917378347166,26.983405345145478,27.340608596801758,22283500
2023-10-12,27.340610063821444,27.437152135341908,26.635856072079726,26.780668258666992,22359700
2023-10-13,27.69781527850588,28.10329050728249,27.485422352097693,27.948823928833008,34493700
2023-10-16,27.86193730709934,28.180524867431814,27.649544372619733,27.997095108032227,16394500
2023-10-17,27.977785691520186,28.547381898828974,27.832973502170997,28.508766174316406,17620000
2023-10-18,28.943201746990912,29.030089425889688,28.257756548330377,28.43153190612793,23181100
2023-10-19,28.431533575235676,28.56669137639645,27.99709515523756,28.489458084106445,24517100
2023-10-20,28.576343939483646,29.116976950918158,28.45083869667673,28.460493087768555,29715300
2023-10-23,28.24810288068062,28.508765924053073,27.717122402545595,28.22879409790039,16690200
2023-10-24,27.910207747821634,28.36395311434856,27.881244572405762,28.248104095458984,13488300
2023-10-25,28.103289841705624,28.48945627868366,27.765393518829786,27.78470230102539,21062700
2023-10-26,27.717121218011098,27.88124218185532,27.118563708499316,27.533693313598633,37274000
2023-10-27,27.64954305670528,28.209484858561346,27.340609902769085,28.19017791748047,31547300
2023-10-30,28.238448955652057,28.344645421310286,27.707470310134727,27.775049209594727,21899300
2023-10-31,27.630237244491124,27.852282727781343,26.82894115321113,27.041332244873047,30992600
2023-11-01,27.128218304872238,27.350263774875945,26.655164191712977,27.13787269592285,29754900
2023-11-02,27.42749842369617,27.42749842369617,26.935135503989386,27.282686233520508,15682800
2023-11-03,27.55300368042591,28.779081942907094,27.51438611429452,28.45083999633789,44113800
2023-11-06,28.354299668516475,28.528073191363166,28.103291013666507,28.14190673828125,26550900
2023-11-07,27.77504794018393,27.842626836555354,27.13787285812937,27.601272583007812,42313000
2023-11-08,27.35026336638445,27.4564598249683,26.577930507738603,26.732397079467773,25654000
2023-11-09,26.819286383999422,27.273031735819977,26.46208126432889,26.63585662841797,19587000
2023-11-10,26.40415735587885,26.452427473049124,26.08556979494901,26.307615280151367,19074900
2023-11-13,26.201419616574874,26.44277389260489,26.08557059525718,26.10487937927246,13324200
2023-11-14,26.790325544622767,27.533697181847895,26.722746639672675,27.35026741027832,31498100
2023-11-15,27.379227935115114,27.524040123321544,27.031677210310185,27.215106964111328,16306700
2023-11-16,27.273031850921473,28.064673542768794,27.215107343109622,27.620582580566406,34034700
2023-11-17,27.697816522932744,27.86193750008242,27.398535902527076,27.446807861328125,14430300
2023-11-20,27.166835104681535,27.55300339646802,27.002714133088347,27.52404022216797,15284300
2023-11-21,27.94882419755747,28.576344908715388,27.94882419755747,28.199831008911133,28990800
2023-11-22,28.228794705081913,28.383261287872458,28.006749222493873,28.238449096679688,12381600
2023-11-24,28.248101953687282,28.49911059743249,28.170868666487742,28.306026458740234,8156800
2023-11-27,28.68253812682292,28.914239826764174,28.441183877322008,28.75977325439453,19761600
2023-11-28,29.107325710940124,30.149976123704377,29.020438023094187,30.140321731567383,41105000
2023-11-29,30.14031867493778,30.30443964184861,29.879657479221496,30.12101173400879,21026400
2023-11-30,29.995507916355702,30.24651657423408,29.792771216561775,30.236862182617188,18194300
2023-12-01,30.15962774950727,30.80645723226061,30.04377873726339,30.709915161132812,33533000
2023-12-04,30.04378100051964,30.217554531976155,29.67692147087514,29.94723892211914,45796100
2023-12-05,29.628649485713915,29.879658137186453,29.126632182768834,29.42591094970703,28217700
2023-12-06,29.77346191296527,29.898965319017528,29.358332287628993,29.36798667907715,16837000
2023-12-07,29.561070537139795,29.570723087106984,28.952856771542326,29.27144432067871,18815000
2023-12-08,28.65357780456543,29.068707422949984,28.344644648945348,28.65357780456543,27561000
2023-12-11,28.32533566575801,28.60530564553575,28.07432701824775,28.528072357177734,18238400
2023-12-12,28.624615078919863,28.624615078919863,27.726776930473562,27.861936569213867,25652700
2023-12-13,27.871590653597643,29.638303756713867,27.678506509745443,29.638303756713867,44140100
2023-12-14,30.1017037781131,30.82576656235359,29.966545980965346,30.22720718383789,36945300
2023-12-15,30.03412432249009,30.265824188183235,29.821731397897906,29.879657745361328,21266000
2023-12-18,30.144598396313405,30.25253864034055,29.840405375064137,30.15441131591797,20872500
2023-12-19,30.32122821697112,31.25343502263431,30.242726729140134,30.95905303955078,33525900
2023-12-20,31.037553531737903,31.08661812982278,30.19366303253146,30.203475952148438,20212500
2023-12-21,30.713733712771834,30.968863999985427,30.5959824242874,30.762798309326172,19965900
2023-12-22,31.4006254725689,31.744068316376623,30.9688663482666,30.9688663482666,22684400
2023-12-26,31.096432862472934,31.302498571574663,30.88055236155895,31.076807022094727,10339500
2023-12-27,31.253434398132477,31.68519350838711,31.194558751341457,31.380998611450195,18337500
2023-12-28,31.233807912709715,31.371185042921997,30.566544357467727,30.586170196533203,27291700
2023-12-29,30.419355781163823,30.57635875804643,30.105349827398605,30.429168701171875,19129700
2024-01-02,30.458607311801533,30.654860096130648,29.928720863704395,29.98759651184082,21612300
2024-01-03,29.349771460654974,29.4969615156703,28.976889863174613,29.20258140563965,33470600
2024-01-04,29.290896202850075,29.398834579765712,28.88857584036232,29.21239471435547,17862300
2024-01-05,29.251644522791214,29.791343893861868,28.957264408842214,29.21239471435547,19585800
2024-01-08,28.741386897310246,29.310523178859796,28.67269645454502,29.143707275390625,14185500
2024-01-09,29.212394526770705,29.212394526770705,28.52550510313635,28.623632431030273,20971200
2024-01-10,28.594193281263216,28.790447934374924,28.36850174032091,28.564756393432617,19691900
2024-01-11,28.594192418956496,28.751195388061937,27.98580638157867,28.348875045776367,22435100
2024-01-12,29.163331244557497,29.65396603456998,29.00632826148336,29.143707275390625,29232800
2024-01-16,28.66288080717093,28.67269372663236,27.799364482417886,27.858240127563477,31802300
2024-01-17,27.426483379400878,27.446107347043036,26.926035707876476,26.99472427368164,37527500
2024-01-18,27.26947966542022,27.26947966542022,26.89659621603478,27.073225021362305,18315100
2024-01-19,27.289105591412095,27.289105591412095,26.818096657810422,27.171354293823242,20568600
2024-01-22,26.818095118277967,27.21060254041356,26.719967794838315,27.083038330078125,11064300
2024-01-23,27.29891827100849,27.72086447216845,27.190978022816935,27.70123863220215,17398100
2024-01-24,28.30962523741898,28.496066965077862,27.171352775669117,27.18116569519043,27261800
2024-01-25,27.61292309849317,27.828803586077143,27.465733047991485,27.720863342285156,17608000
2024-01-26,27.711051123378194,27.92692974479764,27.504985421790053,27.544235229492188,14246500
2024-01-29,27.868053823429502,27.868053823429502,27.34798217884539,27.82880401611328,16190800
2024-01-30,28.005432353858183,28.054495080078414,27.455920087751817,27.62273597717285,15319900
2024-01-31,27.730677709491463,28.231125404620467,27.34798318388469,27.416671752929688,28238900
2024-02-01,27.760116404991717,28.5941940233037,27.72086472470153,28.486255645751953,34102000
2024-02-02,27.681612362526742,27.71105112201921,27.171353632685523,27.49517250061035,37211300
2024-02-05,26.94565963261117,27.151727201321577,26.719968096289858,26.8475341796875,22148900
2024-02-06,26.975098864990276,27.24985500421961,26.857347570765615,27.200790405273438,11292700
2024-02-07,27.132101366961116,27.230228691525454,26.86715815212431,26.945659637451172,13055900
2024-02-08,26.78865623474121,26.935848155025283,26.661092025001096,26.78865623474121,12609500
2024-02-09,26.661092678729677,26.680718518131847,26.26858524880159,26.4648380279541,20973700
2024-02-12,26.415774304621795,26.896596122099133,26.347085740928318,26.778844833374023,17511300
2024-02-13,26.12139562067363,26.131206668910963,25.199001741648097,25.405067443847656,48889000
2024-02-14,25.48356784127992,25.611133922386816,25.208813583430622,25.52281951904297,26125900
2024-02-15,25.856451936433853,26.55315238944369,25.8466390167491,26.268585205078125,26932000
2024-02-16,26.10176896791989,26.651279361625342,26.023267483104824,26.35689926147461,19619200
2024-02-20,26.670904461161573,26.729780105234514,26.366711449891223,26.48446273803711,16047500
2024-02-21,26.49427866520299,26.49427866520299,25.94476822434957,26.317649841308594,21673600
2024-02-22,26.199897980762653,26.239147789888822,25.57188419013559,25.670011520385742,27627500
2024-02-23,25.758324188886753,26.258771854865604,25.522819735183123,26.16064453125,27368400
2024-02-26,25.86626391039629,25.86626391039629,25.532632139805216,25.758323669433594,20293200
2024-02-27,25.777950595362196,25.866265001397924,25.52282029699488,25.54244613647461,20494100
2024-02-28,25.43450581004311,25.454131649460408,25.1891884321961,25.297128677368164,20071400
2024-02-29,25.836825584791153,26.19008319994585,25.787762858963234,25.86626434326172,28381700
2024-03-01,26.209708229208857,26.935849327918767,25.807387871925936,26.818096160888672,41346800
2024-03-04,27.2792917808931,28.044682676729312,27.16154048714788,27.975994110107422,49404900
2024-03-05,28.437190150044035,28.60400604277886,28.093745444810803,28.123184204101562,33710200
2024-03-06,28.505878875935366,28.986702588920526,28.46662906828493,28.613819122314453,28673000
2024-03-07,28.9474510646883,29.163329686979626,28.790448089999497,29.055391311645508,25808800
2024-03-08,29.261458151742286,29.43808697304023,28.888576540264634,29.084829330444336,32729200
2024-03-11,29.045579272375925,29.77171852023243,28.898389213095566,29.565650939941406,28314000
2024-03-12,28.99651453248252,29.065204973332225,28.65307168634969,29.02595329284668,25334200
2024-03-13,29.222206668186054,29.91890712158755,29.173142069734713,29.722654342651367,24676600
2024-03-14,29.3988353598533,29.526401451806407,29.153517967845353,29.33014678955078,22337700
2024-03-15,29.232021330046138,29.51658853153131,29.05539250834071,29.33014678955078,22359900
2024-03-18,29.290895032433646,29.36939651779146,29.10445330285019,29.182954788208008,25774500
2024-03-19,28.957263790316812,28.976889629927037,28.476441949604776,28.51569175720215,28698900
2024-03-20,28.417564806660728,29.948346627290903,28.36850207860928,29.69321632385254,35671400
2024-03-21,29.967972352830504,30.26235246326232,29.398834228515625,29.398834228515625,34092100
2024-03-22,29.212393895256195,29.487148161471804,29.03576508319012,29.045578002929688,21654900
2024-03-25,29.271270751953125,29.820781178720573,29.261457831807956,29.271270751953125,17643300
2024-03-26,29.889468594809966,29.899281514576497,29.26145670273654,29.290895462036133,13428600
2024-03-27,29.477337884753382,30.38991698493777,29.457712044760655,30.380104064941406,26953100
2024-03-28,30.821676712485086,31.184747272994482,30.52729659330039,31.02774429321289,28716300
2024-04-01,31.70481934970093,31.82257064328981,31.116055395264258,31.43006134033203,27020600
2024-04-02,31.636131290766865,31.881448673240023,31.351562228718915,31.832382202148438,34459200
2024-04-03,31.783319697986997,32.61740105021353,31.72444592145666,32.51927185058594,30509300
2024-04-04,32.51927327261441,32.68609104765295,32.11695289466386,32.166015625,29952400
2024-04-05,32.38189121281558,33.353349596228206,32.175825530749385,33.20615768432617,41886600
2024-04-08,33.51035862791043,33.628109932822596,32.67627721472915,32.97065734863281,24472100
2024-04-09,33.58885383250121,33.9421114440238,33.28465894630209,33.539791107177734,29039000
2024-04-10,32.67627274067747,33.42203963725222,32.36226680840788,33.049156188964844,33130300
2024-04-11,33.48091633950225,33.843988771844046,32.911781941183335,33.80473709106445,22445100
2024-04-12,34.403312272191,35.07057587537983,32.81365288287543,33.12765884399414,71512900
2024-04-15,33.42203761552246,33.500537222218355,32.38189068827016,32.90196228027344,34573800
2024-04-16,32.43095701642546,32.637022718066525,31.82257095971302,32.41133117675781,32547300
2024-04-17,32.6959011646905,33.314102030398935,32.489835457203114,32.921592712402344,27931600
2024-04-18,33.392597873522725,33.45147538754089,32.8332745917107,33.11784362792969,18486400
2024-04-19,33.068785552023854,33.66736059397172,33.068785552023854,33.431854248046875,19785100
2024-04-22,31.9893829139694,32.568332045375556,31.822568902447827,31.92069435119629,41107700
2024-04-23,31.70482042530295,32.52908699488105,31.596880176165328,32.43095779418945,24960500
2024-04-24,32.25432785482351,32.58795963908323,32.17582824024564,32.4996452331543,17527600
2024-04-25,32.52908666227164,33.853799040469795,32.33283200614141,33.68698501586914,46561600
2024-04-26,34.05005185764717,34.29536922874946,33.64773151876925,33.93230056762695,21754300
2024-04-29,33.991177802411954,34.30518376993914,33.43185443880126,34.118743896484375,17947800
2024-04-30,33.19634986616792,33.35335284062092,32.48001981802707,32.50946044921875,41599900
2024-05-01,32.77440332139237,33.55941818529629,32.480019472088024,32.695899963378906,30054800
2024-05-02,32.52908455795321,33.18653330872572,32.31320407585073,32.95103073120117,22145400
2024-05-03,33.088410054918256,33.25522407980014,32.529086717114154,32.81365203857422,23408100
2024-05-06,33.520166398998256,33.82436129545754,33.46128888067662,33.56922912597656,21579800
2024-05-07,33.46129113476456,33.62810890962366,33.28466231114733,33.52997970581055,10059700
2024-05-08,33.206158563074844,33.82435936887895,33.1080331147073,33.520164489746094,17701600
2024-05-09,33.79492291299929,34.76638144208235,33.79492291299929,34.69769287109375,30259000
2024-05-10,35.080383111399115,35.20794918900397,34.57012254422562,34.58974838256836,20642300
2024-05-13,34.45237498978213,34.78600679126058,34.02061398595924,34.295372009277344,17445500
2024-05-14,34.52106180035119,34.79581606641946,34.38368466731705,34.736942291259766,14664200
2024-05-15,35.129448363809544,35.43364326514527,34.40331100909949,35.237388610839844,24490500
2024-05-16,35.00188029208287,35.21776077390098,34.66825226490358,34.992069244384766,19420400
2024-05-17,35.53177124220409,36.19903486824753,35.32570552502062,36.17940902709961,38752300
2024-05-20,36.25790760980804,36.76816818261874,35.83596143889239,36.542476654052734,24774500
2024-05-21,36.3265994746186,36.52285413480448,36.04203040451139,36.238285064697266,17236100
2024-05-22,35.767272572994486,35.875212812536,34.62900014889056,34.78600311279297,37395600
2024-05-23,34.73694010559141,34.98225746864433,34.010799063926584,34.09911346435547,32337700
2024-05-24,34.59955978393555,34.83506610321083,34.48180849592088,34.59955978393555,12299700
2024-05-28,35.35513955815607,35.55139421052994,35.04113361165633,35.423828125,19222000
2024-05-29,35.0018812556112,35.2373875825545,34.51124650578826,34.5308723449707,19201600
2024-05-30,34.648626418517516,35.1785090887543,34.5308713866907,34.893943786621094,16118400
2024-05-31,35.12944777471169,35.276639698783995,34.344432913900334,34.63881301879883,15716500
2024-06-03,34.75656474350032,34.89394562118781,34.47199942640595,34.844879150390625,18190800
2024-06-04,34.305180103312686,34.305180103312686,33.31409957609297,33.539791107177734,32854000
2024-06-05,33.785112856600676,34.216870135960264,33.44166999156993,34.138370513916016,17602600
2024-06-06,34.30518181249259,35.35513990835992,34.12855299793115,35.335514068603516,28039600
2024-06-07,34.08930550915331,34.1579940775793,32.862718582623195,32.911781311035156,50927700
2024-06-10,33.078595062054774,33.451478532737575,32.823466630479935,33.392601013183594,17128500
2024-06-11,33.16690635132189,33.16690635132189,32.715523306920225,33.11784362792969,15358000
2024-06-12,33.853797744302184,34.14817784560343,33.22578586332726,33.363162994384766,24769000
2024-06-13,33.19634676689289,33.42203828764519,32.34263966371518,32.529083251953125,23431300
2024-06-14,32.901965312293264,32.91178010356331,32.34264199377576,32.78421401977539,17444700
2024-06-17,32.58795893607688,32.725336066059164,32.22489027208855,32.578147888183594,13690900
2024-06-18,32.55852221863044,33.20615993709387,32.45058197501219,33.068782806396484,15535100
2024-06-20,33.431853609224945,34.13836889025287,33.235598948578705,33.902862548828125,20773000
2024-06-21,33.76548298182334,33.824360498758175,33.16690799434694,33.35335159301758,24022300
2024-06-24,33.63791543170198,33.93229926027949,33.48091246997538,33.60847854614258,18740000
2024-06-25,33.43184920419569,33.46128608927777,33.17672079924409,33.20615768432617,11218300
2024-06-26,32.72533700914941,33.26503823998461,32.65664844217878,33.1865348815918,13325500
2024-06-27,33.559418855188625,33.78511039911323,33.52016717539838,33.5888557434082,11931000
2024-06-28,33.85379888979156,33.951924345796826,33.0982209001632,33.29447555541992,15818700
2024-07-01,33.451476966635624,33.77529395090682,33.17672270807267,33.25522232055664,9041000
2024-07-02,33.2257866379125,33.70660660782302,33.019720936522276,33.382789611816406,12883000
2024-07-03,33.90286012302212,34.89394440391105,33.87342323616765,34.61918640136719,21553200
2024-07-05,35.207954108086206,35.84577709873213,35.18832826700144,35.59064865112305,22021900
2024-07-08,35.18832553674827,35.48270564368601,34.844878959282454,35.423828125,16419200
2024-07-09,35.45326536405153,35.68876792977206,35.158885285277975,35.43363952636719,8215200
2024-07-10,35.85558753962812,36.47378461416771,35.84577274865359,36.35603332519531,20498400
2024-07-11,37.21955342204828,37.43543391561523,36.336409351316384,37.376556396484375,27454300
2024-07-12,36.944798387895275,37.592436111944814,36.944798387895275,37.455055236816406,16263300
2024-07-15,37.48449507510385,37.857378527507315,36.98404554154336,37.23917770385742,20303000
2024-07-16,37.55318517377383,38.58351742645236,37.386367408023226,38.54426574707031,24694000
2024-07-17,38.426512628365224,38.67182999799045,37.66112363297324,37.71999740600586,23583000
2024-07-18,37.96531574222527,37.96531574222527,36.93498351221635,37.160675048828125,17062500
2024-07-19,36.16959510036834,37.00367269493726,36.10090653343895,36.689666748046875,22858600
2024-07-22,36.611165657322786,36.87610886619158,36.27753388429312,36.74854278564453,15249200
2024-07-23,36.71910215582844,36.85648302739619,36.463973737980346,36.74854278564453,8238400
2024-07-24,37.111614442547186,37.661126743461274,36.503228363738,36.53266525268555,20726900
2024-07-25,35.58083074756342,35.87521459484584,35.22757686866751,35.512142181396484,31714300
2024-07-26,35.835962646459365,36.07146523061792,35.62989694950911,35.79671096801758,15901400
2024-07-29,35.91446078654759,36.012589978625876,35.384578122308575,35.953712463378906,10107100
2024-07-30,36.17940451263561,36.33640747898169,35.69858456587086,36.25790786743164,12735900
2024-07-31,36.934982043353365,37.2882396494783,36.699479468100705,37.21955108642578,26227500
2024-08-01,37.23917823155703,37.494306654240376,36.10090576257348,36.57191467285156,18198600
2024-08-02,37.052734732186096,37.34711857725342,35.423827509312765,35.79671096801758,27344500
2024-08-05,33.657545017193314,34.92338364262598,33.23559880871576,34.67806625366211,28615600
2024-08-06,34.49162610647406,35.364955405198074,34.26593081639714,34.9626350402832,14294700
2024-08-07,35.42382807420036,35.571019999081216,33.932301702088594,34.05986404418945,17663300
2024-08-08,34.530874741940536,35.090198096104594,34.08930643104516,34.884132385253906,16675700
2024-08-09,35.168701171875,35.21776390121422,34.55050030111114,35.168701171875,9773600
2024-08-12,35.47289490060169,36.41491274820244,35.38458049343623,36.20884704589844,23084600
2024-08-13,36.11071723389236,36.79760663981819,36.06165450702183,36.67985534667969,13088400
2024-08-14,36.40509838588605,36.50322758569681,35.88502672825077,36.414913177490234,11565000
2024-08-15,36.454164156435986,36.797606991054025,35.963529396555266,36.5915412902832,14414800
2024-08-16,37.17049084471095,37.769065856933594,36.954610350271,37.769065856933594,25966100
2024-08-19,37.5041202420674,38.5148265956561,37.445242726454545,38.485389709472656,21162600
2024-08-20,38.91715007246903,39.22134497951528,38.43632634755672,38.76014709472656,21548600
2024-08-21,38.662020589584685,39.17227744598464,38.36763673895513,39.025089263916016,13915600
2024-08-22,38.48539181380124,38.48539181380124,37.81812824002093,38.05363082885742,19744100
2024-08-23,38.5148273810707,38.81902226973818,38.08307015417632,38.60314178466797,15858600
2024-08-26,38.838651522266325,38.92696219037933,38.33820194348118,38.49520492553711,9216600
2024-08-27,38.191005874654316,38.524637643301936,37.93587746015717,38.485389709472656,8482900
2024-08-28,38.00456723205135,38.00456723205135,37.32749262557769,37.64149856567383,16988600
2024-08-29,37.81812831377753,38.40688853026315,37.78868768268093,38.15176010131836,13328500
2024-08-30,38.063443273582266,38.249883123520526,37.62187126768014,37.89662551879883,13171500
2024-09-03,37.29805200581299,37.39618120164972,36.20884600637085,36.57191467285156,25260000
2024-09-04,36.19903260734349,36.66023048739815,36.032218582874656,36.218658447265625,15685100
2024-09-05,36.954607685512855,37.12142544007273,36.581724242890125,36.63079071044922,16260000
2024-09-06,36.47378708621399,36.728919263399675,35.54158401573636,35.63970947265625,19939200
2024-09-09,35.924276362110504,36.18921957164041,35.82614716788868,36.07146453857422,15264700
2024-09-10,36.07146701342055,36.53266489979067,35.76727584857751,36.52285385131836,13942800
2024-09-11,36.208846779541176,36.70929258763329,35.80652642613499,36.689666748046875,10854700
2024-09-12,37.347120567124975,38.69145880779143,37.30786888659184,38.47557830810547,35275900
2024-09-13,39.05452700391554,39.466662157842705,39.02509011550868,39.33909606933594,27456000
2024-09-16,39.25078158739606,39.47647313233404,38.8386501774866,39.14284133911133,12162500
2024-09-17,38.95640139791089,39.329284870370444,38.57370687710202,38.750335693359375,17906900
2024-09-18,39.01527387303672,40.22223865828242,38.28913653553099,38.32838821411133,41241400
2024-09-19,39.34890433192765,39.49609625003362,38.52463782567537,38.97602462768555,22284500
2024-09-20,39.643288020624965,39.91804227393802,39.3096562516394,39.751224517822266,28604400
2024-09-23,39.78066974824181,40.418492730523155,39.54516340155955,39.57460403442383,19153300
2024-09-24,39.97692389657039,40.811001533098825,39.584414571588574,40.63437271118164,27422400
2024-09-25,40.52643246150749,40.90912699459682,40.40868116130608,40.53624725341797,18581100
2024-09-26,40.84043580619127,41.16425654004501,40.447930249598805,40.86006164550781,21027600
2024-09-27,40.6147485535486,40.80119217510143,39.55497932137852,39.604042053222656,25323400
2024-09-30,39.348904339839905,39.4274076943778,38.61295223565402,39.07415008544922,24523200
2024-10-01,39.55497516290236,39.996543446323344,39.21152858960747,39.692352294921875,22975900
2024-10-02,39.74141572613478,40.02598478650347,39.2998436916396,39.61384963989258,13265800
2024-10-03,39.10358844513106,39.123214284505,38.612953690520904,38.81902313232422,17147200
2024-10-04,38.90733711205547,39.437219796368,38.61295326791443,38.809207916259766,15816800
2024-10-07,38.55407854012783,38.563889587841715,38.102695480369825,38.298946380615234,15133300
2024-10-08,37.95550587205806,38.2695118234575,37.66112576052686,38.259700775146484,16180400
2024-10-09,37.71999946277178,38.063446044921875,37.45505623994041,38.063446044921875,16477900
2024-10-10,38.25970023905384,39.14284056127293,38.0438197467743,39.12321472167969,22975000
2024-10-11,39.28022080802138,39.70216703459876,39.240972868970765,39.29984664916992,12060100
2024-10-14,39.182091969408965,39.554975432608806,38.936774591059674,39.40778350830078,7455300
2024-10-15,39.37834754752408,39.91804504394531,39.221344571415244,39.91804504394531,19942200
2024-10-16,40.37924378025899,40.938567128461194,40.12411159914265,40.232051849365234,20379100
2024-10-17,40.58530547357635,41.10537708965371,40.408676671277256,40.71287155151367,22965700
2024-10-18,41.21332016209325,42.49878459090811,41.03669134765315,42.34178161621094,31223500
2024-10-21,42.930540693162776,43.18566911653958,42.27309192387703,42.41046905517578,21060600
2024-10-22,42.70484829520069,43.39173768107893,42.70484829520069,43.2641716003418,21161600
2024-10-23,42.685224810982454,42.979604923098606,42.10627563508066,42.4497184753418,22959800
2024-10-24,42.65578644460384,42.69503437981205,40.62455887516995,41.340885162353516,31946100
2024-10-25,41.12500564161558,41.3703230228572,40.63437087913234,40.78156280517578,21541200
2024-10-28,40.5558711870965,40.85025129538173,40.45774198883731,40.58530807495117,14784900
2024-10-29,41.017064002522595,41.340884731526785,40.70305806465273,41.23294448852539,20281300
2024-10-30,41.16425531992215,41.17406636766656,40.2614854543503,40.73249435424805,18161400
2024-10-31,40.065235321195104,40.124109095281675,39.123213760103276,39.58441162109375,27998400
2024-11-01,39.731603729001094,40.055420717732964,39.10358810424805,39.10358810424805,14358100
2024-11-04,39.51572524068624,39.61385069842,38.956401896461976,39.15265655517578,13299700
2024-11-05,39.613851125574165,39.77085410558891,39.12321634512231,39.35872268676758,16833300
2024-11-06,37.494309732305645,38.259702549682146,36.85648675161267,37.916255950927734,44258400
2024-11-07,38.26951120780624,39.05452607367611,38.0045679887165,38.828834533691406,26922000
2024-11-08,38.49520450377734,38.60314475461687,37.906444263329746,38.28913879394531,22864200
2024-11-11,36.719104980389616,37.02329989024892,35.51214387597437,36.042030334472656,45733600
2024-11-12,35.59064248459614,35.77708232772871,35.001878583803226,35.43363952636719,37430800
2024-11-13,35.72802134087486,35.95371287034063,34.893943786621094,34.893943786621094,24799000
2024-11-14,34.64862873581254,35.29626648119005,34.530873696110284,35.05094909667969,34765200
2024-11-15,35.25701429696075,35.502331677962005,34.73694264707685,34.844879150390625,20360400
2024-11-18,35.865397469365824,36.58172371509153,35.796708907669235,36.326595306396484,33546000
2024-11-19,36.7877957530795,37.21955299197828,36.522852534921334,37.17049026489258,22829200
2024-11-20,37.02329981804151,37.14105111639604,36.807419318352956,37.01348876953125,16236500
2024-11-21,37.405991379306855,37.48449473414975,36.88591975483365,37.42561721801758,21175800
2024-11-22,37.74943951454076,37.84756496893636,37.307867483268296,37.56299591064453,19691300
2024-11-25,36.29715920758577,36.542476574175105,36.09108977478381,36.4443473815918,31492500
2024-11-26,36.41491247726645,36.70929258454565,36.140158209572014,36.5915412902832,9924400
2024-11-27,37.04292288108341,37.258803364586726,36.62097670509748,36.74854278564453,15286800
2024-11-29,37.0134902550971,37.14105260708172,36.79760974674401,36.954612731933594,7275300
2024-12-02,36.47378381312327,36.670038452597744,36.0224007626041,36.14015579223633,16539100
2024-12-03,36.40509818620307,37.4059935593056,36.40509818620307,36.99386215209961,18593800
2024-12-04,37.07236169473264,37.298053237742444,36.84667015172283,36.89573287963867,8149100
2024-12-05,36.93498569134481,37.27843228377486,36.44435091065586,36.82704544067383,9910000
2024-12-06,36.709293572844885,36.709293572844885,36.05184477366283,36.13034439086914,13455700
2024-12-09,37.30786853250994,38.14194614806842,37.199928283691406,37.199928283691406,30314300
2024-12-10,37.68075086535739,37.798502159023656,37.19992715608042,37.26861572265625,13338500
2024-12-11,37.523748626327766,38.436325849140324,37.36674565062122,38.357826232910156,21116900
2024-12-12,37.5924394648424,37.70037597577251,36.91536104982459,36.954612731933594,22705200
2024-12-13,36.54248069429713,36.67985783615692,35.80652851155139,35.963531494140625,19521400
2024-12-16,36.16959206388466,36.208843739762266,35.61026878398919,35.737831115722656,11421200
2024-12-17,35.31589127420302,35.6298972176079,35.119636623763434,35.512142181396484,14782900
2024-12-18,35.306077509393866,35.41401775743622,33.71642190678282,33.883235931396484,32773200
2024-12-19,34.06967796796257,34.29536950198527,33.54960259167491,33.74585723876953,22161700
2024-12-20,33.853799116699314,34.46218518315134,33.7949215967538,34.079490661621094,27872000
2024-12-23,33.98318949606563,34.23138691025295,33.63571463108016,34.16189193725586,14593200
2024-12-24,34.271099405449,34.33066814824308,33.89383827547051,34.16189193725586,5322000
2024-12-26,34.281023386753105,34.5093645383628,34.112250974029664,34.221458435058594,8720800
2024-12-27,33.834271327229175,34.13210744927478,33.586073927659214,34.012969970703125,10587100
2024-12-30,33.65556822220559,33.76477189458716,33.179025891851,33.52650451660156,18268000
2024-12-31,33.40737318394915,33.80448677099888,33.35773067177497,33.665496826171875,8034600
2025-01-02,34.21153006163374,35.144754746386255,34.191673814384544,35.08518600463867,24527000
2025-01-03,34.97597987368811,35.04547484811753,34.7178562239777,34.74763870239258,13694400
2025-01-06,34.74763539527013,34.96605031537032,34.271096850026574,34.330665588378906,13039000
2025-01-07,34.99583422533401,35.601436501567086,34.61857310802307,34.79727554321289,16976300
2025-01-08,35.164605280034806,35.7106425814945,35.00575909793518,35.64114761352539,25009000
2025-01-10,36.395667241282965,36.633938415947014,35.48230261065308,35.71064376831055,19827300
2025-01-13,35.37309440243019,35.402876878439585,34.846913340716306,35.12489700317383,15738500
2025-01-14,35.253959726630185,36.14747194986227,35.253959726630185,36.05812072753906,16157700
2025-01-15,36.52472949509453,36.65378941349732,35.92905347579117,36.45523452758789,17436900
2025-01-16,36.70343184050451,36.901986725972165,36.31624451177421,36.355953216552734,13483600
2025-01-17,36.06804984816046,36.75307334414137,35.859561143129774,36.48501968383789,16420400
2025-01-21,36.84242279464766,37.676366213138984,36.84242279464766,37.33881759643555,26496400
2025-01-22,37.72600409991031,37.775642821550804,37.04098065201148,37.25939178466797,12555800
2025-01-23,36.85234933021129,37.24946668981458,36.57436945080408,37.229610443115234,12871700
2025-01-24,37.71608120908333,37.88485363503905,37.56716124378777,37.676368713378906,13728000
2025-01-27,37.318963476057256,37.318963476057256,36.58429746119101,37.080692291259766,15489400
2025-01-28,37.209754323242834,37.51752046734398,36.94170067267574,37.42816925048828,10986700
2025-01-29,37.3884568830453,37.97420290947653,37.179971972076174,37.62672805786133,11319800
2025-01-30,38.38124662943799,39.4435312218478,38.29189541198333,39.135765075683594,28590100
2025-01-31,39.23504835848463,39.39389455478651,38.52023858153015,38.67908477783203,19903100
2025-02-03,38.93720877452877,39.632158454970174,38.698937607526204,39.274757385253906,20541800
2025-02-04,39.5825211521222,39.89028729820217,39.383962470367116,39.74136734008789,12813100
2025-02-05,40.07891619951086,41.230552015858514,40.05905995249894,40.74408721923828,25371500
2025-02-06,40.7738701316191,40.86322135053102,40.37675276152349,40.833438873291016,12224900
2025-02-07,41.210694882781716,41.448966054609734,40.55545389424442,40.56538391113281,19136200
2025-02-10,41.64752539978322,41.90564903513536,41.49860544160846,41.65745162963867,25509400
2025-02-11,41.41918469175784,41.59788712863478,41.091562295086156,41.14120101928711,15264200
2025-02-12,41.06178060902384,42.17370395875134,40.803653178699264,41.826229095458984,21179300
2025-02-13,41.95528618535438,42.28290856617534,41.41918268785274,42.20348358154297,17219600
2025-02-14,42.29283506342544,42.35240380227686,40.704373232638204,40.78379821777344,26322400
2025-02-18,41.33975977890577,41.419184767526104,40.84336496160442,41.240482330322266,21365800
2025-02-19,41.05184987594493,41.39932852037102,40.81358248446775,41.240482330322266,12767300
2025-02-20,41.40925516191965,42.2630548621146,41.339760189782105,41.9354362487793,16326300
2025-02-21,41.717022011710384,41.726948241956386,40.45617868771607,40.50581741333008,31767300
2025-02-24,40.87314595440951,40.87314595440951,40.03920632733246,40.674591064453125,12704000
2025-02-25,40.36682416980468,40.49588787561353,39.2449708840329,40.088844299316406,20002900
2025-02-26,39.52295558216781,40.81358131265742,39.44353059582787,40.56538391113281,12880600
2025-02-27,39.910142032715065,40.16826565818086,39.135763581934256,39.17547607421875,21976300
2025-02-28,38.579805508969805,39.44353142399681,38.30182562532706,39.4336051940918,15602200
2025-03-03,40.09877279257287,40.56538513339991,39.2251168524686,39.423675537109375,16743500
2025-03-04,40.158343016671154,40.46610539139388,39.20526583984042,39.989566802978516,18770600
2025-03-05,39.91014195154834,41.41918257056476,39.900211934901556,41.39932632446289,18539800
2025-03-06,41.07170525198786,41.63759502873378,40.763942895591335,41.0617790222168,16373000
2025-03-07,41.121344894893845,42.00493085195214,40.62495007701908,41.339759826660156,17132100
2025-03-10,41.08163667196549,41.30004781911434,39.91014458499712,40.2179069519043,20333800
2025-03-11,40.605097737059175,41.73687731920842,40.55545522537143,41.5383186340332,22449300
2025-03-12,41.16105529057591,41.80637003578729,40.922787910972,41.59788513183594,17152200
2025-03-13,41.8758654288374,43.22605988427059,41.76665796741386,42.8984375,30784900
2025-03-14,43.46433021781285,43.55368143893676,42.89844041309207,43.325340270996094,23488100
2025-03-17,43.54375459674717,44.30820308068839,43.45440337687892,44.248634338378906,18558800
2025-03-18,45.11235733418058,45.3208460250891,44.36776514617052,44.526611328125,21782900
2025-03-19,44.54646857934409,44.953512166485815,44.21884997856749,44.903873443603516,17130700
2025-03-20,44.32806004091528,45.013083546125635,44.06000637700027,44.834381103515625,10082900
2025-03-21,44.21885067740392,44.30820189488089,43.52389718449329,44.17913818359375,18163600
2025-03-24,44.238708693952766,44.43726359656255,43.87137379230225,43.93094253540039,14465100
2025-03-25,44.546468837244454,45.29106104636511,44.53654260748725,44.69538879394531,16156900
2025-03-26,44.89394917181115,44.96344414431553,44.238708154489885,44.3479118347168,10123300
2025-03-27,44.89394639680039,45.569043619849396,44.59610649054391,45.430049896240234,16699400
2025-03-28,45.76760186911212,46.60154533605643,45.11236084416959,45.241424560546875,21557400
2025-03-31,45.66832465338286,45.76760210514384,44.17914015381603,45.63854217529297,22217500
2025-04-01,45.59882842295841,45.926447034493734,45.01308238445157,45.469764709472656,17174800
2025-04-02,45.43997991295104,45.67824729332614,44.79466516565098,45.430049896240234,15903800
2025-04-03,43.54375341023704,46.37320231697945,43.2161310172501,45.390342712402344,30543000
2025-04-04,44.159280947368664,44.248632162843855,41.16105590132445,41.37947082519531,59893500
2025-04-07,40.41646468807314,43.384907330488346,39.969708599791005,41.15113067626953,33751700
2025-04-08,42.958009503292644,43.21613315129596,40.88307894015592,41.20077133178711,22508400
2025-04-09,42.958008064186025,45.00315608059174,42.46161324549267,44.66560745239258,47895600
2025-04-10,44.943585609313686,47.31635214540173,44.83437814745327,46.82988357543945,36181600
2025-04-11,48.51762709441572,49.78840036825703,48.50770086469768,49.341644287109375,40991500
2025-04-14,48.59705152440832,49.83803852050051,48.07087046277484,49.65933609008789,20729500
2025-04-15,50.106092091536,50.37414573675592,49.54020232513563,50.16565704345703,14842000
2025-04-16,51.9328267467419,52.429221560193945,50.92018087283671,51.535709381103516,36630500
2025-04-17,51.138591021193314,51.22794223736513,50.00681147447819,50.5528450012207,25661200
2025-04-21,52.28030339385475,52.866049445299744,50.582633982565575,51.287513732910156,36299300
2025-04-22,51.52578132732847,51.57542004947822,49.65933583440207,49.867820739746094,38019600
2025-04-23,47.58440825811834,48.825395321417496,47.425562065503726,48.378639221191406,38934600
2025-04-24,49.25229461133314,49.46077952665885,48.44813364011579,49.40121078491211,22803300
2025-04-25,47.87231520907327,48.54741243278849,47.73332527251868,48.45806121826172,19299600
2025-04-28,48.19001094922774,49.07359313964844,47.96166978215659,49.07359313964844,15128300
2025-04-29,48.42827588336715,48.8551757179326,48.051018558972594,48.13043975830078,13110200
2025-04-30,47.65390038993041,48.67647245722965,47.64397416038021,48.6566162109375,15832300
2025-05-01,47.20714741130086,47.29649863187763,46.55190638946849,46.85967254638672,27130000
2025-05-02,47.50498038799924,47.76310780234276,46.39305710711259,46.740535736083984,14244100
2025-05-05,48.51762955538109,48.547415820429656,47.70354233830423,48.36871337890625,20923200
2025-05-06,49.55013022943977,50.463498657414156,49.014022920880365,50.42378616333008,31155000
2025-05-07,49.18279740822533,49.91745958714525,48.93460000966205,49.460777282714844,22412000
2025-05-08,49.49056072294576,49.689119403103575,48.368711186358986,48.527557373046875,20400400
2025-05-09,49.26222082016616,50.10609428551825,48.755899770708446,50.006813049316406,20695300
2025-05-12,47.713471118656855,47.73332736577709,46.01579796819984,46.283851623535156,42761600
2025-05-13,46.383132060277255,46.41291453684871,45.82716851206177,46.204429626464844,22356300
2025-05-14,45.18185275389837,45.33077270786624,44.77480917187015,45.22156524658203,26797000
2025-05-15,45.7179629130896,46.26399646659127,45.281136827726655,46.15479278564453,23456700
2025-05-16,45.082576555788954,46.015797436505586,44.923730367854375,45.99594497680664,17272000
2025-05-19,46.76038986468104,47.05822978220242,46.31363756278271,46.998661041259766,19577600
2025-05-20,47.08801052458181,48.46798744779059,46.91923432505714,48.45806121826172,26942300
2025-05-21,48.7261178888157,49.34164641202048,48.61691042125525,49.083518981933594,23175400
2025-05-22,48.924671123600845,49.21258102151422,48.34885511496594,48.82539367675781,16934800
2025-05-23,49.98695461331042,50.423784459087365,49.39128237094953,50.16565704345703,24171600
2025-05-27,49.05373556840364,49.94724775213087,48.98424059713506,49.41114044189453,20431100
2025-05-28,49.560057695972816,49.99688756741356,49.421067750402386,49.98695755004883,13211000
2025-05-29,50.22522754401912,50.473424951572646,49.579912769503196,49.91746139526367,11852300
2025-05-30,49.4905629126844,50.35429264150834,49.36150298398454,50.28479766845703,16795500
2025-06-02,51.3470795830363,53.44186625555881,51.28751084334663,53.38229751586914,39386800
2025-06-03,52.478861745294225,52.70720291137695,51.99239314820183,52.70720291137695,24482500
2025-06-04,52.87597463161123,53.114245811898215,52.48878727743782,52.82633590698242,18924400
2025-06-05,53.36244166168925,54.226167563985676,52.429220789506445,52.76676940917969,28630300
2025-06-06,52.707200867160964,52.707200867160964,51.09888274958653,51.247798919677734,31562000
2025-06-09,51.29743758660147,51.94275235119554,51.03931395307894,51.75412368774414,15247300
2025-06-10,52.05195937586521,52.22073179113142,50.75140362785885,51.05916976928711,17301700
2025-06-11,51.13859088951149,51.56549072265625,50.920179751691975,51.56549072265625,13531000
2025-06-12,52.41929173414264,53.37236887051805,52.33987053304063,53.14402770996094,25699500
2025-06-13,53.94818808339918,54.30559295242474,53.46171950340509,54.06732177734375,22541400
2025-06-16,53.31280316658891,53.75955925147826,53.114244485838995,53.163883209228516,18475000
2025-06-17,53.40215588644316,53.62056703294208,52.67741990042307,53.12417221069336,13406500
2025-06-18,52.96532611867505,53.312804767217834,52.518573807564536,52.61785125732422,14897000
2025-06-20,52.31008508265398,53.044751087034605,51.88318523191247,51.91297149658203,18722300
2025-06-23,52.14131237128698,53.35251694454645,51.89311496117262,52.72705841064453,21458300
2025-06-24,51.16837635987089,51.75412236925646,50.334432953070966,51.48606872558594,22159900
2025-06-25,51.21801661831376,51.783906398418296,51.079026677543084,51.54563522338867,12728900
2025-06-26,51.386789456192545,52.2405891418457,51.386789456192545,52.2405891418457,14874300
2025-06-27,50.55284451105637,50.75140318808981,49.957172267147826,50.36421585083008,32657400
2025-06-30,50.56277423336715,51.69455376251655,50.38407180379706,51.684627532958984,19782700
2025-07-01,52.62777537675269,52.66748786994064,51.585347047315494,51.664772033691406,19063300
2025-07-02,51.95268154199714,52.37957758542035,51.4662129720434,52.28030014038086,13096100
2025-07-03,51.81368985189877,52.538425833288585,51.77398114463844,52.528499603271484,11610900
2025-07-07,51.555564113385245,52.82633358658545,50.94996185281584,52.78662109375,22030200
2025-07-08,52.55828159325887,52.56821161037583,49.98695630278898,50.42378616333008,37415300
2025-07-09,50.48335114995965,51.28751211331957,50.19544503564333,51.128665924072266,19712100
2025-07-10,51.30736860735496,51.52578353881836,50.61241510585571,51.52578353881836,13666200
2025-07-11,51.94275288683066,52.21080654009429,51.535709291991495,52.042030334472656,19044800
2025-07-14,52.04202922731025,52.91568513930241,52.00232052141335,52.071815490722656,13297300
2025-07-15,52.081742348640745,52.22073228893594,50.41385549071473,51.247798919677734,20154900
2025-07-16,51.337150263066455,51.99239125978058,50.60248806621308,51.44635772705078,16545300
2025-07-17,50.69183818845323,51.04923926214798,50.08623592830574,50.870540618896484,17442300
2025-07-18,51.31729321949474,51.416574452117196,50.75140344871804,50.76133346557617,12887800
2025-07-21,51.565492135904925,52.965325365895964,51.555565905946814,52.6377067565918,22674100
2025-07-22,53.25323385614233,54.38501340095201,52.83626403950373,54.08717727661133,23906900
2025-07-23,53.779412278233636,54.17652964392143,53.23337874080682,53.4517936706543,22084600
2025-07-24,52.66748904595415,53.412081267491274,52.15123798455872,52.945472717285156,12142200
2025-07-25,52.53842455870153,53.59078291300417,52.46892958869202,53.570926666259766,25492200
2025-07-28,52.76677136720615,52.95540003715556,51.76405170073702,52.21080780029297,20458100
2025-07-29,52.37957832866109,52.975254368925675,52.14131094230871,52.86604690551758,13473500
2025-07-30,52.171095211447586,52.568212585269265,51.1485230865659,51.406646728515625,21662100
2025-07-31,51.644915527954296,51.9427516509859,50.99960077205933,51.26765441894531,16429400
2025-08-01,52.359725384827954,52.67741775515387,51.56549067182138,52.071815490722656,20409400
2025-08-04,52.78662327412174,54.65306885537262,52.776697044098746,54.543861389160156,27343200
2025-08-05,54.21624290071479,56.251460907317174,54.176530406148906,56.05290222167969,32074400
2025-08-06,56.08268789391794,56.9761962890625,56.072757876785374,56.9761962890625,16684000
2025-08-07,57.492445764774786,58.05833553557374,57.1946096412793,57.5222282409668,22573200
2025-08-08,58.00869997875238,58.38596110893843,57.42295392946035,57.6413688659668,18210700
2025-08-11,56.18196551080883,57.58179874254509,55.933768102435785,57.27403259277344,17523500
2025-08-12,57.41302587213679,57.81013945010204,56.95633976604854,57.790283203125,11586200
2025-08-13,58.23704075360263,58.34624822112102,57.452736020690516,57.65129470825195,10707200
2025-08-14,57.23432352583174,58.10797567103348,57.00597857883542,57.28396224975586,11226900
2025-08-15,57.38324078228552,58.137763034085154,56.92655845404423,57.859779357910156,13540600
2025-08-18,57.78035728522599,57.99876842876906,57.28396246969516,57.68107604980469,8505900
2025-08-19,57.42295150600852,57.62151018652615,56.18196448676318,56.191890716552734,15274300
2025-08-20,56.837205765635,57.90942037347636,56.777637025024305,57.89949035644531,15489900
2025-08-21,57.75057210266704,59.25961282460797,57.69100714749051,58.86249923706055,17900200
2025-08-22,58.36610155177034,60.2424732917114,57.95905796684763,59.74607849121094,19540500
2025-08-25,59.95456419854733,60.35168155912367,59.73614927151117,59.82550048828125,8388400
2025-08-26,60.12333970413193,61.15583801269531,60.004202225027406,61.15583801269531,17598200
2025-08-27,60.60980518007469,61.036705017089844,60.033989173267706,61.036705017089844,10691600
2025-08-28,60.95728565203122,61.175696798404765,60.26233214384351,60.88779067993164,15854800
2025-08-29,60.76865272271174,62.77408824229335,60.76865272271174,62.71451950073242,19954400
2025-09-02,63.92572391569924,64.60082116967197,62.74430561484289,64.33277130126953,41939600
2025-09-03,65.0078687473947,65.3553436053819,64.243416485439,64.7298812866211,25768700
2025-09-04,63.89593861797646,64.47175839802512,63.42932629877784,64.10442352294922,24753700
2025-09-05,65.53404898007915,66.38784871190408,64.69017926589426,65.86166381835938,31720200
2025-09-08,66.74525028672932,66.92395272345031,66.01058050555199,66.75517272949219,24932700
2025-09-09,67.16222336009929,67.45013327619634,66.18928614106845,66.36798858642578,24430000
2025-09-10,66.98351617086081,68.0954356859948,66.9735861539375,68.00608825683594,18297300
2025-09-11,67.74795936866751,69.25700378417969,67.58911697325665,69.25700378417969,18762100
2025-09-12,69.45556285903008,69.60448282109373,68.74075310063168,69.24707794189453,13891100
2025-09-15,68.80032494082585,70.24979690333075,68.65140498025411,69.97181701660156,16298200
2025-09-16,70.06116586694792,70.13066084003738,68.13515150649134,68.5223388671875,22742300
2025-09-17,67.74796247771707,69.4257793823455,67.28135013801207,68.1649398803711,28270300
2025-09-18,67.65861396881228,68.30392873526728,66.77503181490967,68.29399871826172,21638900
2025-09-19,68.42305815133935,72.0070292519038,68.39327567491983,71.8382568359375,36429000
2025-09-22,73.23808480242887,73.8337646165933,72.31479017973417,73.79405212402344,30822600
2025-09-23,74.34008565003556,74.73720302162609,73.34729600825119,73.69477844238281,23168400
2025-09-24,73.42672022689162,73.91318502543342,71.74890332608054,71.79854583740234,27972000
2025-09-25,71.7886121269232,72.67219424743008,71.49077979746642,72.60269927978516,23268600
2025-09-26,73.14874322742199,74.38973031558103,72.7119133485871,74.14153289794922,21411900
2025-09-29,76.02783383051704,76.31574374027457,74.81662923580741,75.17403411865234,24062700
2025-09-30,74.42943925907203,76.62350341729613,74.20109431301987,75.84912872314453,21221700
2025-10-01,76.55400770891428,77.39787736557847,76.03775286819914,76.57386016845703,22633000
2025-10-02,77.72549703480647,77.75527951026974,73.56570627574463,76.54407501220703,41791200
2025-10-03,76.76249070813716,77.19932055104088,75.97818602400709,76.52422332763672,15113300
2025-10-06,77.49715270010095,78.91684211180268,77.22910284446874,78.0431900024414,26286300
2025-10-07,78.0928330100521,78.12261548593654,76.13703630021703,76.4150161743164,21615600
2025-10-08,78.11268759352245,78.57929992675781,77.03054296919605,78.57929992675781,25676100
2025-10-09,78.619015773881,78.75800572063909,74.04225482516149,75.06482696533203,40970500
2025-10-10,75.31302178985395,76.0675440279997,74.53864709187604,75.23359680175781,24817200
2025-10-13,77.51701472495697,78.88706166277676,77.39787724473555,78.79771423339844,26089500
2025-10-14,77.46737616782302,78.82750073248698,77.05040632734526,77.88434600830078,20129200
2025-10-15,78.93670168994028,81.1506182134613,78.66864426147058,80.882568359375,31551700
2025-10-16,81.86543463516068,84.47646871993892,81.13077240596851,83.83116149902344,39781800
2025-10-17,81.57752179203652,81.82571919866268,76.62350367660568,78.1623306274414,70598800
2025-10-20,79.60187616942336,80.43581585783744,78.44031407153915,79.78057861328125,29436000
2025-10-21,74.0422539911919,74.44929380943194,71.60991480155374,72.2651596069336,71270200
2025-10-22,69.97181947173857,72.79133850678885,69.77325699254791,72.42400360107422,47998500
2025-10-23,73.98268203834405,74.14153201945057,73.05938735271842,73.25794982910156,25689000
2025-10-24,71.97724554136316,73.47635994863823,71.62977069845397,72.27508544921875,24477100
2025-10-27,69.64419696574554,70.8653240199503,67.63875758780028,69.40592956542969,50661700
2025-10-28,68.14508261428988,70.7263342516949,67.92666767411842,70.50791931152344,28611800
2025-10-29,72.37436292746656,72.47364037200357,70.19022127573498,70.55755615234375,33614500
2025-10-30,70.40863992703326,72.53320916504835,70.00160011056056,72.3743667602539,25166200
2025-10-31,72.38429780339939,72.39422024645074,70.63698587959364,71.54042053222656,20882300
2025-11-03,71.20287375907257,71.91768350742076,70.22001414228572,70.78590393066406,15630000
2025-11-04,68.840028522172,69.12793842050941,67.70824896285043,67.78767395019531,28765500
2025-11-05,69.40592390242952,70.37885345939287,68.97902407557073,70.16043853759766,24340100
2025-11-06,70.75611124727449,72.18573069079386,70.19022147994534,70.24979400634766,22007600
2025-11-07,70.96460897139289,72.02689361572266,69.97181930101428,72.02689361572266,20421900
2025-11-10,74.69748964403578,75.91862422172453,74.0819649210112,75.43215942382812,30851200
2025-11-11,75.98811845153097,76.26609833333129,74.40957901647383,76.15689086914062,17170100
2025-11-12,76.19660706625376,79.39339101109772,75.74985474513034,78.67858123779297,33319500
2025-11-13,78.9168474037538,79.16504481702773,75.8689834717252,76.49444580078125,30345900
2025-11-14,73.00975114443953,76.35545496305454,72.72184123948003,75.6108627319336,28841200
2025-11-17,75.10453367061284,76.41501562071842,73.6649842267651,74.40957641601562,25837000
2025-11-18,75.06482618959235,75.91862589621668,73.84369158496978,75.08467864990234,24323800
2025-11-19,76.39515499129814,77.61628950487015,74.97546559189522,75.83919525146484,21959400
2025-11-20,76.18667661151153,77.17946627442969,72.41408043705296,72.44386291503906,34685000
2025-11-21,72.49349520712005,74.121677163301,71.92760542289034,73.11895751953125,25694900
2025-11-24,73.6153543944399,77.43759304930443,73.53592940422949,77.39788055419922,24487400
2025-11-25,76.7525641858101,77.97369876843969,76.3058118802341,77.2390365600586,14938400
2025-11-26,78.08290652157436,81.2399778725001,77.9836290726791,80.96199798583984,27375300
2025-11-28,81.66687567610771,82.67951774851367,81.18040331224165,82.6298828125,15906800
2025-12-01,83.34468894472579,83.4241139353946,81.5278896230766,82.22283935546875,20533900
2025-12-02,81.87536033940005,82.36182512741796,78.72821909390579,81.02156066894531,25468400
2025-12-03,81.53780950239057,82.32211421822083,80.35639499447024,80.47552490234375,17556100
2025-12-04,79.76071423417712,80.90242380917786,79.45295187655516,80.80314636230469,12264600
2025-12-05,81.40874686604467,83.15605867570423,80.13797739515898,80.44573974609375,17559200
2025-12-08,80.43581520411591,80.66416015945009,78.49987839004272,78.5892333984375,18977000
2025-12-09,78.72821819468763,81.47824204993954,78.71828817787474,81.34918212890625,19287000
2025-12-10,80.96199636108392,83.33476294166762,79.94934670927631,82.71923065185547,22917900
2025-12-11,82.60009710936387,86.81945318618178,82.52067969268505,85.6380386352539,29997000
2025-12-12,87.8618850303911,87.8618850303911,83.63259895216848,85.04236602783203,26735900
2025-12-15,85.88623172343623,86.12449911023364,83.11634778837126,84.23819732666016,21774900
2025-12-16,84.54596803594097,85.67774760162332,83.14613103005908,84.21834564208984,14848800
2025-12-17,85.48911574909407,85.99544058183656,84.00986131942469,85.21113586425781,17984700
2025-12-18,84.71473940835261,86.5712511351551,84.22826704492478,85.05228424072266,18771500
2025-12-19,84.96294106661536,88.05051752047041,84.9430810317262,87.1570053100586,24699800
2025-12-22,89.66000366210938,91.05000305175781,89.06999969482422,90.18000030517578,24707400
2025-12-23,90.3499984741211,90.4800033569336,88.69000244140625,90.2699966430664,18969200
2025-12-24,89.80000305175781,90.2699966430664,88.2699966430664,89.69999694824219,14136200
2025-12-26,90.93000030517578,91.66999816894531,89.61000061035156,91.29000091552734,24708900
2025-12-29,86.93000030517578,87.47000122070312,84.88999938964844,85.8499984741211,39910100
2025-12-30,88.05000305175781,88.4000015258789,86.55999755859375,86.83999633789062,19494800
2025-12-31,86.44999694824219,87.7300033569336,85.66000366210938,85.7699966430664,13174500
2026-01-02,87.12000274658203,87.20999908447266,83.2300033569336,85.7300033569336,24032300
2026-01-05,87.77999877929688,90.66000366210938,87.27999877929688,88.44999694824219,25195000
2026-01-06,89.2699966430664,92.20999908447266,89.06999969482422,92.13999938964844,23581700
2026-01-07,89.45999908447266,91.12999725341797,88.08999633789062,91.05999755859375,18414900
2026-01-08,89.11000061035156,91.55999755859375,88.79000091552734,91.54000091552734,17535800
2026-01-09,91.80999755859375,93.16999816894531,91.2300033569336,92.55999755859375,18108500
2026-01-12,95.19000244140625,96.9800033569336,95.06999969482422,95.72000122070312,27296500
2026-01-13,97.02999877929688,97.97000122070312,96.23999786376953,96.47000122070312,19578600
2026-01-14,98.41000366210938,98.41999816894531,95.37000274658203,96.86000061035156,22672600
2026-01-15,96.08999633789062,97.83000183105469,95.31999969482422,97.11000061035156,13979500
2026-01-16,96.27999877929688,97.33999633789062,94.44000244140625,97.23999786376953,19587300
2026-01-20,101.52999877929688,103.0199966430664,100.9000015258789,102.77999877929688,33061000
2026-01-21,104.9000015258789,105.33000183105469,100.55999755859375,101.29000091552734,34861200
2026-01-22,101.13999938964844,105.83999633789062,101.05000305175781,105.16999816894531,30396700
2026-01-23,105.52999877929688,107.62000274658203,104.8499984741211,107.0199966430664,19623000
2026-01-26,110.69000244140625,112.54000091552734,107.44999694824219,107.4800033569336,38883300
2026-01-27,107.91999816894531,109.37999725341797,103.87999725341797,109.29000091552734,30779100
2026-01-28,110.37999725341797,112.23999786376953,109.01000213623047,112.16000366210938,31375500
2026-01-29,113.29000091552734,113.5,104.6500015258789,107.9800033569336,66962400
2026-01-30,98.91000366210938,101.87999725341797,93.12000274658203,94.19999694824219,102904800
2026-02-02,93.97000122070312,96.87000274658203,92.0,94.19000244140625,35455600
2026-02-03,99.79000091552734,99.98999786376953,95.66000366210938,98.22000122070312,43633800
2026-02-04,101.01000213623047,101.12000274658203,94.94000244140625,98.69999694824219,30256800
2026-02-05,94.54000091552734,97.19999694824219,92.27999877929688,92.44000244140625,39586600
2026-02-06,95.12999725341797,97.93000030517578,94.9800033569336,97.38999938964844,24807700
2026-02-09,98.55000305175781,103.08999633789062,98.51000213623047,102.88999938964844,27057100
2026-02-10,102.2699966430664,103.80000305175781,101.8499984741211,103.01000213623047,15407600
2026-02-11,105.48999786376953,106.47000122070312,102.48999786376953,105.97000122070312,22624300
2026-02-12,104.81999969482422,105.79000091552734,98.12999725341797,98.27999877929688,43435500
2026-02-13,100.91999816894531,104.13999938964844,99.52999877929688,103.94000244140625,31928300
2026-02-17,99.86000061035156,101.19000244140625,97.41000366210938,100.25,26743000
2026-02-18,101.81999969482422,103.69000244140625,101.29000091552734,102.55999755859375,18924100
2026-02-19,102.01000213623047,104.30000305175781,101.11000061035156,104.23999786376953,18466500
2026-02-20,104.33000183105469,106.38999938964844,102.02999877929688,106.26000213623047,23441000
2026-02-23,107.77999877929688,110.54000091552734,107.62000274658203,110.29000091552734,26609300
2026-02-24,107.0,111.5,106.47000122070312,110.69999694824219,15635700
2026-02-25,112.18000030517578,113.16000366210938,110.87000274658203,111.16000366210938,14632600
2026-02-26,110.4000015258789,114.0999984741211,109.12999725341797,113.88999938964844,18622900
2026-02-27,115.19000244140625,115.98999786376953,114.31999969482422,115.83999633789062,18646800
2026-03-02,116.45999908447266,117.18000030517578,111.36000061035156,115.33999633789062,27137300
2026-03-03,107.48999786376953,107.98999786376953,102.54000091552734,105.23999786376953,66618000
2026-03-04,108.16000366210938,108.26000213623047,104.30999755859375,105.87999725341797,20502900
2026-03-05,104.19999694824219,104.19999694824219,99.52999877929688,101.81999969482422,34024100
2026-03-06,99.25,102.5,98.27999877929688,101.37999725341797,25723000
2026-03-09,98.63999938964844,102.56999969482422,95.95999908447266,102.44000244140625,24687000
2026-03-10,104.05999755859375,105.73999786376953,103.0999984741211,103.37000274658203,21592200
2026-03-11,102.05000305175781,102.16000366210938,99.13999938964844,101.36000061035156,19278300
2026-03-12,101.04000091552734,101.11000061035156,98.41000366210938,99.30000305175781,20604300
2026-03-13,98.41000366210938,98.41000366210938,92.88999938964844,93.26000213623047,35725200
2026-03-16,93.3499984741211,95.86000061035156,92.3499984741211,94.37999725341797,21719600
2026-03-17,94.7699966430664,96.12999725341797,93.30999755859375,93.95999908447266,14897800
2026-03-18,89.98999786376953,90.3499984741211,87.7300033569336,88.11000061035156,41331300
2026-03-19,80.86000061035156,83.38999938964844,79.95999908447266,82.9000015258789,63111300
2026-03-20,83.31999969482422,83.38999938964844,78.73999786376953,80.12000274658203,40023300
2026-03-23,81.36000061035156,84.97000122070312,81.12000274658203,83.37999725341797,62217700
2026-03-24,81.91000366210938,84.12000274658203,80.77999877929688,83.5,23529700
2026-03-25,87.5199966430664,88.06999969482422,85.5,86.31999969482422,33509100
2026-03-26,83.47000122070312,86.52999877929688,82.2699966430664,82.38999938964844,41416000
2026-03-27,82.79000091552734,86.91999816894531,82.38999938964844,85.79000091552734,35300800
2026-03-30,87.38999938964844,88.41000366210938,84.7300033569336,85.79000091552734,24114400
2026-03-31,88.05000305175781,91.77999877929688,87.87999725341797,91.7699966430664,36516300
2026-04-01,94.70999908447266,97.70999908447266,93.4800033569336,96.01000213623047,42051300
2026-04-02,90.16000366210938,95.8499984741211,89.98999786376953,94.58999633789062,22726700
2026-04-06,94.26000213623047,95.27999877929688,93.41000366210938,93.81999969482422,11572800
2026-04-07,93.69000244140625,95.2300033569336,91.44000244140625,94.97000122070312,13596700
2026-04-08,100.87999725341797,101.37000274658203,96.62999725341797,98.18000030517578,26188600
2026-04-09,98.3499984741211,99.93000030517578,97.0,98.3499984741211,14310500
2026-04-10,98.9800033569336,100.22000122070312,98.79000091552734,99.38999938964844,17803500
2026-04-13,98.01000213623047,99.2300033569336,97.3499984741211,98.77999877929688,12446100
2026-04-14,100.05000305175781,101.56999969482422,99.41999816894531,100.75,15841100
2026-04-15,99.91999816894531,100.43000030517578,97.68000030517578,97.7699966430664,16644600
2026-04-16,98.20999908447266,99.0999984741211,97.3499984741211,97.66000366210938,13842000
2026-04-17,99.75,102.38999938964844,99.38999938964844,100.33999633789062,21381400
2026-04-20,99.45999908447266,99.55000305175781,98.0999984741211,99.12999725341797,11898000
2026-04-21,97.88999938964844,98.4800033569336,92.69000244140625,92.98999786376953,31531500
2026-04-22,95.04000091552734,95.76000213623047,94.04000091552734,94.4800033569336,14371300
2026-04-23,93.33000183105469,94.0,90.19999694824219,92.19000244140625,27735600
2026-04-24,93.1500015258789,94.51000213623047,92.22000122070312,94.33999633789062,16967400
2026-04-27,93.41999816894531,93.47000122070312,92.12000274658203,92.58999633789062,12010100
2026-04-28,90.13999938964844,90.62999725341797,88.11000061035156,88.54000091552734,25303500
2026-04-29,87.11000061035156,87.6500015258789,85.93000030517578,86.22000122070312,20765700
2026-04-30,88.9000015258789,89.44000244140625,87.41999816894531,88.29000091552734,23142400
2026-05-01,87.70999908447266,89.06999969482422,87.0,87.11000061035156,12337300
2026-05-04,86.13999938964844,87.3499984741211,85.45999908447266,85.6500015258789,15612800
2026-05-05,87.27999877929688,87.69999694824219,85.72000122070312,85.80999755859375,11557600
2026-05-06,90.51000213623047,93.08000183105469,90.44000244140625,92.44000244140625,35115100
2026-05-07,94.80000305175781,96.11000061035156,91.62999725341797,91.72000122070312,26825800
2026-05-08,93.12999725341797,95.30000305175781,92.75,94.58999633789062,19426900
2026-05-11,95.33999633789062,98.73999786376953,95.29000091552734,97.5999984741211,24402800
2026-05-12,95.5999984741211,97.55999755859375,92.8499984741211,97.13999938964844,22283200
2026-05-13,96.08999633789062,97.19999694824219,94.63999938964844,96.2300033569336,12254800
2026-05-14,95.9000015258789,95.91000366210938,93.54000091552734,93.94999694824219,14371600
2026-05-15,89.5,89.55000305175781,86.83000183105469,87.3499984741211,38654700
2026-05-18,88.6500015258789,89.52999877929688,86.38999938964844,87.13999938964844,16998000
2026-05-19,85.55000305175781,85.5999984741211,83.3499984741211,83.77999877929688,21922200
2026-05-20,84.58000183105469,86.94000244140625,83.66999816894531,86.36000061035156,20430700
2026-05-21,84.45999908447266,87.66000366210938,84.11000061035156,85.98999786376953,17092600
2026-05-22,85.61000061035156,86.13999938964844,83.94999694824219,85.0199966430664,14638800
2026-05-26,87.04000091552734,88.56999969482422,86.93000030517578,88.5,21638800
2026-05-27,85.83999633789062,87.3499984741211,85.33999633789062,85.44000244140625,19392200
2026-05-28,84.52999877929688,88.0,83.31999969482422,87.18000030517578,20959900
2026-05-29,87.37999725341797,90.36000061035156,86.6500015258789,89.48999786376953,22277000
2026-06-01,86.44999694824219,87.55000305175781,84.37999725341797,86.68000030517578,26022900
2026-06-02,87.93000030517578,88.29000091552734,85.98999786376953,88.05000305175781,19269000
2026-06-03,86.51000213623047,86.93000030517578,84.94000244140625,85.0,18139600
2026-06-04,86.36000061035156,87.47000122070312,85.62999725341797,86.4000015258789,13420200
2026-06-05,83.80000305175781,83.8499984741211,78.77999877929688,78.83999633789062,44792000
2026-06-08,79.36000061035156,80.30000305175781,78.45999908447266,78.66999816894531,18567600
2026-06-09,79.5,80.2300033569336,75.02999877929688,77.58999633789062,24897100
2026-06-10,74.79000091552734,76.80000305175781,73.62999725341797,73.80999755859375,26414500
2026-06-11,73.98999786376953,78.18000030517578,73.7699966430664,77.72000122070312,34820800
2026-06-12,78.54000091552734,80.6500015258789,77.76000213623047,80.02999877929688,25560200
2026-06-15,85.41999816894531,86.87999725341797,84.70999908447266,85.2699966430664,34324500
2026-06-16,86.1500015258789,87.58999633789062,85.66000366210938,87.23999786376953,21635600
2026-06-17,87.19999694824219,89.98999786376953,84.29000091552734,84.36000061035156,49821500
2026-06-18,84.91000366210938,86.56999969482422,81.47000122070312,82.51000213623047,37180400
2026-06-22,80.41999816894531,81.66999816894531,80.13999938964844,81.44000244140625,17354800
2026-06-23,77.77999877929688,79.22000122070312,77.25,77.66000366210938,26808400
2026-06-24,74.19000244140625,76.4000015258789,73.69999694824219,74.58999633789062,30515800
2026-06-25,76.48999786376953,76.93000030517578,74.52999877929688,75.66999816894531,30958700
2026-06-26,76.66000366210938,78.48999786376953,76.19000244140625,77.0,22781600
2026-06-29,76.12999725341797,76.19999694824219,74.58999633789062,75.68000030517578,18075700
2026-06-30,75.38999938964844,75.93000030517578,73.88999938964844,75.44999694824219,16874800
2026-07-01,75.43000030517578,78.16000366210938,74.9800033569336,75.06999969482422,22382800
2026-07-02,77.70999908447266,79.19999694824219,76.77999877929688,78.43000030517578,29963500
2026-07-06,79.5199966430664,80.18000030517578,77.5,78.73999786376953,13977300
2026-07-07,78.3499984741211,78.79000091552734,75.12999725341797,75.76000213623047,20562000
2026-07-08,74.08999633789062,74.80999755859375,71.88999938964844,73.52999877929688,25642300
2026-07-09,75.1500015258789,76.05000305175781,74.31999969482422,75.77999877929688,16240900
2026-07-10,75.08999633789062,76.04000091552734,74.51000213623047,75.52999877929688,8140100
2026-07-13,74.0999984741211,74.63999938964844,72.83999633789062,73.37000274658203,20251200
2026-07-14,76.0999984741211,76.86000061035156,74.4800033569336,74.87999725341797,18329100
2026-07-15,74.44000244140625,75.29000091552734,72.63999938964844,74.0,14705400
2026-07-16,72.87999725341797,72.9000015258789,71.04000091552734,71.4000015258789,23823100
2026-07-17,70.4000015258789,71.93000030517578,69.73999786376953,71.31999969482422,18182100
2026-07-20,71.13999938964844,71.61000061035156,70.5199966430664,70.73999786376953,12353800
2026-07-21,72.44000244140625,74.2300033569336,72.11000061035156,74.19000244140625,18735200
2026-07-22,75.91999816894531,77.98999786376953,75.91999816894531,76.68000030517578,20428100
2026-07-23,74.44000244140625,75.36000061035156,73.8499984741211,75.0199966430664,16371400
2026-07-24,75.5,76.4800033569336,74.62000274658203,75.2300033569336,10693600
2026-07-27,76.20999908447266,76.55999755859375,74.25,75.7300033569336,11401200
2026-07-28,74.5,75.1500015258789,73.33000183105469,74.20999908447266,14266200
2026-07-29,73.94000244140625,76.02999877929688,72.18000030517578,73.56999969482422,25718800
2026-07-30,75.3499984741211,76.80999755859375,74.30000305175781,76.77999877929688,20294600
